x,y,z,px,py,pz,pw,u
-0.37866,-0.10800,0.65034,0.02472,-0.05520,-0.15402,-0.98622,0.00000
-0.37112,-0.10800,0.65034,0.02472,-0.05520,-0.15402,-0.98622,15.07568
-0.36359,-0.10800,0.65034,0.02472,-0.05520,-0.15402,-0.98622,22.60518
-0.35606,-0.10800,0.65034,0.02472,-0.05520,-0.15402,-0.98622,30.12279
-0.34855,-0.10800,0.65034,0.02472,-0.05520,-0.15402,-0.98622,37.62376
-0.34106,-0.10800,0.65034,0.02472,-0.05520,-0.15402,-0.98622,45.10334
-0.33359,-0.10800,0.65034,0.02472,-0.05520,-0.15402,-0.98622,52.55681
-0.32615,-0.10800,0.65034,0.02472,-0.05520,-0.15402,-0.98622,59.97947
-0.31875,-0.10800,0.65034,0.02472,-0.05520,-0.15402,-0.98622,67.36663
-0.31138,-0.10800,0.65034,0.02472,-0.05520,-0.15402,-0.98622,74.71361
-0.30405,-0.10800,0.65034,0.02472,-0.05520,-0.15402,-0.98622,82.01579
-0.29677,-0.10800,0.65034,0.02472,-0.05520,-0.15402,-0.98622,89.26854
-0.28955,-0.10800,0.65034,0.02472,-0.05520,-0.15402,-0.98622,96.46729
-0.28238,-0.10800,0.65034,0.02472,-0.05520,-0.15402,-0.98622,103.60749
-0.27527,-0.10800,0.65034,0.02472,-0.05520,-0.15402,-0.98622,110.68464
-0.26822,-0.10800,0.65034,0.02472,-0.05520,-0.15402,-0.98622,117.69425
-0.26125,-0.10800,0.65034,0.02472,-0.05520,-0.15402,-0.98622,124.63190
-0.25435,-0.10800,0.65034,0.02472,-0.05520,-0.15402,-0.98622,131.49322
-0.24753,-0.10800,0.65034,0.02472,-0.05520,-0.15402,-0.98622,138.27386
-0.24079,-0.10800,0.65034,0.02472,-0.05520,-0.15402,-0.98622,144.96954
-0.23413,-0.10800,0.65034,0.02472,-0.05520,-0.15402,-0.98622,151.57605
-0.22757,-0.10800,0.65034,0.02472,-0.05520,-0.15402,-0.98622,158.08919
-0.22111,-0.10800,0.65034,0.02472,-0.05520,-0.15402,-0.98622,164.50486
-0.21474,-0.10800,0.65034,0.02472,-0.05520,-0.15402,-0.98622,170.81901
-0.20848,-0.10800,0.65034,0.02472,-0.05520,-0.15402,-0.98622,177.02764
-0.20232,-0.10800,0.65034,0.02472,-0.05520,-0.15402,-0.98622,183.12685
-0.19628,-0.10800,0.65034,0.02472,-0.05520,-0.15402,-0.98622,189.11276
-0.19035,-0.10800,0.65034,0.02472,-0.05520,-0.15402,-0.98622,194.98161
-0.18454,-0.10800,0.65034,0.02472,-0.05520,-0.15402,-0.98622,200.72969
-0.17886,-0.10800,0.65034,0.02472,-0.05520,-0.15402,-0.98622,206.35336
-0.17330,-0.10800,0.65034,0.02472,-0.05520,-0.15402,-0.98622,211.84908
-0.16787,-0.10800,0.65034,0.02472,-0.05520,-0.15402,-0.98622,217.21336
-0.16257,-0.10800,0.65034,0.02472,-0.05520,-0.15402,-0.98622,222.44284
-0.15741,-0.10800,0.65034,0.02472,-0.05520,-0.15402,-0.98622,227.53419
-0.15238,-0.10800,0.65034,0.02472,-0.05520,-0.15402,-0.98622,232.48421
-0.14751,-0.10800,0.65034,0.02472,-0.05520,-0.15402,-0.98622,237.28977
-0.14277,-0.10800,0.65034,0.02472,-0.05520,-0.15402,-0.98622,241.94783
-0.13819,-0.10800,0.65034,0.02472,-0.05520,-0.15402,-0.98622,246.45545
-0.13376,-0.10800,0.65034,0.02472,-0.05520,-0.15402,-0.98622,250.80979
-0.12948,-0.10800,0.65034,0.02472,-0.05520,-0.15402,-0.98622,255.00809
-0.12536,-0.10800,0.65034,0.02472,-0.05520,-0.15402,-0.98622,259.04770
-0.12140,-0.10800,0.65034,0.02472,-0.05520,-0.15402,-0.98622,262.92608
-0.11760,-0.10800,0.65034,0.02472,-0.05520,-0.15402,-0.98622,266.64076
-0.11397,-0.10800,0.65034,0.02472,-0.05520,-0.15402,-0.98622,270.18941
-0.11051,-0.10800,0.65034,0.02472,-0.05520,-0.15402,-0.98622,273.56979
-0.10721,-0.10800,0.65034,0.02472,-0.05520,-0.15402,-0.98622,276.77975
-0.10409,-0.10800,0.65034,0.02472,-0.05520,-0.15402,-0.98622,279.81727
-0.10114,-0.10800,0.65034,0.02472,-0.05520,-0.15402,-0.98622,282.68044
-0.09836,-0.10800,0.65034,0.02472,-0.05520,-0.15402,-0.98622,285.36744
-0.09576,-0.10800,0.65034,0.02472,-0.05520,-0.15402,-0.98622,287.87657
-0.09334,-0.10800,0.65034,0.02472,-0.05520,-0.15402,-0.98622,290.20626
-0.09110,-0.10800,0.65034,0.02472,-0.05520,-0.15402,-0.98622,292.35503
-0.08905,-0.10800,0.65034,0.02472,-0.05520,-0.15402,-0.98622,294.32152
-0.08717,-0.10800,0.65034,0.02472,-0.05520,-0.15402,-0.98622,296.10449
-0.08548,-0.10800,0.65034,0.02472,-0.05520,-0.15402,-0.98622,297.70282
-0.08397,-0.10800,0.65034,0.02472,-0.05520,-0.15402,-0.98622,299.11549
-0.08265,-0.10800,0.65034,0.02472,-0.05520,-0.15402,-0.98622,300.34162
-0.08152,-0.10800,0.65034,0.02472,-0.05520,-0.15402,-0.98622,301.38042
-0.08058,-0.10800,0.65034,0.02472,-0.05520,-0.15402,-0.98622,302.23125
-0.07982,-0.10800,0.65034,0.02472,-0.05520,-0.15402,-0.98622,302.89356
-0.07925,-0.10800,0.65034,0.02472,-0.05520,-0.15402,-0.98622,303.36694
-0.07887,-0.10800,0.65034,0.02472,-0.05520,-0.15402,-0.98622,303.65109
-0.07868,-0.10800,0.65034,0.02472,-0.05520,-0.15402,-0.98622,303.74583
-0.07868,-0.10800,0.65034,0.02472,-0.05520,-0.15402,-0.98622,303.84056
-0.07887,-0.10800,0.65034,0.02472,-0.05520,-0.15402,-0.98622,304.12471
-0.07925,-0.10800,0.65034,0.02472,-0.05520,-0.15402,-0.98622,304.59809
-0.07982,-0.10800,0.65034,0.02472,-0.05520,-0.15402,-0.98622,305.26040
-0.08058,-0.10800,0.65034,0.02472,-0.05520,-0.15402,-0.98622,306.11123
-0.08152,-0.10800,0.65034,0.02472,-0.05520,-0.15402,-0.98622,307.15004
-0.08265,-0.10800,0.65034,0.02472,-0.05520,-0.15402,-0.98622,308.37616
-0.08397,-0.10800,0.65034,0.02472,-0.05520,-0.15402,-0.98622,309.78883
-0.08548,-0.10800,0.65034,0.02472,-0.05520,-0.15402,-0.98622,311.38716
-0.08717,-0.10800,0.65034,0.02472,-0.05520,-0.15402,-0.98622,313.17014
-0.08905,-0.10800,0.65034,0.02472,-0.05520,-0.15402,-0.98622,315.13663
-0.09110,-0.10800,0.65034,0.02472,-0.05520,-0.15402,-0.98622,317.28540
-0.09334,-0.10800,0.65034,0.02472,-0.05520,-0.15402,-0.98622,319.61508
-0.09576,-0.10800,0.65034,0.02472,-0.05520,-0.15402,-0.98622,322.12422
-0.09836,-0.10800,0.65034,0.02472,-0.05520,-0.15402,-0.98622,324.81122
-0.10114,-0.10800,0.65034,0.02472,-0.05520,-0.15402,-0.98622,327.67438
-0.10409,-0.10800,0.65034,0.02472,-0.05520,-0.15402,-0.98622,330.71191
-0.10721,-0.10800,0.65034,0.02472,-0.05520,-0.15402,-0.98622,333.92187
-0.11051,-0.10800,0.65034,0.02472,-0.05520,-0.15402,-0.98622,337.30224
-0.11397,-0.10800,0.65034,0.02472,-0.05520,-0.15402,-0.98622,340.85089
-0.11760,-0.10800,0.65034,0.02472,-0.05520,-0.15402,-0.98622,344.56558
-0.12140,-0.10800,0.65034,0.02472,-0.05520,-0.15402,-0.98622,348.44395
-0.12536,-0.10800,0.65034,0.02472,-0.05520,-0.15402,-0.98622,352.48357
-0.12948,-0.10800,0.65034,0.02472,-0.05520,-0.15402,-0.98622,356.68187
-0.13376,-0.10800,0.65034,0.02472,-0.05520,-0.15402,-0.98622,361.03621
-0.13819,-0.10800,0.65034,0.02472,-0.05520,-0.15402,-0.98622,365.54383
-0.14277,-0.10800,0.65034,0.02472,-0.05520,-0.15402,-0.98622,370.20189
-0.14751,-0.10800,0.65034,0.02472,-0.05520,-0.15402,-0.98622,375.00745
-0.15238,-0.10800,0.65034,0.02472,-0.05520,-0.15402,-0.98622,379.95747
-0.15741,-0.10800,0.65034,0.02472,-0.05520,-0.15402,-0.98622,385.04882
-0.16257,-0.10800,0.65034,0.02472,-0.05520,-0.15402,-0.98622,390.27829
-0.16787,-0.10800,0.65034,0.02472,-0.05520,-0.15402,-0.98622,395.64258
-0.17330,-0.10800,0.65034,0.02472,-0.05520,-0.15402,-0.98622,401.13829
-0.17886,-0.10800,0.65034,0.02472,-0.05520,-0.15402,-0.98622,406.76197
-0.18454,-0.10800,0.65034,0.02472,-0.05520,-0.15402,-0.98622,412.51004
-0.19035,-0.10800,0.65034,0.02472,-0.05520,-0.15402,-0.98622,418.37889
-0.19628,-0.10800,0.65034,0.02472,-0.05520,-0.15402,-0.98622,424.36481
-0.20232,-0.10800,0.65034,0.02472,-0.05520,-0.15402,-0.98622,430.46401
-0.20848,-0.10800,0.65034,0.02472,-0.05520,-0.15402,-0.98622,436.67265
-0.21474,-0.10800,0.65034,0.02472,-0.05520,-0.15402,-0.98622,442.98679
-0.22111,-0.10800,0.65034,0.02472,-0.05520,-0.15402,-0.98622,449.40247
-0.22757,-0.10800,0.65034,0.02472,-0.05520,-0.15402,-0.98622,455.91561
-0.23413,-0.10800,0.65034,0.02472,-0.05520,-0.15402,-0.98622,462.52211
-0.24079,-0.10800,0.65034,0.02472,-0.05520,-0.15402,-0.98622,469.21780
-0.24753,-0.10800,0.65034,0.02472,-0.05520,-0.15402,-0.98622,475.99844
-0.25435,-0.10800,0.65034,0.02472,-0.05520,-0.15402,-0.98622,482.85975
-0.26125,-0.10800,0.65034,0.02472,-0.05520,-0.15402,-0.98622,489.79741
-0.26822,-0.10800,0.65034,0.02472,-0.05520,-0.15402,-0.98622,496.80702
-0.27527,-0.10800,0.65034,0.02472,-0.05520,-0.15402,-0.98622,503.88416
-0.28238,-0.10800,0.65034,0.02472,-0.05520,-0.15402,-0.98622,511.02436
-0.28955,-0.10800,0.65034,0.02472,-0.05520,-0.15402,-0.98622,518.22311
-0.29677,-0.10800,0.65034,0.02472,-0.05520,-0.15402,-0.98622,525.47587
-0.30405,-0.10800,0.65034,0.02472,-0.05520,-0.15402,-0.98622,532.77804
-0.31138,-0.10800,0.65034,0.02472,-0.05520,-0.15402,-0.98622,540.12503
-0.31875,-0.10800,0.65034,0.02472,-0.05520,-0.15402,-0.98622,547.51218
-0.32615,-0.10800,0.65034,0.02472,-0.05520,-0.15402,-0.98622,554.93484
-0.33359,-0.10800,0.65034,0.02472,-0.05520,-0.15402,-0.98622,562.38832
-0.34106,-0.10800,0.65034,0.02472,-0.05520,-0.15402,-0.98622,569.86790
-0.34855,-0.10800,0.65034,0.02472,-0.05520,-0.15402,-0.98622,577.36886
-0.35606,-0.10800,0.65034,0.02472,-0.05520,-0.15402,-0.98622,584.88647
-0.36359,-0.10800,0.65034,0.02472,-0.05520,-0.15402,-0.98622,592.41598
-0.37112,-0.10800,0.65034,0.02472,-0.05520,-0.15402,-0.98622,599.95263
-0.37866,-0.10800,0.65034,0.02472,-0.05520,-0.15402,-0.98622,607.49166
-0.38620,-0.10800,0.65034,0.02472,-0.05520,-0.15402,-0.98622,615.02830
-0.39373,-0.10800,0.65034,0.02472,-0.05520,-0.15402,-0.98622,622.55781
-0.40126,-0.10800,0.65034,0.02472,-0.05520,-0.15402,-0.98622,630.07542
-0.40877,-0.10800,0.65034,0.02472,-0.05520,-0.15402,-0.98622,637.57638
-0.41626,-0.10800,0.65034,0.02472,-0.05520,-0.15402,-0.98622,645.05596
-0.42373,-0.10800,0.65034,0.02472,-0.05520,-0.15402,-0.98622,652.50944
-0.43117,-0.10800,0.65034,0.02472,-0.05520,-0.15402,-0.98622,659.93210
-0.43857,-0.10800,0.65034,0.02472,-0.05520,-0.15402,-0.98622,667.31925
-0.44594,-0.10800,0.65034,0.02472,-0.05520,-0.15402,-0.98622,674.66624
-0.45327,-0.10800,0.65034,0.02472,-0.05520,-0.15402,-0.98622,681.96841
-0.46055,-0.10800,0.65034,0.02472,-0.05520,-0.15402,-0.98622,689.22117
-0.46777,-0.10800,0.65034,0.02472,-0.05520,-0.15402,-0.98622,696.41992
-0.47494,-0.10800,0.65034,0.02472,-0.05520,-0.15402,-0.98622,703.56012
-0.48205,-0.10800,0.65034,0.02472,-0.05520,-0.15402,-0.98622,710.63726
-0.48910,-0.10800,0.65034,0.02472,-0.05520,-0.15402,-0.98622,717.64687
-0.49607,-0.10800,0.65034,0.02472,-0.05520,-0.15402,-0.98622,724.58453
-0.50297,-0.10800,0.65034,0.02472,-0.05520,-0.15402,-0.98622,731.44584
-0.50979,-0.10800,0.65034,0.02472,-0.05520,-0.15402,-0.98622,738.22648
-0.51653,-0.10800,0.65034,0.02472,-0.05520,-0.15402,-0.98622,744.92217
-0.52319,-0.10800,0.65034,0.02472,-0.05520,-0.15402,-0.98622,751.52867
-0.52975,-0.10800,0.65034,0.02472,-0.05520,-0.15402,-0.98622,758.04182
-0.53621,-0.10800,0.65034,0.02472,-0.05520,-0.15402,-0.98622,764.45749
-0.54258,-0.10800,0.65034,0.02472,-0.05520,-0.15402,-0.98622,770.77164
-0.54884,-0.10800,0.65034,0.02472,-0.05520,-0.15402,-0.98622,776.98027
-0.55500,-0.10800,0.65034,0.02472,-0.05520,-0.15402,-0.98622,783.07947
-0.56104,-0.10800,0.65034,0.02472,-0.05520,-0.15402,-0.98622,789.06539
-0.56697,-0.10800,0.65034,0.02472,-0.05520,-0.15402,-0.98622,794.93424
-0.57278,-0.10800,0.65034,0.02472,-0.05520,-0.15402,-0.98622,800.68232
-0.57846,-0.10800,0.65034,0.02472,-0.05520,-0.15402,-0.98622,806.30599
-0.58402,-0.10800,0.65034,0.02472,-0.05520,-0.15402,-0.98622,811.80170
-0.58945,-0.10800,0.65034,0.02472,-0.05520,-0.15402,-0.98622,817.16599
-0.59475,-0.10800,0.65034,0.02472,-0.05520,-0.15402,-0.98622,822.39546
-0.59991,-0.10800,0.65034,0.02472,-0.05520,-0.15402,-0.98622,827.48682
-0.60494,-0.10800,0.65034,0.02472,-0.05520,-0.15402,-0.98622,832.43683
-0.60981,-0.10800,0.65034,0.02472,-0.05520,-0.15402,-0.98622,837.24239
-0.61455,-0.10800,0.65034,0.02472,-0.05520,-0.15402,-0.98622,841.90045
-0.61913,-0.10800,0.65034,0.02472,-0.05520,-0.15402,-0.98622,846.40808
-0.62356,-0.10800,0.65034,0.02472,-0.05520,-0.15402,-0.98622,850.76241
-0.62784,-0.10800,0.65034,0.02472,-0.05520,-0.15402,-0.98622,854.96071
-0.63196,-0.10800,0.65034,0.02472,-0.05520,-0.15402,-0.98622,859.00033
-0.63592,-0.10800,0.65034,0.02472,-0.05520,-0.15402,-0.98622,862.87870
-0.63972,-0.10800,0.65034,0.02472,-0.05520,-0.15402,-0.98622,866.59339
-0.64335,-0.10800,0.65034,0.02472,-0.05520,-0.15402,-0.98622,870.14204
-0.64681,-0.10800,0.65034,0.02472,-0.05520,-0.15402,-0.98622,873.52241
-0.65011,-0.10800,0.65034,0.02472,-0.05520,-0.15402,-0.98622,876.73237
-0.65323,-0.10800,0.65034,0.02472,-0.05520,-0.15402,-0.98622,879.76990
-0.65618,-0.10800,0.65034,0.02472,-0.05520,-0.15402,-0.98622,882.63306
-0.65896,-0.10800,0.65034,0.02472,-0.05520,-0.15402,-0.98622,885.32006
-0.66156,-0.10800,0.65034,0.02472,-0.05520,-0.15402,-0.98622,887.82920
-0.66398,-0.10800,0.65034,0.02472,-0.05520,-0.15402,-0.98622,890.15889
-0.66622,-0.10800,0.65034,0.02472,-0.05520,-0.15402,-0.98622,892.30766
-0.66827,-0.10800,0.65034,0.02472,-0.05520,-0.15402,-0.98622,894.27415
-0.67015,-0.10800,0.65034,0.02472,-0.05520,-0.15402,-0.98622,896.05712
-0.67184,-0.10800,0.65034,0.02472,-0.05520,-0.15402,-0.98622,897.65545
-0.67335,-0.10800,0.65034,0.02472,-0.05520,-0.15402,-0.98622,899.06812
-0.67467,-0.10800,0.65034,0.02472,-0.05520,-0.15402,-0.98622,900.29425
-0.67580,-0.10800,0.65034,0.02472,-0.05520,-0.15402,-0.98622,901.33305
-0.67674,-0.10800,0.65034,0.02472,-0.05520,-0.15402,-0.98622,902.18388
-0.67750,-0.10800,0.65034,0.02472,-0.05520,-0.15402,-0.98622,902.84619
-0.67807,-0.10800,0.65034,0.02472,-0.05520,-0.15402,-0.98622,903.31957
-0.67845,-0.10800,0.65034,0.02472,-0.05520,-0.15402,-0.98622,903.60372
-0.67864,-0.10800,0.65034,0.02472,-0.05520,-0.15402,-0.98622,903.69845
-0.67864,-0.10800,0.65034,0.02472,-0.05520,-0.15402,-0.98622,903.79319
-0.67845,-0.10800,0.65034,0.02472,-0.05520,-0.15402,-0.98622,904.07734
-0.67807,-0.10800,0.65034,0.02472,-0.05520,-0.15402,-0.98622,904.55072
-0.67750,-0.10800,0.65034,0.02472,-0.05520,-0.15402,-0.98622,905.21303
-0.67674,-0.10800,0.65034,0.02472,-0.05520,-0.15402,-0.98622,906.06386
-0.67580,-0.10800,0.65034,0.02472,-0.05520,-0.15402,-0.98622,907.10266
-0.67467,-0.10800,0.65034,0.02472,-0.05520,-0.15402,-0.98622,908.32879
-0.67335,-0.10800,0.65034,0.02472,-0.05520,-0.15402,-0.98622,909.74146
-0.67184,-0.10800,0.65034,0.02472,-0.05520,-0.15402,-0.98622,911.33979
-0.67015,-0.10800,0.65034,0.02472,-0.05520,-0.15402,-0.98622,913.12276
-0.66827,-0.10800,0.65034,0.02472,-0.05520,-0.15402,-0.98622,915.08925
-0.66622,-0.10800,0.65034,0.02472,-0.05520,-0.15402,-0.98622,917.23802
-0.66398,-0.10800,0.65034,0.02472,-0.05520,-0.15402,-0.98622,919.56771
-0.66156,-0.10800,0.65034,0.02472,-0.05520,-0.15402,-0.98622,922.07685
-0.65896,-0.10800,0.65034,0.02472,-0.05520,-0.15402,-0.98622,924.76384
-0.65618,-0.10800,0.65034,0.02472,-0.05520,-0.15402,-0.98622,927.62701
-0.65323,-0.10800,0.65034,0.02472,-0.05520,-0.15402,-0.98622,930.66453
-0.65011,-0.10800,0.65034,0.02472,-0.05520,-0.15402,-0.98622,933.87450
-0.64681,-0.10800,0.65034,0.02472,-0.05520,-0.15402,-0.98622,937.25487
-0.64335,-0.10800,0.65034,0.02472,-0.05520,-0.15402,-0.98622,940.80352
-0.63972,-0.10800,0.65034,0.02472,-0.05520,-0.15402,-0.98622,944.51821
-0.63592,-0.10800,0.65034,0.02472,-0.05520,-0.15402,-0.98622,948.39658
-0.63196,-0.10800,0.65034,0.02472,-0.05520,-0.15402,-0.98622,952.43619
-0.62784,-0.10800,0.65034,0.02472,-0.05520,-0.15402,-0.98622,956.63449
-0.62356,-0.10800,0.65034,0.02472,-0.05520,-0.15402,-0.98622,960.98883
-0.61913,-0.10800,0.65034,0.02472,-0.05520,-0.15402,-0.98622,965.49645
-0.61455,-0.10800,0.65034,0.02472,-0.05520,-0.15402,-0.98622,970.15452
-0.60981,-0.10800,0.65034,0.02472,-0.05520,-0.15402,-0.98622,974.96007
-0.60494,-0.10800,0.65034,0.02472,-0.05520,-0.15402,-0.98622,979.91009
-0.59991,-0.10800,0.65034,0.02472,-0.05520,-0.15402,-0.98622,985.00145
-0.59475,-0.10800,0.65034,0.02472,-0.05520,-0.15402,-0.98622,990.23092
-0.58945,-0.10800,0.65034,0.02472,-0.05520,-0.15402,-0.98622,995.59521
-0.58402,-0.10800,0.65034,0.02472,-0.05520,-0.15402,-0.98622,1001.09092
-0.57846,-0.10800,0.65034,0.02472,-0.05520,-0.15402,-0.98622,1006.71459
-0.57278,-0.10800,0.65034,0.02472,-0.05520,-0.15402,-0.98622,1012.46267
-0.56697,-0.10800,0.65034,0.02472,-0.05520,-0.15402,-0.98622,1018.33152
-0.56104,-0.10800,0.65034,0.02472,-0.05520,-0.15402,-0.98622,1024.31743
-0.55500,-0.10800,0.65034,0.02472,-0.05520,-0.15402,-0.98622,1030.41664
-0.54884,-0.10800,0.65034,0.02472,-0.05520,-0.15402,-0.98622,1036.62527
-0.54258,-0.10800,0.65034,0.02472,-0.05520,-0.15402,-0.98622,1042.93942
-0.53621,-0.10800,0.65034,0.02472,-0.05520,-0.15402,-0.98622,1049.35509
-0.52975,-0.10800,0.65034,0.02472,-0.05520,-0.15402,-0.98622,1055.86824
-0.52319,-0.10800,0.65034,0.02472,-0.05520,-0.15402,-0.98622,1062.47474
-0.51653,-0.10800,0.65034,0.02472,-0.05520,-0.15402,-0.98622,1069.17042
-0.50979,-0.10800,0.65034,0.02472,-0.05520,-0.15402,-0.98622,1075.95107
-0.50297,-0.10800,0.65034,0.02472,-0.05520,-0.15402,-0.98622,1082.81238
-0.49607,-0.10800,0.65034,0.02472,-0.05520,-0.15402,-0.98622,1089.75003
-0.48910,-0.10800,0.65034,0.02472,-0.05520,-0.15402,-0.98622,1096.75965
-0.48205,-0.10800,0.65034,0.02472,-0.05520,-0.15402,-0.98622,1103.83679
-0.47494,-0.10800,0.65034,0.02472,-0.05520,-0.15402,-0.98622,1110.97699
-0.46777,-0.10800,0.65034,0.02472,-0.05520,-0.15402,-0.98622,1118.17574
-0.46055,-0.10800,0.65034,0.02472,-0.05520,-0.15402,-0.98622,1125.42849
-0.45327,-0.10800,0.65034,0.02472,-0.05520,-0.15402,-0.98622,1132.73067
-0.44594,-0.10800,0.65034,0.02472,-0.05520,-0.15402,-0.98622,1140.07766
-0.43857,-0.10800,0.65034,0.02472,-0.05520,-0.15402,-0.98622,1147.46481
-0.43117,-0.10800,0.65034,0.02472,-0.05520,-0.15402,-0.98622,1154.88747
-0.42373,-0.10800,0.65034,0.02472,-0.05520,-0.15402,-0.98622,1162.34094
-0.41626,-0.10800,0.65034,0.02472,-0.05520,-0.15402,-0.98622,1169.82053
-0.40877,-0.10800,0.65034,0.02472,-0.05520,-0.15402,-0.98622,1177.32149
-0.40126,-0.10800,0.65034,0.02472,-0.05520,-0.15402,-0.98622,1184.83910
-0.39373,-0.10800,0.65034,0.02472,-0.05520,-0.15402,-0.98622,1192.36861
-0.38620,-0.10800,0.65034,0.02472,-0.05520,-0.15402,-0.98622,1199.90525
-0.37866,-0.10800,0.65034,0.02472,-0.05520,-0.15402,-0.98622,1207.44428
-0.37112,-0.10800,0.65034,0.02472,-0.05520,-0.15402,-0.98622,1214.98093
-0.36359,-0.10800,0.65034,0.02472,-0.05520,-0.15402,-0.98622,1222.51044
-0.35606,-0.10800,0.65034,0.02472,-0.05520,-0.15402,-0.98622,1230.02805
-0.34855,-0.10800,0.65034,0.02472,-0.05520,-0.15402,-0.98622,1237.52901
-0.34106,-0.10800,0.65034,0.02472,-0.05520,-0.15402,-0.98622,1245.00859
-0.33359,-0.10800,0.65034,0.02472,-0.05520,-0.15402,-0.98622,1252.46206
-0.32615,-0.10800,0.65034,0.02472,-0.05520,-0.15402,-0.98622,1259.88472
-0.31875,-0.10800,0.65034,0.02472,-0.05520,-0.15402,-0.98622,1267.27188
-0.31138,-0.10800,0.65034,0.02472,-0.05520,-0.15402,-0.98622,1274.61886
-0.30405,-0.10800,0.65034,0.02472,-0.05520,-0.15402,-0.98622,1281.92104
-0.29677,-0.10800,0.65034,0.02472,-0.05520,-0.15402,-0.98622,1289.17379
-0.28955,-0.10800,0.65034,0.02472,-0.05520,-0.15402,-0.98622,1296.37255
-0.28238,-0.10800,0.65034,0.02472,-0.05520,-0.15402,-0.98622,1303.51275
-0.27527,-0.10800,0.65034,0.02472,-0.05520,-0.15402,-0.98622,1310.58989
-0.26822,-0.10800,0.65034,0.02472,-0.05520,-0.15402,-0.98622,1317.59950
-0.26125,-0.10800,0.65034,0.02472,-0.05520,-0.15402,-0.98622,1324.53715
-0.25435,-0.10800,0.65034,0.02472,-0.05520,-0.15402,-0.98622,1331.39847
-0.24753,-0.10800,0.65034,0.02472,-0.05520,-0.15402,-0.98622,1338.17911
-0.24079,-0.10800,0.65034,0.02472,-0.05520,-0.15402,-0.98622,1344.87480
-0.23413,-0.10800,0.65034,0.02472,-0.05520,-0.15402,-0.98622,1351.48130
-0.22757,-0.10800,0.65034,0.02472,-0.05520,-0.15402,-0.98622,1357.99444
-0.22111,-0.10800,0.65034,0.02472,-0.05520,-0.15402,-0.98622,1364.41011
-0.21474,-0.10800,0.65034,0.02472,-0.05520,-0.15402,-0.98622,1370.72426
-0.20848,-0.10800,0.65034,0.02472,-0.05520,-0.15402,-0.98622,1376.93290
-0.20232,-0.10800,0.65034,0.02472,-0.05520,-0.15402,-0.98622,1383.03210
-0.19628,-0.10800,0.65034,0.02472,-0.05520,-0.15402,-0.98622,1389.01802
-0.19035,-0.10800,0.65034,0.02472,-0.05520,-0.15402,-0.98622,1394.88687
-0.18454,-0.10800,0.65034,0.02472,-0.05520,-0.15402,-0.98622,1400.63494
-0.17886,-0.10800,0.65034,0.02472,-0.05520,-0.15402,-0.98622,1406.25861
-0.17330,-0.10800,0.65034,0.02472,-0.05520,-0.15402,-0.98622,1411.75433
-0.16787,-0.10800,0.65034,0.02472,-0.05520,-0.15402,-0.98622,1417.11862
-0.16257,-0.10800,0.65034,0.02472,-0.05520,-0.15402,-0.98622,1422.34809
-0.15741,-0.10800,0.65034,0.02472,-0.05520,-0.15402,-0.98622,1427.43944
-0.15238,-0.10800,0.65034,0.02472,-0.05520,-0.15402,-0.98622,1432.38946
-0.14751,-0.10800,0.65034,0.02472,-0.05520,-0.15402,-0.98622,1437.19502
-0.14277,-0.10800,0.65034,0.02472,-0.05520,-0.15402,-0.98622,1441.85308
-0.13819,-0.10800,0.65034,0.02472,-0.05520,-0.15402,-0.98622,1446.36070
-0.13376,-0.10800,0.65034,0.02472,-0.05520,-0.15402,-0.98622,1450.71504
-0.12948,-0.10800,0.65034,0.02472,-0.05520,-0.15402,-0.98622,1454.91334
-0.12536,-0.10800,0.65034,0.02472,-0.05520,-0.15402,-0.98622,1458.95295
-0.12140,-0.10800,0.65034,0.02472,-0.05520,-0.15402,-0.98622,1462.83133
-0.11760,-0.10800,0.65034,0.02472,-0.05520,-0.15402,-0.98622,1466.54601
-0.11397,-0.10800,0.65034,0.02472,-0.05520,-0.15402,-0.98622,1470.09466
-0.11051,-0.10800,0.65034,0.02472,-0.05520,-0.15402,-0.98622,1473.47504
-0.10721,-0.10800,0.65034,0.02472,-0.05520,-0.15402,-0.98622,1476.68500
-0.10409,-0.10800,0.65034,0.02472,-0.05520,-0.15402,-0.98622,1479.72252
-0.10114,-0.10800,0.65034,0.02472,-0.05520,-0.15402,-0.98622,1482.58569
-0.09836,-0.10800,0.65034,0.02472,-0.05520,-0.15402,-0.98622,1485.27269
-0.09576,-0.10800,0.65034,0.02472,-0.05520,-0.15402,-0.98622,1487.78183
-0.09334,-0.10800,0.65034,0.02472,-0.05520,-0.15402,-0.98622,1490.11151
-0.09110,-0.10800,0.65034,0.02472,-0.05520,-0.15402,-0.98622,1492.26028
-0.08905,-0.10800,0.65034,0.02472,-0.05520,-0.15402,-0.98622,1494.22677
-0.08717,-0.10800,0.65034,0.02472,-0.05520,-0.15402,-0.98622,1496.00975
-0.08548,-0.10800,0.65034,0.02472,-0.05520,-0.15402,-0.98622,1497.60807
-0.08397,-0.10800,0.65034,0.02472,-0.05520,-0.15402,-0.98622,1499.02075
-0.08265,-0.10800,0.65034,0.02472,-0.05520,-0.15402,-0.98622,1500.24687
-0.08152,-0.10800,0.65034,0.02472,-0.05520,-0.15402,-0.98622,1501.28568
-0.08058,-0.10800,0.65034,0.02472,-0.05520,-0.15402,-0.98622,1502.13651
-0.07982,-0.10800,0.65034,0.02472,-0.05520,-0.15402,-0.98622,1502.79882
-0.07925,-0.10800,0.65034,0.02472,-0.05520,-0.15402,-0.98622,1503.27220
-0.07887,-0.10800,0.65034,0.02472,-0.05520,-0.15402,-0.98622,1503.55634
-0.07868,-0.10800,0.65034,0.02472,-0.05520,-0.15402,-0.98622,1503.65108
-0.07868,-0.10800,0.65034,0.02472,-0.05520,-0.15402,-0.98622,1503.74582
-0.07887,-0.10800,0.65034,0.02472,-0.05520,-0.15402,-0.98622,1504.02996
-0.07925,-0.10800,0.65034,0.02472,-0.05520,-0.15402,-0.98622,1504.50334
-0.07982,-0.10800,0.65034,0.02472,-0.05520,-0.15402,-0.98622,1505.16566
-0.08058,-0.10800,0.65034,0.02472,-0.05520,-0.15402,-0.98622,1506.01648
-0.08152,-0.10800,0.65034,0.02472,-0.05520,-0.15402,-0.98622,1507.05529
-0.08265,-0.10800,0.65034,0.02472,-0.05520,-0.15402,-0.98622,1508.28141
-0.08397,-0.10800,0.65034,0.02472,-0.05520,-0.15402,-0.98622,1509.69409
-0.08548,-0.10800,0.65034,0.02472,-0.05520,-0.15402,-0.98622,1511.29242
-0.08717,-0.10800,0.65034,0.02472,-0.05520,-0.15402,-0.98622,1513.07539
-0.08905,-0.10800,0.65034,0.02472,-0.05520,-0.15402,-0.98622,1515.04188
-0.09110,-0.10800,0.65034,0.02472,-0.05520,-0.15402,-0.98622,1517.19065
-0.09334,-0.10800,0.65034,0.02472,-0.05520,-0.15402,-0.98622,1519.52034
-0.09576,-0.10800,0.65034,0.02472,-0.05520,-0.15402,-0.98622,1522.02947
-0.09836,-0.10800,0.65034,0.02472,-0.05520,-0.15402,-0.98622,1524.71647
-0.10114,-0.10800,0.65034,0.02472,-0.05520,-0.15402,-0.98622,1527.57964
-0.10409,-0.10800,0.65034,0.02472,-0.05520,-0.15402,-0.98622,1530.61716
-0.10721,-0.10800,0.65034,0.02472,-0.05520,-0.15402,-0.98622,1533.82712
-0.11051,-0.10800,0.65034,0.02472,-0.05520,-0.15402,-0.98622,1537.20750
-0.11397,-0.10800,0.65034,0.02472,-0.05520,-0.15402,-0.98622,1540.75615
-0.11760,-0.10800,0.65034,0.02472,-0.05520,-0.15402,-0.98622,1544.47083
-0.12140,-0.10800,0.65034,0.02472,-0.05520,-0.15402,-0.98622,1548.34921
-0.12536,-0.10800,0.65034,0.02472,-0.05520,-0.15402,-0.98622,1552.38882
-0.12948,-0.10800,0.65034,0.02472,-0.05520,-0.15402,-0.98622,1556.58712
-0.13376,-0.10800,0.65034,0.02472,-0.05520,-0.15402,-0.98622,1560.94146
-0.13819,-0.10800,0.65034,0.02472,-0.05520,-0.15402,-0.98622,1565.44908
-0.14277,-0.10800,0.65034,0.02472,-0.05520,-0.15402,-0.98622,1570.10714
-0.14751,-0.10800,0.65034,0.02472,-0.05520,-0.15402,-0.98622,1574.91270
-0.15238,-0.10800,0.65034,0.02472,-0.05520,-0.15402,-0.98622,1579.86272
-0.15741,-0.10800,0.65034,0.02472,-0.05520,-0.15402,-0.98622,1584.95407
-0.16257,-0.10800,0.65034,0.02472,-0.05520,-0.15402,-0.98622,1590.18354
-0.16787,-0.10800,0.65034,0.02472,-0.05520,-0.15402,-0.98622,1595.54783
-0.17330,-0.10800,0.65034,0.02472,-0.05520,-0.15402,-0.98622,1601.04355
-0.17886,-0.10800,0.65034,0.02472,-0.05520,-0.15402,-0.98622,1606.66722
-0.18454,-0.10800,0.65034,0.02472,-0.05520,-0.15402,-0.98622,1612.41530
-0.19035,-0.10800,0.65034,0.02472,-0.05520,-0.15402,-0.98622,1618.28415
-0.19628,-0.10800,0.65034,0.02472,-0.05520,-0.15402,-0.98622,1624.27006
-0.20232,-0.10800,0.65034,0.02472,-0.05520,-0.15402,-0.98622,1630.36926
-0.20848,-0.10800,0.65034,0.02472,-0.05520,-0.15402,-0.98622,1636.57790
-0.21474,-0.10800,0.65034,0.02472,-0.05520,-0.15402,-0.98622,1642.89205
-0.22111,-0.10800,0.65034,0.02472,-0.05520,-0.15402,-0.98622,1649.30772
-0.22757,-0.10800,0.65034,0.02472,-0.05520,-0.15402,-0.98622,1655.82086
-0.23413,-0.10800,0.65034,0.02472,-0.05520,-0.15402,-0.98622,1662.42736
-0.24079,-0.10800,0.65034,0.02472,-0.05520,-0.15402,-0.98622,1669.12305
-0.24753,-0.10800,0.65034,0.02472,-0.05520,-0.15402,-0.98622,1675.90369
-0.25435,-0.10800,0.65034,0.02472,-0.05520,-0.15402,-0.98622,1682.76501
-0.26125,-0.10800,0.65034,0.02472,-0.05520,-0.15402,-0.98622,1689.70266
-0.26822,-0.10800,0.65034,0.02472,-0.05520,-0.15402,-0.98622,1696.71227
-0.27527,-0.10800,0.65034,0.02472,-0.05520,-0.15402,-0.98622,1703.78941
-0.28238,-0.10800,0.65034,0.02472,-0.05520,-0.15402,-0.98622,1710.92962
-0.28955,-0.10800,0.65034,0.02472,-0.05520,-0.15402,-0.98622,1718.12837
-0.29677,-0.10800,0.65034,0.02472,-0.05520,-0.15402,-0.98622,1725.38112
-0.30405,-0.10800,0.65034,0.02472,-0.05520,-0.15402,-0.98622,1732.68330
-0.31138,-0.10800,0.65034,0.02472,-0.05520,-0.15402,-0.98622,1740.03028
-0.31875,-0.10800,0.65034,0.02472,-0.05520,-0.15402,-0.98622,1747.41744
-0.32615,-0.10800,0.65034,0.02472,-0.05520,-0.15402,-0.98622,1754.84010
-0.33359,-0.10800,0.65034,0.02472,-0.05520,-0.15402,-0.98622,1762.29357
-0.34106,-0.10800,0.65034,0.02472,-0.05520,-0.15402,-0.98622,1769.77315
-0.34855,-0.10800,0.65034,0.02472,-0.05520,-0.15402,-0.98622,1777.27412
-0.35606,-0.10800,0.65034,0.02472,-0.05520,-0.15402,-0.98622,1784.79173
-0.36359,-0.10800,0.65034,0.02472,-0.05520,-0.15402,-0.98622,1792.32123
-0.37112,-0.10800,0.65034,0.02472,-0.05520,-0.15402,-0.98622,1799.85788
-0.37866,-0.10800,0.65034,0.02472,-0.05520,-0.15402,-0.98622,1807.39691
-0.38620,-0.10800,0.65034,0.02472,-0.05520,-0.15402,-0.98622,1814.93356
-0.39373,-0.10800,0.65034,0.02472,-0.05520,-0.15402,-0.98622,1822.46306
-0.40126,-0.10800,0.65034,0.02472,-0.05520,-0.15402,-0.98622,1829.98067
-0.40877,-0.10800,0.65034,0.02472,-0.05520,-0.15402,-0.98622,1837.48164
-0.41626,-0.10800,0.65034,0.02472,-0.05520,-0.15402,-0.98622,1844.96122
-0.42373,-0.10800,0.65034,0.02472,-0.05520,-0.15402,-0.98622,1852.41469
-0.43117,-0.10800,0.65034,0.02472,-0.05520,-0.15402,-0.98622,1859.83735
-0.43857,-0.10800,0.65034,0.02472,-0.05520,-0.15402,-0.98622,1867.22451
-0.44594,-0.10800,0.65034,0.02472,-0.05520,-0.15402,-0.98622,1874.57149
-0.45327,-0.10800,0.65034,0.02472,-0.05520,-0.15402,-0.98622,1881.87367
-0.46055,-0.10800,0.65034,0.02472,-0.05520,-0.15402,-0.98622,1889.12642
-0.46777,-0.10800,0.65034,0.02472,-0.05520,-0.15402,-0.98622,1896.32517
-0.47494,-0.10800,0.65034,0.02472,-0.05520,-0.15402,-0.98622,1903.46537
-0.48205,-0.10800,0.65034,0.02472,-0.05520,-0.15402,-0.98622,1910.54252
-0.48910,-0.10800,0.65034,0.02472,-0.05520,-0.15402,-0.98622,1917.55213
-0.49607,-0.10800,0.65034,0.02472,-0.05520,-0.15402,-0.98622,1924.48978
-0.50297,-0.10800,0.65034,0.02472,-0.05520,-0.15402,-0.98622,1931.35110
-0.50979,-0.10800,0.65034,0.02472,-0.05520,-0.15402,-0.98622,1938.13174
-0.51653,-0.10800,0.65034,0.02472,-0.05520,-0.15402,-0.98622,1944.82742
-0.52319,-0.10800,0.65034,0.02472,-0.05520,-0.15402,-0.98622,1951.43393
-0.52975,-0.10800,0.65034,0.02472,-0.05520,-0.15402,-0.98622,1957.94707
-0.53621,-0.10800,0.65034,0.02472,-0.05520,-0.15402,-0.98622,1964.36274
-0.54258,-0.10800,0.65034,0.02472,-0.05520,-0.15402,-0.98622,1970.67689
-0.54884,-0.10800,0.65034,0.02472,-0.05520,-0.15402,-0.98622,1976.88552
-0.55500,-0.10800,0.65034,0.02472,-0.05520,-0.15402,-0.98622,1982.98473
-0.56104,-0.10800,0.65034,0.02472,-0.05520,-0.15402,-0.98622,1988.97064
-0.56697,-0.10800,0.65034,0.02472,-0.05520,-0.15402,-0.98622,1994.83949
-0.57278,-0.10800,0.65034,0.02472,-0.05520,-0.15402,-0.98622,2000.58757
-0.57846,-0.10800,0.65034,0.02472,-0.05520,-0.15402,-0.98622,2006.21124
-0.58402,-0.10800,0.65034,0.02472,-0.05520,-0.15402,-0.98622,2011.70696
-0.58945,-0.10800,0.65034,0.02472,-0.05520,-0.15402,-0.98622,2017.07124
-0.59475,-0.10800,0.65034,0.02472,-0.05520,-0.15402,-0.98622,2022.30072
-0.59991,-0.10800,0.65034,0.02472,-0.05520,-0.15402,-0.98622,2027.39207
-0.60494,-0.10800,0.65034,0.02472,-0.05520,-0.15402,-0.98622,2032.34209
-0.60981,-0.10800,0.65034,0.02472,-0.05520,-0.15402,-0.98622,2037.14765
-0.61455,-0.10800,0.65034,0.02472,-0.05520,-0.15402,-0.98622,2041.80571
-0.61913,-0.10800,0.65034,0.02472,-0.05520,-0.15402,-0.98622,2046.31333
-0.62356,-0.10800,0.65034,0.02472,-0.05520,-0.15402,-0.98622,2050.66767
-0.62784,-0.10800,0.65034,0.02472,-0.05520,-0.15402,-0.98622,2054.86597
-0.63196,-0.10800,0.65034,0.02472,-0.05520,-0.15402,-0.98622,2058.90558
-0.63592,-0.10800,0.65034,0.02472,-0.05520,-0.15402,-0.98622,2062.78396
-0.63972,-0.10800,0.65034,0.02472,-0.05520,-0.15402,-0.98622,2066.49864
-0.64335,-0.10800,0.65034,0.02472,-0.05520,-0.15402,-0.98622,2070.04729
-0.64681,-0.10800,0.65034,0.02472,-0.05520,-0.15402,-0.98622,2073.42767
-0.65011,-0.10800,0.65034,0.02472,-0.05520,-0.15402,-0.98622,2076.63763
-0.65323,-0.10800,0.65034,0.02472,-0.05520,-0.15402,-0.98622,2079.67515
-0.65618,-0.10800,0.65034,0.02472,-0.05520,-0.15402,-0.98622,2082.53832
-0.65896,-0.10800,0.65034,0.02472,-0.05520,-0.15402,-0.98622,2085.22532
-0.66156,-0.10800,0.65034,0.02472,-0.05520,-0.15402,-0.98622,2087.73445
-0.66398,-0.10800,0.65034,0.02472,-0.05520,-0.15402,-0.98622,2090.06414
-0.66622,-0.10800,0.65034,0.02472,-0.05520,-0.15402,-0.98622,2092.21291
-0.66827,-0.10800,0.65034,0.02472,-0.05520,-0.15402,-0.98622,2094.17940
-0.67015,-0.10800,0.65034,0.02472,-0.05520,-0.15402,-0.98622,2095.96237
-0.67184,-0.10800,0.65034,0.02472,-0.05520,-0.15402,-0.98622,2097.56070
-0.67335,-0.10800,0.65034,0.02472,-0.05520,-0.15402,-0.98622,2098.97337
-0.67467,-0.10800,0.65034,0.02472,-0.05520,-0.15402,-0.98622,2100.19950
-0.67580,-0.10800,0.65034,0.02472,-0.05520,-0.15402,-0.98622,2101.23830
-0.67674,-0.10800,0.65034,0.02472,-0.05520,-0.15402,-0.98622,2102.08913
-0.67750,-0.10800,0.65034,0.02472,-0.05520,-0.15402,-0.98622,2102.75144
-0.67807,-0.10800,0.65034,0.02472,-0.05520,-0.15402,-0.98622,2103.22482
-0.67845,-0.10800,0.65034,0.02472,-0.05520,-0.15402,-0.98622,2103.50897
-0.67864,-0.10800,0.65034,0.02472,-0.05520,-0.15402,-0.98622,2103.60371
-0.67864,-0.10800,0.65034,0.02472,-0.05520,-0.15402,-0.98622,2103.69844
-0.67845,-0.10800,0.65034,0.02472,-0.05520,-0.15402,-0.98622,2103.98259
-0.67807,-0.10800,0.65034,0.02472,-0.05520,-0.15402,-0.98622,2104.45597
-0.67750,-0.10800,0.65034,0.02472,-0.05520,-0.15402,-0.98622,2105.11828
-0.67674,-0.10800,0.65034,0.02472,-0.05520,-0.15402,-0.98622,2105.96911
-0.67580,-0.10800,0.65034,0.02472,-0.05520,-0.15402,-0.98622,2107.00791
-0.67467,-0.10800,0.65034,0.02472,-0.05520,-0.15402,-0.98622,2108.23404
-0.67335,-0.10800,0.65034,0.02472,-0.05520,-0.15402,-0.98622,2109.64671
-0.67184,-0.10800,0.65034,0.02472,-0.05520,-0.15402,-0.98622,2111.24504
-0.67015,-0.10800,0.65034,0.02472,-0.05520,-0.15402,-0.98622,2113.02801
-0.66827,-0.10800,0.65034,0.02472,-0.05520,-0.15402,-0.98622,2114.99451
-0.66622,-0.10800,0.65034,0.02472,-0.05520,-0.15402,-0.98622,2117.14327
-0.66398,-0.10800,0.65034,0.02472,-0.05520,-0.15402,-0.98622,2119.47296
-0.66156,-0.10800,0.65034,0.02472,-0.05520,-0.15402,-0.98622,2121.98210
-0.65896,-0.10800,0.65034,0.02472,-0.05520,-0.15402,-0.98622,2124.66910
-0.65618,-0.10800,0.65034,0.02472,-0.05520,-0.15402,-0.98622,2127.53226
-0.65323,-0.10800,0.65034,0.02472,-0.05520,-0.15402,-0.98622,2130.56979
-0.65011,-0.10800,0.65034,0.02472,-0.05520,-0.15402,-0.98622,2133.77975
-0.64681,-0.10800,0.65034,0.02472,-0.05520,-0.15402,-0.98622,2137.16012
-0.64335,-0.10800,0.65034,0.02472,-0.05520,-0.15402,-0.98622,2140.70877
-0.63972,-0.10800,0.65034,0.02472,-0.05520,-0.15402,-0.98622,2144.42346
-0.63592,-0.10800,0.65034,0.02472,-0.05520,-0.15402,-0.98622,2148.30183
-0.63196,-0.10800,0.65034,0.02472,-0.05520,-0.15402,-0.98622,2152.34145
-0.62784,-0.10800,0.65034,0.02472,-0.05520,-0.15402,-0.98622,2156.53975
-0.62356,-0.10800,0.65034,0.02472,-0.05520,-0.15402,-0.98622,2160.89409
-0.61913,-0.10800,0.65034,0.02472,-0.05520,-0.15402,-0.98622,2165.40171
-0.61455,-0.10800,0.65034,0.02472,-0.05520,-0.15402,-0.98622,2170.05977
-0.60981,-0.10800,0.65034,0.02472,-0.05520,-0.15402,-0.98622,2174.86533
-0.60494,-0.10800,0.65034,0.02472,-0.05520,-0.15402,-0.98622,2179.81535
-0.59991,-0.10800,0.65034,0.02472,-0.05520,-0.15402,-0.98622,2184.90670
-0.59475,-0.10800,0.65034,0.02472,-0.05520,-0.15402,-0.98622,2190.13617
-0.58945,-0.10800,0.65034,0.02472,-0.05520,-0.15402,-0.98622,2195.50046
-0.58402,-0.10800,0.65034,0.02472,-0.05520,-0.15402,-0.98622,2200.99617
-0.57846,-0.10800,0.65034,0.02472,-0.05520,-0.15402,-0.98622,2206.61985
-0.57278,-0.10800,0.65034,0.02472,-0.05520,-0.15402,-0.98622,2212.36792
-0.56697,-0.10800,0.65034,0.02472,-0.05520,-0.15402,-0.98622,2218.23677
-0.56104,-0.10800,0.65034,0.02472,-0.05520,-0.15402,-0.98622,2224.22269
-0.55500,-0.10800,0.65034,0.02472,-0.05520,-0.15402,-0.98622,2230.32189
-0.54884,-0.10800,0.65034,0.02472,-0.05520,-0.15402,-0.98622,2236.53053
-0.54258,-0.10800,0.65034,0.02472,-0.05520,-0.15402,-0.98622,2242.84467
-0.53621,-0.10800,0.65034,0.02472,-0.05520,-0.15402,-0.98622,2249.26035
-0.52975,-0.10800,0.65034,0.02472,-0.05520,-0.15402,-0.98622,2255.77349
-0.52319,-0.10800,0.65034,0.02472,-0.05520,-0.15402,-0.98622,2262.37999
-0.51653,-0.10800,0.65034,0.02472,-0.05520,-0.15402,-0.98622,2269.07568
-0.50979,-0.10800,0.65034,0.02472,-0.05520,-0.15402,-0.98622,2275.85632
-0.50297,-0.10800,0.65034,0.02472,-0.05520,-0.15402,-0.98622,2282.71763
-0.49607,-0.10800,0.65034,0.02472,-0.05520,-0.15402,-0.98622,2289.65529
-0.48910,-0.10800,0.65034,0.02472,-0.05520,-0.15402,-0.98622,2296.66490
-0.48205,-0.10800,0.65034,0.02472,-0.05520,-0.15402,-0.98622,2303.74204
-0.47494,-0.10800,0.65034,0.02472,-0.05520,-0.15402,-0.98622,2310.88224
-0.46777,-0.10800,0.65034,0.02472,-0.05520,-0.15402,-0.98622,2318.08099
-0.46055,-0.10800,0.65034,0.02472,-0.05520,-0.15402,-0.98622,2325.33375
-0.45327,-0.10800,0.65034,0.02472,-0.05520,-0.15402,-0.98622,2332.63592
-0.44594,-0.10800,0.65034,0.02472,-0.05520,-0.15402,-0.98622,2339.98291
-0.43857,-0.10800,0.65034,0.02472,-0.05520,-0.15402,-0.98622,2347.37006
-0.43117,-0.10800,0.65034,0.02472,-0.05520,-0.15402,-0.98622,2354.79272
-0.42373,-0.10800,0.65034,0.02472,-0.05520,-0.15402,-0.98622,2362.24620
-0.41626,-0.10800,0.65034,0.02472,-0.05520,-0.15402,-0.98622,2369.72578
-0.40877,-0.10800,0.65034,0.02472,-0.05520,-0.15402,-0.98622,2377.22674
-0.40126,-0.10800,0.65034,0.02472,-0.05520,-0.15402,-0.98622,2384.74435
-0.39373,-0.10800,0.65034,0.02472,-0.05520,-0.15402,-0.98622,2392.27386
-0.38620,-0.10800,0.65034,0.02472,-0.05520,-0.15402,-0.98622,2399.81051
-0.37866,-0.10800,0.65034,0.02472,-0.05520,-0.15402,-0.98622,2407.34953
-0.37112,-0.10800,0.65034,0.02472,-0.05520,-0.15402,-0.98622,2414.88618
-0.36359,-0.10800,0.65034,0.02472,-0.05520,-0.15402,-0.98622,2422.41569
-0.35606,-0.10800,0.65034,0.02472,-0.05520,-0.15402,-0.98622,2429.93330
-0.34855,-0.10800,0.65034,0.02472,-0.05520,-0.15402,-0.98622,2437.43426
-0.34106,-0.10800,0.65034,0.02472,-0.05520,-0.15402,-0.98622,2444.91384
-0.33359,-0.10800,0.65034,0.02472,-0.05520,-0.15402,-0.98622,2452.36732
-0.32615,-0.10800,0.65034,0.02472,-0.05520,-0.15402,-0.98622,2459.78998
-0.31875,-0.10800,0.65034,0.02472,-0.05520,-0.15402,-0.98622,2467.17713
-0.31138,-0.10800,0.65034,0.02472,-0.05520,-0.15402,-0.98622,2474.52412
-0.30405,-0.10800,0.65034,0.02472,-0.05520,-0.15402,-0.98622,2481.82629
-0.29677,-0.10800,0.65034,0.02472,-0.05520,-0.15402,-0.98622,2489.07905
-0.28955,-0.10800,0.65034,0.02472,-0.05520,-0.15402,-0.98622,2496.27780
-0.28238,-0.10800,0.65034,0.02472,-0.05520,-0.15402,-0.98622,2503.41800
-0.27527,-0.10800,0.65034,0.02472,-0.05520,-0.15402,-0.98622,2510.49514
-0.26822,-0.10800,0.65034,0.02472,-0.05520,-0.15402,-0.98622,2517.50475
-0.26125,-0.10800,0.65034,0.02472,-0.05520,-0.15402,-0.98622,2524.44241
-0.25435,-0.10800,0.65034,0.02472,-0.05520,-0.15402,-0.98622,2531.30372
-0.24753,-0.10800,0.65034,0.02472,-0.05520,-0.15402,-0.98622,2538.08436
-0.24079,-0.10800,0.65034,0.02472,-0.05520,-0.15402,-0.98622,2544.78005
-0.23413,-0.10800,0.65034,0.02472,-0.05520,-0.15402,-0.98622,2551.38655
-0.22757,-0.10800,0.65034,0.02472,-0.05520,-0.15402,-0.98622,2557.89970
-0.22111,-0.10800,0.65034,0.02472,-0.05520,-0.15402,-0.98622,2564.31537
-0.21474,-0.10800,0.65034,0.02472,-0.05520,-0.15402,-0.98622,2570.62951
-0.20848,-0.10800,0.65034,0.02472,-0.05520,-0.15402,-0.98622,2576.83815
-0.20232,-0.10800,0.65034,0.02472,-0.05520,-0.15402,-0.98622,2582.93735
-0.19628,-0.10800,0.65034,0.02472,-0.05520,-0.15402,-0.98622,2588.92327
-0.19035,-0.10800,0.65034,0.02472,-0.05520,-0.15402,-0.98622,2594.79212
-0.18454,-0.10800,0.65034,0.02472,-0.05520,-0.15402,-0.98622,2600.54019
-0.17886,-0.10800,0.65034,0.02472,-0.05520,-0.15402,-0.98622,2606.16387
-0.17330,-0.10800,0.65034,0.02472,-0.05520,-0.15402,-0.98622,2611.65958
-0.16787,-0.10800,0.65034,0.02472,-0.05520,-0.15402,-0.98622,2617.02387
-0.16257,-0.10800,0.65034,0.02472,-0.05520,-0.15402,-0.98622,2622.25334
-0.15741,-0.10800,0.65034,0.02472,-0.05520,-0.15402,-0.98622,2627.34470
-0.15238,-0.10800,0.65034,0.02472,-0.05520,-0.15402,-0.98622,2632.29471
-0.14751,-0.10800,0.65034,0.02472,-0.05520,-0.15402,-0.98622,2637.10027
-0.14277,-0.10800,0.65034,0.02472,-0.05520,-0.15402,-0.98622,2641.75833
-0.13819,-0.10800,0.65034,0.02472,-0.05520,-0.15402,-0.98622,2646.26596
-0.13376,-0.10800,0.65034,0.02472,-0.05520,-0.15402,-0.98622,2650.62029
-0.12948,-0.10800,0.65034,0.02472,-0.05520,-0.15402,-0.98622,2654.81859
-0.12536,-0.10800,0.65034,0.02472,-0.05520,-0.15402,-0.98622,2658.85821
-0.12140,-0.10800,0.65034,0.02472,-0.05520,-0.15402,-0.98622,2662.73658
-0.11760,-0.10800,0.65034,0.02472,-0.05520,-0.15402,-0.98622,2666.45127
-0.11397,-0.10800,0.65034,0.02472,-0.05520,-0.15402,-0.98622,2669.99992
-0.11051,-0.10800,0.65034,0.02472,-0.05520,-0.15402,-0.98622,2673.38029
-0.10721,-0.10800,0.65034,0.02472,-0.05520,-0.15402,-0.98622,2676.59025
-0.10409,-0.10800,0.65034,0.02472,-0.05520,-0.15402,-0.98622,2679.62778
-0.10114,-0.10800,0.65034,0.02472,-0.05520,-0.15402,-0.98622,2682.49094
-0.09836,-0.10800,0.65034,0.02472,-0.05520,-0.15402,-0.98622,2685.17794
-0.09576,-0.10800,0.65034,0.02472,-0.05520,-0.15402,-0.98622,2687.68708
-0.09334,-0.10800,0.65034,0.02472,-0.05520,-0.15402,-0.98622,2690.01677
-0.09110,-0.10800,0.65034,0.02472,-0.05520,-0.15402,-0.98622,2692.16553
-0.08905,-0.10800,0.65034,0.02472,-0.05520,-0.15402,-0.98622,2694.13203
-0.08717,-0.10800,0.65034,0.02472,-0.05520,-0.15402,-0.98622,2695.91500
-0.08548,-0.10800,0.65034,0.02472,-0.05520,-0.15402,-0.98622,2697.51333
-0.08397,-0.10800,0.65034,0.02472,-0.05520,-0.15402,-0.98622,2698.92600
-0.08265,-0.10800,0.65034,0.02472,-0.05520,-0.15402,-0.98622,2700.15213
-0.08152,-0.10800,0.65034,0.02472,-0.05520,-0.15402,-0.98622,2701.19093
-0.08058,-0.10800,0.65034,0.02472,-0.05520,-0.15402,-0.98622,2702.04176
-0.07982,-0.10800,0.65034,0.02472,-0.05520,-0.15402,-0.98622,2702.70407
-0.07925,-0.10800,0.65034,0.02472,-0.05520,-0.15402,-0.98622,2703.17745
-0.07887,-0.10800,0.65034,0.02472,-0.05520,-0.15402,-0.98622,2703.46160
-0.07868,-0.10800,0.65034,0.02472,-0.05520,-0.15402,-0.98622,2703.55633
-0.07868,-0.10800,0.65034,0.02472,-0.05520,-0.15402,-0.98622,2703.65107
-0.07887,-0.10800,0.65034,0.02472,-0.05520,-0.15402,-0.98622,2703.93522
-0.07925,-0.10800,0.65034,0.02472,-0.05520,-0.15402,-0.98622,2704.40860
-0.07982,-0.10800,0.65034,0.02472,-0.05520,-0.15402,-0.98622,2705.07091
-0.08058,-0.10800,0.65034,0.02472,-0.05520,-0.15402,-0.98622,2705.92174
-0.08152,-0.10800,0.65034,0.02472,-0.05520,-0.15402,-0.98622,2706.96054
-0.08265,-0.10800,0.65034,0.02472,-0.05520,-0.15402,-0.98622,2708.18667
-0.08397,-0.10800,0.65034,0.02472,-0.05520,-0.15402,-0.98622,2709.59934
-0.08548,-0.10800,0.65034,0.02472,-0.05520,-0.15402,-0.98622,2711.19767
-0.08717,-0.10800,0.65034,0.02472,-0.05520,-0.15402,-0.98622,2712.98064
-0.08905,-0.10800,0.65034,0.02472,-0.05520,-0.15402,-0.98622,2714.94713
-0.09110,-0.10800,0.65034,0.02472,-0.05520,-0.15402,-0.98622,2717.09590
-0.09334,-0.10800,0.65034,0.02472,-0.05520,-0.15402,-0.98622,2719.42559
-0.09576,-0.10800,0.65034,0.02472,-0.05520,-0.15402,-0.98622,2721.93473
-0.09836,-0.10800,0.65034,0.02472,-0.05520,-0.15402,-0.98622,2724.62172
-0.10114,-0.10800,0.65034,0.02472,-0.05520,-0.15402,-0.98622,2727.48489
-0.10409,-0.10800,0.65034,0.02472,-0.05520,-0.15402,-0.98622,2730.52241
-0.10721,-0.10800,0.65034,0.02472,-0.05520,-0.15402,-0.98622,2733.73238
-0.11051,-0.10800,0.65034,0.02472,-0.05520,-0.15402,-0.98622,2737.11275
-0.11397,-0.10800,0.65034,0.02472,-0.05520,-0.15402,-0.98622,2740.66140
-0.11760,-0.10800,0.65034,0.02472,-0.05520,-0.15402,-0.98622,2744.37609
-0.12140,-0.10800,0.65034,0.02472,-0.05520,-0.15402,-0.98622,2748.25446
-0.12536,-0.10800,0.65034,0.02472,-0.05520,-0.15402,-0.98622,2752.29407
-0.12948,-0.10800,0.65034,0.02472,-0.05520,-0.15402,-0.98622,2756.49237
-0.13376,-0.10800,0.65034,0.02472,-0.05520,-0.15402,-0.98622,2760.84671
-0.13819,-0.10800,0.65034,0.02472,-0.05520,-0.15402,-0.98622,2765.35433
-0.14277,-0.10800,0.65034,0.02472,-0.05520,-0.15402,-0.98622,2770.01240
-0.14751,-0.10800,0.65034,0.02472,-0.05520,-0.15402,-0.98622,2774.81795
-0.15238,-0.10800,0.65034,0.02472,-0.05520,-0.15402,-0.98622,2779.76797
-0.15741,-0.10800,0.65034,0.02472,-0.05520,-0.15402,-0.98622,2784.85933
-0.16257,-0.10800,0.65034,0.02472,-0.05520,-0.15402,-0.98622,2790.08880
-0.16787,-0.10800,0.65034,0.02472,-0.05520,-0.15402,-0.98622,2795.45309
-0.17330,-0.10800,0.65034,0.02472,-0.05520,-0.15402,-0.98622,2800.94880
-0.17886,-0.10800,0.65034,0.02472,-0.05520,-0.15402,-0.98622,2806.57247
-0.18454,-0.10800,0.65034,0.02472,-0.05520,-0.15402,-0.98622,2812.32055
-0.19035,-0.10800,0.65034,0.02472,-0.05520,-0.15402,-0.98622,2818.18940
-0.19628,-0.10800,0.65034,0.02472,-0.05520,-0.15402,-0.98622,2824.17531
-0.20232,-0.10800,0.65034,0.02472,-0.05520,-0.15402,-0.98622,2830.27452
-0.20848,-0.10800,0.65034,0.02472,-0.05520,-0.15402,-0.98622,2836.48315
-0.21474,-0.10800,0.65034,0.02472,-0.05520,-0.15402,-0.98622,2842.79730
-0.22111,-0.10800,0.65034,0.02472,-0.05520,-0.15402,-0.98622,2849.21297
-0.22757,-0.10800,0.65034,0.02472,-0.05520,-0.15402,-0.98622,2855.72612
-0.23413,-0.10800,0.65034,0.02472,-0.05520,-0.15402,-0.98622,2862.33262
-0.24079,-0.10800,0.65034,0.02472,-0.05520,-0.15402,-0.98622,2869.02830
-0.24753,-0.10800,0.65034,0.02472,-0.05520,-0.15402,-0.98622,2875.80894
-0.25435,-0.10800,0.65034,0.02472,-0.05520,-0.15402,-0.98622,2882.67026
-0.26125,-0.10800,0.65034,0.02472,-0.05520,-0.15402,-0.98622,2889.60791
-0.26822,-0.10800,0.65034,0.02472,-0.05520,-0.15402,-0.98622,2896.61753
-0.27527,-0.10800,0.65034,0.02472,-0.05520,-0.15402,-0.98622,2903.69467
-0.28238,-0.10800,0.65034,0.02472,-0.05520,-0.15402,-0.98622,2910.83487
-0.28955,-0.10800,0.65034,0.02472,-0.05520,-0.15402,-0.98622,2918.03362
-0.29677,-0.10800,0.65034,0.02472,-0.05520,-0.15402,-0.98622,2925.28637
-0.30405,-0.10800,0.65034,0.02472,-0.05520,-0.15402,-0.98622,2932.58855
-0.31138,-0.10800,0.65034,0.02472,-0.05520,-0.15402,-0.98622,2939.93554
-0.31875,-0.10800,0.65034,0.02472,-0.05520,-0.15402,-0.98622,2947.32269
-0.32615,-0.10800,0.65034,0.02472,-0.05520,-0.15402,-0.98622,2954.74535
-0.33359,-0.10800,0.65034,0.02472,-0.05520,-0.15402,-0.98622,2962.19882
-0.34106,-0.10800,0.65034,0.02472,-0.05520,-0.15402,-0.98622,2969.67840
-0.34855,-0.10800,0.65034,0.02472,-0.05520,-0.15402,-0.98622,2977.17937
-0.35606,-0.10800,0.65034,0.02472,-0.05520,-0.15402,-0.98622,2984.69698
-0.36359,-0.10800,0.65034,0.02472,-0.05520,-0.15402,-0.98622,2992.22648
-0.37112,-0.10800,0.65034,0.02472,-0.05520,-0.15402,-0.98622,2999.76313
-0.37866,-0.10800,0.65034,0.02472,-0.05520,-0.15402,-0.98622,3007.30216
-0.38620,-0.10800,0.65034,0.02472,-0.05520,-0.15402,-0.98622,3014.83881
-0.39373,-0.10800,0.65034,0.02472,-0.05520,-0.15402,-0.98622,3022.36832
-0.40126,-0.10800,0.65034,0.02472,-0.05520,-0.15402,-0.98622,3029.88592
-0.40877,-0.10800,0.65034,0.02472,-0.05520,-0.15402,-0.98622,3037.38689
-0.41626,-0.10800,0.65034,0.02472,-0.05520,-0.15402,-0.98622,3044.86647
-0.42373,-0.10800,0.65034,0.02472,-0.05520,-0.15402,-0.98622,3052.31994
-0.43117,-0.10800,0.65034,0.02472,-0.05520,-0.15402,-0.98622,3059.74260
-0.43857,-0.10800,0.65034,0.02472,-0.05520,-0.15402,-0.98622,3067.12976
-0.44594,-0.10800,0.65034,0.02472,-0.05520,-0.15402,-0.98622,3074.47674
-0.45327,-0.10800,0.65034,0.02472,-0.05520,-0.15402,-0.98622,3081.77892
-0.46055,-0.10800,0.65034,0.02472,-0.05520,-0.15402,-0.98622,3089.03167
-0.46777,-0.10800,0.65034,0.02472,-0.05520,-0.15402,-0.98622,3096.23043
-0.47494,-0.10800,0.65034,0.02472,-0.05520,-0.15402,-0.98622,3103.37063
-0.48205,-0.10800,0.65034,0.02472,-0.05520,-0.15402,-0.98622,3110.44777
-0.48910,-0.10800,0.65034,0.02472,-0.05520,-0.15402,-0.98622,3117.45738
-0.49607,-0.10800,0.65034,0.02472,-0.05520,-0.15402,-0.98622,3124.39503
-0.50297,-0.10800,0.65034,0.02472,-0.05520,-0.15402,-0.98622,3131.25635
-0.50979,-0.10800,0.65034,0.02472,-0.05520,-0.15402,-0.98622,3138.03699
-0.51653,-0.10800,0.65034,0.02472,-0.05520,-0.15402,-0.98622,3144.73268
-0.52319,-0.10800,0.65034,0.02472,-0.05520,-0.15402,-0.98622,3151.33918
-0.52975,-0.10800,0.65034,0.02472,-0.05520,-0.15402,-0.98622,3157.85232
-0.53621,-0.10800,0.65034,0.02472,-0.05520,-0.15402,-0.98622,3164.26799
-0.54258,-0.10800,0.65034,0.02472,-0.05520,-0.15402,-0.98622,3170.58214
-0.54884,-0.10800,0.65034,0.02472,-0.05520,-0.15402,-0.98622,3176.79078
-0.55500,-0.10800,0.65034,0.02472,-0.05520,-0.15402,-0.98622,3182.88998
-0.56104,-0.10800,0.65034,0.02472,-0.05520,-0.15402,-0.98622,3188.87590
-0.56697,-0.10800,0.65034,0.02472,-0.05520,-0.15402,-0.98622,3194.74475
-0.57278,-0.10800,0.65034,0.02472,-0.05520,-0.15402,-0.98622,3200.49282
-0.57846,-0.10800,0.65034,0.02472,-0.05520,-0.15402,-0.98622,3206.11649
-0.58402,-0.10800,0.65034,0.02472,-0.05520,-0.15402,-0.98622,3211.61221
-0.58945,-0.10800,0.65034,0.02472,-0.05520,-0.15402,-0.98622,3216.97650
-0.59475,-0.10800,0.65034,0.02472,-0.05520,-0.15402,-0.98622,3222.20597
-0.59991,-0.10800,0.65034,0.02472,-0.05520,-0.15402,-0.98622,3227.29732
-0.60494,-0.10800,0.65034,0.02472,-0.05520,-0.15402,-0.98622,3232.24734
-0.60981,-0.10800,0.65034,0.02472,-0.05520,-0.15402,-0.98622,3237.05290
-0.61455,-0.10800,0.65034,0.02472,-0.05520,-0.15402,-0.98622,3241.71096
-0.61913,-0.10800,0.65034,0.02472,-0.05520,-0.15402,-0.98622,3246.21858
-0.62356,-0.10800,0.65034,0.02472,-0.05520,-0.15402,-0.98622,3250.57292
-0.62784,-0.10800,0.65034,0.02472,-0.05520,-0.15402,-0.98622,3254.77122
-0.63196,-0.10800,0.65034,0.02472,-0.05520,-0.15402,-0.98622,3258.81083
-0.63592,-0.10800,0.65034,0.02472,-0.05520,-0.15402,-0.98622,3262.68921
-0.63972,-0.10800,0.65034,0.02472,-0.05520,-0.15402,-0.98622,3266.40389
-0.64335,-0.10800,0.65034,0.02472,-0.05520,-0.15402,-0.98622,3269.95254
-0.64681,-0.10800,0.65034,0.02472,-0.05520,-0.15402,-0.98622,3273.33292
-0.65011,-0.10800,0.65034,0.02472,-0.05520,-0.15402,-0.98622,3276.54288
-0.65323,-0.10800,0.65034,0.02472,-0.05520,-0.15402,-0.98622,3279.58040
-0.65618,-0.10800,0.65034,0.02472,-0.05520,-0.15402,-0.98622,3282.44357
-0.65896,-0.10800,0.65034,0.02472,-0.05520,-0.15402,-0.98622,3285.13057
-0.66156,-0.10800,0.65034,0.02472,-0.05520,-0.15402,-0.98622,3287.63970
-0.66398,-0.10800,0.65034,0.02472,-0.05520,-0.15402,-0.98622,3289.96939
-0.66622,-0.10800,0.65034,0.02472,-0.05520,-0.15402,-0.98622,3292.11816
-0.66827,-0.10800,0.65034,0.02472,-0.05520,-0.15402,-0.98622,3294.08465
-0.67015,-0.10800,0.65034,0.02472,-0.05520,-0.15402,-0.98622,3295.86763
-0.67184,-0.10800,0.65034,0.02472,-0.05520,-0.15402,-0.98622,3297.46595
-0.67335,-0.10800,0.65034,0.02472,-0.05520,-0.15402,-0.98622,3298.87863
-0.67467,-0.10800,0.65034,0.02472,-0.05520,-0.15402,-0.98622,3300.10475
-0.67580,-0.10800,0.65034,0.02472,-0.05520,-0.15402,-0.98622,3301.14356
-0.67674,-0.10800,0.65034,0.02472,-0.05520,-0.15402,-0.98622,3301.99438
-0.67750,-0.10800,0.65034,0.02472,-0.05520,-0.15402,-0.98622,3302.65670
-0.67807,-0.10800,0.65034,0.02472,-0.05520,-0.15402,-0.98622,3303.13008
-0.67845,-0.10800,0.65034,0.02472,-0.05520,-0.15402,-0.98622,3303.41422
-0.67864,-0.10800,0.65034,0.02472,-0.05520,-0.15402,-0.98622,3303.50896
-0.67864,-0.10800,0.65034,0.02472,-0.05520,-0.15402,-0.98622,3303.60370
-0.67845,-0.10800,0.65034,0.02472,-0.05520,-0.15402,-0.98622,3303.88784
-0.67807,-0.10800,0.65034,0.02472,-0.05520,-0.15402,-0.98622,3304.36122
-0.67750,-0.10800,0.65034,0.02472,-0.05520,-0.15402,-0.98622,3305.02354
-0.67674,-0.10800,0.65034,0.02472,-0.05520,-0.15402,-0.98622,3305.87436
-0.67580,-0.10800,0.65034,0.02472,-0.05520,-0.15402,-0.98622,3306.91317
-0.67467,-0.10800,0.65034,0.02472,-0.05520,-0.15402,-0.98622,3308.13929
-0.67335,-0.10800,0.65034,0.02472,-0.05520,-0.15402,-0.98622,3309.55197
-0.67184,-0.10800,0.65034,0.02472,-0.05520,-0.15402,-0.98622,3311.15029
-0.67015,-0.10800,0.65034,0.02472,-0.05520,-0.15402,-0.98622,3312.93327
-0.66827,-0.10800,0.65034,0.02472,-0.05520,-0.15402,-0.98622,3314.89976
-0.66622,-0.10800,0.65034,0.02472,-0.05520,-0.15402,-0.98622,3317.04853
-0.66398,-0.10800,0.65034,0.02472,-0.05520,-0.15402,-0.98622,3319.37822
-0.66156,-0.10800,0.65034,0.02472,-0.05520,-0.15402,-0.98622,3321.88735
-0.65896,-0.10800,0.65034,0.02472,-0.05520,-0.15402,-0.98622,3324.57435
-0.65618,-0.10800,0.65034,0.02472,-0.05520,-0.15402,-0.98622,3327.43752
-0.65323,-0.10800,0.65034,0.02472,-0.05520,-0.15402,-0.98622,3330.47504
-0.65011,-0.10800,0.65034,0.02472,-0.05520,-0.15402,-0.98622,3333.68500
-0.64681,-0.10800,0.65034,0.02472,-0.05520,-0.15402,-0.98622,3337.06538
-0.64335,-0.10800,0.65034,0.02472,-0.05520,-0.15402,-0.98622,3340.61403
-0.63972,-0.10800,0.65034,0.02472,-0.05520,-0.15402,-0.98622,3344.32871
-0.63592,-0.10800,0.65034,0.02472,-0.05520,-0.15402,-0.98622,3348.20709
-0.63196,-0.10800,0.65034,0.02472,-0.05520,-0.15402,-0.98622,3352.24670
-0.62784,-0.10800,0.65034,0.02472,-0.05520,-0.15402,-0.98622,3356.44500
-0.62356,-0.10800,0.65034,0.02472,-0.05520,-0.15402,-0.98622,3360.79934
-0.61913,-0.10800,0.65034,0.02472,-0.05520,-0.15402,-0.98622,3365.30696
-0.61455,-0.10800,0.65034,0.02472,-0.05520,-0.15402,-0.98622,3369.96502
-0.60981,-0.10800,0.65034,0.02472,-0.05520,-0.15402,-0.98622,3374.77058
-0.60494,-0.10800,0.65034,0.02472,-0.05520,-0.15402,-0.98622,3379.72060
-0.59991,-0.10800,0.65034,0.02472,-0.05520,-0.15402,-0.98622,3384.81195
-0.59475,-0.10800,0.65034,0.02472,-0.05520,-0.15402,-0.98622,3390.04142
-0.58945,-0.10800,0.65034,0.02472,-0.05520,-0.15402,-0.98622,3395.40571
-0.58402,-0.10800,0.65034,0.02472,-0.05520,-0.15402,-0.98622,3400.90143
-0.57846,-0.10800,0.65034,0.02472,-0.05520,-0.15402,-0.98622,3406.52510
-0.57278,-0.10800,0.65034,0.02472,-0.05520,-0.15402,-0.98622,3412.27318
-0.56697,-0.10800,0.65034,0.02472,-0.05520,-0.15402,-0.98622,3418.14202
-0.56104,-0.10800,0.65034,0.02472,-0.05520,-0.15402,-0.98622,3424.12794
-0.55500,-0.10800,0.65034,0.02472,-0.05520,-0.15402,-0.98622,3430.22714
-0.54884,-0.10800,0.65034,0.02472,-0.05520,-0.15402,-0.98622,3436.43578
-0.54258,-0.10800,0.65034,0.02472,-0.05520,-0.15402,-0.98622,3442.74993
-0.53621,-0.10800,0.65034,0.02472,-0.05520,-0.15402,-0.98622,3449.16560
-0.52975,-0.10800,0.65034,0.02472,-0.05520,-0.15402,-0.98622,3455.67874
-0.52319,-0.10800,0.65034,0.02472,-0.05520,-0.15402,-0.98622,3462.28524
-0.51653,-0.10800,0.65034,0.02472,-0.05520,-0.15402,-0.98622,3468.98093
-0.50979,-0.10800,0.65034,0.02472,-0.05520,-0.15402,-0.98622,3475.76157
-0.50297,-0.10800,0.65034,0.02472,-0.05520,-0.15402,-0.98622,3482.62289
-0.49607,-0.10800,0.65034,0.02472,-0.05520,-0.15402,-0.98622,3489.56054
-0.48910,-0.10800,0.65034,0.02472,-0.05520,-0.15402,-0.98622,3496.57015
-0.48205,-0.10800,0.65034,0.02472,-0.05520,-0.15402,-0.98622,3503.64729
-0.47494,-0.10800,0.65034,0.02472,-0.05520,-0.15402,-0.98622,3510.78749
-0.46777,-0.10800,0.65034,0.02472,-0.05520,-0.15402,-0.98622,3517.98625
-0.46055,-0.10800,0.65034,0.02472,-0.05520,-0.15402,-0.98622,3525.23900
-0.45327,-0.10800,0.65034,0.02472,-0.05520,-0.15402,-0.98622,3532.54118
-0.44594,-0.10800,0.65034,0.02472,-0.05520,-0.15402,-0.98622,3539.88816
-0.43857,-0.10800,0.65034,0.02472,-0.05520,-0.15402,-0.98622,3547.27532
-0.43117,-0.10800,0.65034,0.02472,-0.05520,-0.15402,-0.98622,3554.69798
-0.42373,-0.10800,0.65034,0.02472,-0.05520,-0.15402,-0.98622,3562.15145
-0.41626,-0.10800,0.65034,0.02472,-0.05520,-0.15402,-0.98622,3569.63103
-0.40877,-0.10800,0.65034,0.02472,-0.05520,-0.15402,-0.98622,3577.13200
-0.40126,-0.10800,0.65034,0.02472,-0.05520,-0.15402,-0.98622,3584.64960
-0.39373,-0.10800,0.65034,0.02472,-0.05520,-0.15402,-0.98622,3592.17911
-0.38620,-0.10800,0.65034,0.02472,-0.05520,-0.15402,-0.98622,3599.71576
-0.37866,-0.10800,0.65034,0.02472,-0.05520,-0.15402,-0.98622,3607.25479
-0.37112,-0.10800,0.65034,0.02472,-0.05520,-0.15402,-0.98622,3614.79144
-0.36359,-0.10800,0.65034,0.02472,-0.05520,-0.15402,-0.98622,3622.32094
-0.35606,-0.10800,0.65034,0.02472,-0.05520,-0.15402,-0.98622,3629.83855
-0.34855,-0.10800,0.65034,0.02472,-0.05520,-0.15402,-0.98622,3637.33952
-0.34106,-0.10800,0.65034,0.02472,-0.05520,-0.15402,-0.98622,3644.81910
-0.33359,-0.10800,0.65034,0.02472,-0.05520,-0.15402,-0.98622,3652.27257
-0.32615,-0.10800,0.65034,0.02472,-0.05520,-0.15402,-0.98622,3659.69523
-0.31875,-0.10800,0.65034,0.02472,-0.05520,-0.15402,-0.98622,3667.08238
-0.31138,-0.10800,0.65034,0.02472,-0.05520,-0.15402,-0.98622,3674.42937
-0.30405,-0.10800,0.65034,0.02472,-0.05520,-0.15402,-0.98622,3681.73155
-0.29677,-0.10800,0.65034,0.02472,-0.05520,-0.15402,-0.98622,3688.98430
-0.28955,-0.10800,0.65034,0.02472,-0.05520,-0.15402,-0.98622,3696.18305
-0.28238,-0.10800,0.65034,0.02472,-0.05520,-0.15402,-0.98622,3703.32325
-0.27527,-0.10800,0.65034,0.02472,-0.05520,-0.15402,-0.98622,3710.40039
-0.26822,-0.10800,0.65034,0.02472,-0.05520,-0.15402,-0.98622,3717.41001
-0.26125,-0.10800,0.65034,0.02472,-0.05520,-0.15402,-0.98622,3724.34766
-0.25435,-0.10800,0.65034,0.02472,-0.05520,-0.15402,-0.98622,3731.20898
-0.24753,-0.10800,0.65034,0.02472,-0.05520,-0.15402,-0.98622,3737.98962
-0.24079,-0.10800,0.65034,0.02472,-0.05520,-0.15402,-0.98622,3744.68530
-0.23413,-0.10800,0.65034,0.02472,-0.05520,-0.15402,-0.98622,3751.29180
-0.22757,-0.10800,0.65034,0.02472,-0.05520,-0.15402,-0.98622,3757.80495
-0.22111,-0.10800,0.65034,0.02472,-0.05520,-0.15402,-0.98622,3764.22062
-0.21474,-0.10800,0.65034,0.02472,-0.05520,-0.15402,-0.98622,3770.53477
-0.20848,-0.10800,0.65034,0.02472,-0.05520,-0.15402,-0.98622,3776.74340
-0.20232,-0.10800,0.65034,0.02472,-0.05520,-0.15402,-0.98622,3782.84261
-0.19628,-0.10800,0.65034,0.02472,-0.05520,-0.15402,-0.98622,3788.82852
-0.19035,-0.10800,0.65034,0.02472,-0.05520,-0.15402,-0.98622,3794.69737
-0.18454,-0.10800,0.65034,0.02472,-0.05520,-0.15402,-0.98622,3800.44545
-0.17886,-0.10800,0.65034,0.02472,-0.05520,-0.15402,-0.98622,3806.06912
-0.17330,-0.10800,0.65034,0.02472,-0.05520,-0.15402,-0.98622,3811.56483
-0.16787,-0.10800,0.65034,0.02472,-0.05520,-0.15402,-0.98622,3816.92912
-0.16257,-0.10800,0.65034,0.02472,-0.05520,-0.15402,-0.98622,3822.15859
-0.15741,-0.10800,0.65034,0.02472,-0.05520,-0.15402,-0.98622,3827.24995
-0.15238,-0.10800,0.65034,0.02472,-0.05520,-0.15402,-0.98622,3832.19997
-0.14751,-0.10800,0.65034,0.02472,-0.05520,-0.15402,-0.98622,3837.00552
-0.14277,-0.10800,0.65034,0.02472,-0.05520,-0.15402,-0.98622,3841.66359
-0.13819,-0.10800,0.65034,0.02472,-0.05520,-0.15402,-0.98622,3846.17121
-0.13376,-0.10800,0.65034,0.02472,-0.05520,-0.15402,-0.98622,3850.52555
-0.12948,-0.10800,0.65034,0.02472,-0.05520,-0.15402,-0.98622,3854.72385
-0.12536,-0.10800,0.65034,0.02472,-0.05520,-0.15402,-0.98622,3858.76346
-0.12140,-0.10800,0.65034,0.02472,-0.05520,-0.15402,-0.98622,3862.64184
-0.11760,-0.10800,0.65034,0.02472,-0.05520,-0.15402,-0.98622,3866.35652
-0.11397,-0.10800,0.65034,0.02472,-0.05520,-0.15402,-0.98622,3869.90517
-0.11051,-0.10800,0.65034,0.02472,-0.05520,-0.15402,-0.98622,3873.28554
-0.10721,-0.10800,0.65034,0.02472,-0.05520,-0.15402,-0.98622,3876.49551
-0.10409,-0.10800,0.65034,0.02472,-0.05520,-0.15402,-0.98622,3879.53303
-0.10114,-0.10800,0.65034,0.02472,-0.05520,-0.15402,-0.98622,3882.39620
-0.09836,-0.10800,0.65034,0.02472,-0.05520,-0.15402,-0.98622,3885.08320
-0.09576,-0.10800,0.65034,0.02472,-0.05520,-0.15402,-0.98622,3887.59233
-0.09334,-0.10800,0.65034,0.02472,-0.05520,-0.15402,-0.98622,3889.92202
-0.09110,-0.10800,0.65034,0.02472,-0.05520,-0.15402,-0.98622,3892.07079
-0.08905,-0.10800,0.65034,0.02472,-0.05520,-0.15402,-0.98622,3894.03728
-0.08717,-0.10800,0.65034,0.02472,-0.05520,-0.15402,-0.98622,3895.82025
-0.08548,-0.10800,0.65034,0.02472,-0.05520,-0.15402,-0.98622,3897.41858
-0.08397,-0.10800,0.65034,0.02472,-0.05520,-0.15402,-0.98622,3898.83125
-0.08265,-0.10800,0.65034,0.02472,-0.05520,-0.15402,-0.98622,3900.05738
-0.08152,-0.10800,0.65034,0.02472,-0.05520,-0.15402,-0.98622,3901.09618
-0.08058,-0.10800,0.65034,0.02472,-0.05520,-0.15402,-0.98622,3901.94701
-0.07982,-0.10800,0.65034,0.02472,-0.05520,-0.15402,-0.98622,3902.60932
-0.07925,-0.10800,0.65034,0.02472,-0.05520,-0.15402,-0.98622,3903.08270
-0.07887,-0.10800,0.65034,0.02472,-0.05520,-0.15402,-0.98622,3903.36685
-0.07868,-0.10800,0.65034,0.02472,-0.05520,-0.15402,-0.98622,3903.46159
-0.07868,-0.10800,0.65034,0.02472,-0.05520,-0.15402,-0.98622,3903.55632
-0.07887,-0.10800,0.65034,0.02472,-0.05520,-0.15402,-0.98622,3903.84047
-0.07925,-0.10800,0.65034,0.02472,-0.05520,-0.15402,-0.98622,3904.31385
-0.07982,-0.10800,0.65034,0.02472,-0.05520,-0.15402,-0.98622,3904.97616
-0.08058,-0.10800,0.65034,0.02472,-0.05520,-0.15402,-0.98622,3905.82699
-0.08152,-0.10800,0.65034,0.02472,-0.05520,-0.15402,-0.98622,3906.86579
-0.08265,-0.10800,0.65034,0.02472,-0.05520,-0.15402,-0.98622,3908.09192
-0.08397,-0.10800,0.65034,0.02472,-0.05520,-0.15402,-0.98622,3909.50459
-0.08548,-0.10800,0.65034,0.02472,-0.05520,-0.15402,-0.98622,3911.10292
-0.08717,-0.10800,0.65034,0.02472,-0.05520,-0.15402,-0.98622,3912.88589
-0.08905,-0.10800,0.65034,0.02472,-0.05520,-0.15402,-0.98622,3914.85239
-0.09110,-0.10800,0.65034,0.02472,-0.05520,-0.15402,-0.98622,3917.00115
-0.09334,-0.10800,0.65034,0.02472,-0.05520,-0.15402,-0.98622,3919.33084
-0.09576,-0.10800,0.65034,0.02472,-0.05520,-0.15402,-0.98622,3921.83998
-0.09836,-0.10800,0.65034,0.02472,-0.05520,-0.15402,-0.98622,3924.52698
-0.10114,-0.10800,0.65034,0.02472,-0.05520,-0.15402,-0.98622,3927.39014
-0.10409,-0.10800,0.65034,0.02472,-0.05520,-0.15402,-0.98622,3930.42767
-0.10721,-0.10800,0.65034,0.02472,-0.05520,-0.15402,-0.98622,3933.63763
-0.11051,-0.10800,0.65034,0.02472,-0.05520,-0.15402,-0.98622,3937.01800
-0.11397,-0.10800,0.65034,0.02472,-0.05520,-0.15402,-0.98622,3940.56665
-0.11760,-0.10800,0.65034,0.02472,-0.05520,-0.15402,-0.98622,3944.28134
-0.12140,-0.10800,0.65034,0.02472,-0.05520,-0.15402,-0.98622,3948.15971
-0.12536,-0.10800,0.65034,0.02472,-0.05520,-0.15402,-0.98622,3952.19933
-0.12948,-0.10800,0.65034,0.02472,-0.05520,-0.15402,-0.98622,3956.39763
-0.13376,-0.10800,0.65034,0.02472,-0.05520,-0.15402,-0.98622,3960.75196
-0.13819,-0.10800,0.65034,0.02472,-0.05520,-0.15402,-0.98622,3965.25959
-0.14277,-0.10800,0.65034,0.02472,-0.05520,-0.15402,-0.98622,3969.91765
-0.14751,-0.10800,0.65034,0.02472,-0.05520,-0.15402,-0.98622,3974.72321
-0.15238,-0.10800,0.65034,0.02472,-0.05520,-0.15402,-0.98622,3979.67323
-0.15741,-0.10800,0.65034,0.02472,-0.05520,-0.15402,-0.98622,3984.76458
-0.16257,-0.10800,0.65034,0.02472,-0.05520,-0.15402,-0.98622,3989.99405
-0.16787,-0.10800,0.65034,0.02472,-0.05520,-0.15402,-0.98622,3995.35834
-0.17330,-0.10800,0.65034,0.02472,-0.05520,-0.15402,-0.98622,4000.85405
-0.17886,-0.10800,0.65034,0.02472,-0.05520,-0.15402,-0.98622,4006.47773
-0.18454,-0.10800,0.65034,0.02472,-0.05520,-0.15402,-0.98622,4012.22580
-0.19035,-0.10800,0.65034,0.02472,-0.05520,-0.15402,-0.98622,4018.09465
-0.19628,-0.10800,0.65034,0.02472,-0.05520,-0.15402,-0.98622,4024.08057
-0.20232,-0.10800,0.65034,0.02472,-0.05520,-0.15402,-0.98622,4030.17977
-0.20848,-0.10800,0.65034,0.02472,-0.05520,-0.15402,-0.98622,4036.38841
-0.21474,-0.10800,0.65034,0.02472,-0.05520,-0.15402,-0.98622,4042.70255
-0.22111,-0.10800,0.65034,0.02472,-0.05520,-0.15402,-0.98622,4049.11823
-0.22757,-0.10800,0.65034,0.02472,-0.05520,-0.15402,-0.98622,4055.63137
-0.23413,-0.10800,0.65034,0.02472,-0.05520,-0.15402,-0.98622,4062.23787
-0.24079,-0.10800,0.65034,0.02472,-0.05520,-0.15402,-0.98622,4068.93356
-0.24753,-0.10800,0.65034,0.02472,-0.05520,-0.15402,-0.98622,4075.71420
-0.25435,-0.10800,0.65034,0.02472,-0.05520,-0.15402,-0.98622,4082.57551
-0.26125,-0.10800,0.65034,0.02472,-0.05520,-0.15402,-0.98622,4089.51317
-0.26822,-0.10800,0.65034,0.02472,-0.05520,-0.15402,-0.98622,4096.52278
-0.27527,-0.10800,0.65034,0.02472,-0.05520,-0.15402,-0.98622,4103.59992
-0.28238,-0.10800,0.65034,0.02472,-0.05520,-0.15402,-0.98622,4110.74012
-0.28955,-0.10800,0.65034,0.02472,-0.05520,-0.15402,-0.98622,4117.93887
-0.29677,-0.10800,0.65034,0.02472,-0.05520,-0.15402,-0.98622,4125.19163
-0.30405,-0.10800,0.65034,0.02472,-0.05520,-0.15402,-0.98622,4132.49380
-0.31138,-0.10800,0.65034,0.02472,-0.05520,-0.15402,-0.98622,4139.84079
-0.31875,-0.10800,0.65034,0.02472,-0.05520,-0.15402,-0.98622,4147.22794
-0.32615,-0.10800,0.65034,0.02472,-0.05520,-0.15402,-0.98622,4154.65060
-0.33359,-0.10800,0.65034,0.02472,-0.05520,-0.15402,-0.98622,4162.10408
-0.34106,-0.10800,0.65034,0.02472,-0.05520,-0.15402,-0.98622,4169.58366
-0.34855,-0.10800,0.65034,0.02472,-0.05520,-0.15402,-0.98622,4177.08462
-0.35606,-0.10800,0.65034,0.02472,-0.05520,-0.15402,-0.98622,4184.60223
-0.36359,-0.10800,0.65034,0.02472,-0.05520,-0.15402,-0.98622,4192.13174
-0.37112,-0.10800,0.65034,0.02472,-0.05520,-0.15402,-0.98622,4199.66839
-0.37866,-0.10800,0.65034,0.02472,-0.05520,-0.15402,-0.98622,4207.20741
-0.38620,-0.10800,0.65034,0.02472,-0.05520,-0.15402,-0.98622,4214.74406
-0.39373,-0.10800,0.65034,0.02472,-0.05520,-0.15402,-0.98622,4222.27357
-0.40126,-0.10800,0.65034,0.02472,-0.05520,-0.15402,-0.98622,4229.79118
-0.40877,-0.10800,0.65034,0.02472,-0.05520,-0.15402,-0.98622,4237.29214
-0.41626,-0.10800,0.65034,0.02472,-0.05520,-0.15402,-0.98622,4244.77172
-0.42373,-0.10800,0.65034,0.02472,-0.05520,-0.15402,-0.98622,4252.22520
-0.43117,-0.10800,0.65034,0.02472,-0.05520,-0.15402,-0.98622,4259.64786
-0.43857,-0.10800,0.65034,0.02472,-0.05520,-0.15402,-0.98622,4267.03501
-0.44594,-0.10800,0.65034,0.02472,-0.05520,-0.15402,-0.98622,4274.38200
-0.45327,-0.10800,0.65034,0.02472,-0.05520,-0.15402,-0.98622,4281.68417
-0.46055,-0.10800,0.65034,0.02472,-0.05520,-0.15402,-0.98622,4288.93693
-0.46777,-0.10800,0.65034,0.02472,-0.05520,-0.15402,-0.98622,4296.13568
-0.47494,-0.10800,0.65034,0.02472,-0.05520,-0.15402,-0.98622,4303.27588
-0.48205,-0.10800,0.65034,0.02472,-0.05520,-0.15402,-0.98622,4310.35302
-0.48910,-0.10800,0.65034,0.02472,-0.05520,-0.15402,-0.98622,4317.36263
-0.49607,-0.10800,0.65034,0.02472,-0.05520,-0.15402,-0.98622,4324.30029
-0.50297,-0.10800,0.65034,0.02472,-0.05520,-0.15402,-0.98622,4331.16160
-0.50979,-0.10800,0.65034,0.02472,-0.05520,-0.15402,-0.98622,4337.94224
-0.51653,-0.10800,0.65034,0.02472,-0.05520,-0.15402,-0.98622,4344.63793
-0.52319,-0.10800,0.65034,0.02472,-0.05520,-0.15402,-0.98622,4351.24443
-0.52975,-0.10800,0.65034,0.02472,-0.05520,-0.15402,-0.98622,4357.75757
-0.53621,-0.10800,0.65034,0.02472,-0.05520,-0.15402,-0.98622,4364.17325
-0.54258,-0.10800,0.65034,0.02472,-0.05520,-0.15402,-0.98622,4370.48739
-0.54884,-0.10800,0.65034,0.02472,-0.05520,-0.15402,-0.98622,4376.69603
-0.55500,-0.10800,0.65034,0.02472,-0.05520,-0.15402,-0.98622,4382.79523
-0.56104,-0.10800,0.65034,0.02472,-0.05520,-0.15402,-0.98622,4388.78115
-0.56697,-0.10800,0.65034,0.02472,-0.05520,-0.15402,-0.98622,4394.65000
-0.57278,-0.10800,0.65034,0.02472,-0.05520,-0.15402,-0.98622,4400.39807
-0.57846,-0.10800,0.65034,0.02472,-0.05520,-0.15402,-0.98622,4406.02175
-0.58402,-0.10800,0.65034,0.02472,-0.05520,-0.15402,-0.98622,4411.51746
-0.58945,-0.10800,0.65034,0.02472,-0.05520,-0.15402,-0.98622,4416.88175
-0.59475,-0.10800,0.65034,0.02472,-0.05520,-0.15402,-0.98622,4422.11122
-0.59991,-0.10800,0.65034,0.02472,-0.05520,-0.15402,-0.98622,4427.20257
-0.60494,-0.10800,0.65034,0.02472,-0.05520,-0.15402,-0.98622,4432.15259
-0.60981,-0.10800,0.65034,0.02472,-0.05520,-0.15402,-0.98622,4436.95815
-0.61455,-0.10800,0.65034,0.02472,-0.05520,-0.15402,-0.98622,4441.61621
-0.61913,-0.10800,0.65034,0.02472,-0.05520,-0.15402,-0.98622,4446.12384
-0.62356,-0.10800,0.65034,0.02472,-0.05520,-0.15402,-0.98622,4450.47817
-0.62784,-0.10800,0.65034,0.02472,-0.05520,-0.15402,-0.98622,4454.67647
-0.63196,-0.10800,0.65034,0.02472,-0.05520,-0.15402,-0.98622,4458.71609
-0.63592,-0.10800,0.65034,0.02472,-0.05520,-0.15402,-0.98622,4462.59446
-0.63972,-0.10800,0.65034,0.02472,-0.05520,-0.15402,-0.98622,4466.30915
-0.64335,-0.10800,0.65034,0.02472,-0.05520,-0.15402,-0.98622,4469.85780
-0.64681,-0.10800,0.65034,0.02472,-0.05520,-0.15402,-0.98622,4473.23817
-0.65011,-0.10800,0.65034,0.02472,-0.05520,-0.15402,-0.98622,4476.44813
-0.65323,-0.10800,0.65034,0.02472,-0.05520,-0.15402,-0.98622,4479.48566
-0.65618,-0.10800,0.65034,0.02472,-0.05520,-0.15402,-0.98622,4482.34882
-0.65896,-0.10800,0.65034,0.02472,-0.05520,-0.15402,-0.98622,4485.03582
-0.66156,-0.10800,0.65034,0.02472,-0.05520,-0.15402,-0.98622,4487.54496
-0.66398,-0.10800,0.65034,0.02472,-0.05520,-0.15402,-0.98622,4489.87465
-0.66622,-0.10800,0.65034,0.02472,-0.05520,-0.15402,-0.98622,4492.02341
-0.66827,-0.10800,0.65034,0.02472,-0.05520,-0.15402,-0.98622,4493.98991
-0.67015,-0.10800,0.65034,0.02472,-0.05520,-0.15402,-0.98622,4495.77288
-0.67184,-0.10800,0.65034,0.02472,-0.05520,-0.15402,-0.98622,4497.37121
-0.67335,-0.10800,0.65034,0.02472,-0.05520,-0.15402,-0.98622,4498.78388
-0.67467,-0.10800,0.65034,0.02472,-0.05520,-0.15402,-0.98622,4500.01001
-0.67580,-0.10800,0.65034,0.02472,-0.05520,-0.15402,-0.98622,4501.04881
-0.67674,-0.10800,0.65034,0.02472,-0.05520,-0.15402,-0.98622,4501.89964
-0.67750,-0.10800,0.65034,0.02472,-0.05520,-0.15402,-0.98622,4502.56195
-0.67807,-0.10800,0.65034,0.02472,-0.05520,-0.15402,-0.98622,4503.03533
-0.67845,-0.10800,0.65034,0.02472,-0.05520,-0.15402,-0.98622,4503.31948
-0.67864,-0.10800,0.65034,0.02472,-0.05520,-0.15402,-0.98622,4503.41421
-0.67864,-0.10800,0.65034,0.02472,-0.05520,-0.15402,-0.98622,4503.50895
-0.67845,-0.10800,0.65034,0.02472,-0.05520,-0.15402,-0.98622,4503.79310
-0.67807,-0.10800,0.65034,0.02472,-0.05520,-0.15402,-0.98622,4504.26648
-0.67750,-0.10800,0.65034,0.02472,-0.05520,-0.15402,-0.98622,4504.92879
-0.67674,-0.10800,0.65034,0.02472,-0.05520,-0.15402,-0.98622,4505.77962
-0.67580,-0.10800,0.65034,0.02472,-0.05520,-0.15402,-0.98622,4506.81842
-0.67467,-0.10800,0.65034,0.02472,-0.05520,-0.15402,-0.98622,4508.04455
-0.67335,-0.10800,0.65034,0.02472,-0.05520,-0.15402,-0.98622,4509.45722
-0.67184,-0.10800,0.65034,0.02472,-0.05520,-0.15402,-0.98622,4511.05555
-0.67015,-0.10800,0.65034,0.02472,-0.05520,-0.15402,-0.98622,4512.83852
-0.66827,-0.10800,0.65034,0.02472,-0.05520,-0.15402,-0.98622,4514.80501
-0.66622,-0.10800,0.65034,0.02472,-0.05520,-0.15402,-0.98622,4516.95378
-0.66398,-0.10800,0.65034,0.02472,-0.05520,-0.15402,-0.98622,4519.28347
-0.66156,-0.10800,0.65034,0.02472,-0.05520,-0.15402,-0.98622,4521.79260
-0.65896,-0.10800,0.65034,0.02472,-0.05520,-0.15402,-0.98622,4524.47960
-0.65618,-0.10800,0.65034,0.02472,-0.05520,-0.15402,-0.98622,4527.34277
-0.65323,-0.10800,0.65034,0.02472,-0.05520,-0.15402,-0.98622,4530.38029
-0.65011,-0.10800,0.65034,0.02472,-0.05520,-0.15402,-0.98622,4533.59026
-0.64681,-0.10800,0.65034,0.02472,-0.05520,-0.15402,-0.98622,4536.97063
-0.64335,-0.10800,0.65034,0.02472,-0.05520,-0.15402,-0.98622,4540.51928
-0.63972,-0.10800,0.65034,0.02472,-0.05520,-0.15402,-0.98622,4544.23396
-0.63592,-0.10800,0.65034,0.02472,-0.05520,-0.15402,-0.98622,4548.11234
-0.63196,-0.10800,0.65034,0.02472,-0.05520,-0.15402,-0.98622,4552.15195
-0.62784,-0.10800,0.65034,0.02472,-0.05520,-0.15402,-0.98622,4556.35025
-0.62356,-0.10800,0.65034,0.02472,-0.05520,-0.15402,-0.98622,4560.70459
-0.61913,-0.10800,0.65034,0.02472,-0.05520,-0.15402,-0.98622,4565.21221
-0.61455,-0.10800,0.65034,0.02472,-0.05520,-0.15402,-0.98622,4569.87028
-0.60981,-0.10800,0.65034,0.02472,-0.05520,-0.15402,-0.98622,4574.67583
-0.60494,-0.10800,0.65034,0.02472,-0.05520,-0.15402,-0.98622,4579.62585
-0.59991,-0.10800,0.65034,0.02472,-0.05520,-0.15402,-0.98622,4584.71721
-0.59475,-0.10800,0.65034,0.02472,-0.05520,-0.15402,-0.98622,4589.94668
-0.58945,-0.10800,0.65034,0.02472,-0.05520,-0.15402,-0.98622,4595.31097
-0.58402,-0.10800,0.65034,0.02472,-0.05520,-0.15402,-0.98622,4600.80668
-0.57846,-0.10800,0.65034,0.02472,-0.05520,-0.15402,-0.98622,4606.43035
-0.57278,-0.10800,0.65034,0.02472,-0.05520,-0.15402,-0.98622,4612.17843
-0.56697,-0.10800,0.65034,0.02472,-0.05520,-0.15402,-0.98622,4618.04728
-0.56104,-0.10800,0.65034,0.02472,-0.05520,-0.15402,-0.98622,4624.03319
-0.55500,-0.10800,0.65034,0.02472,-0.05520,-0.15402,-0.98622,4630.13240
-0.54884,-0.10800,0.65034,0.02472,-0.05520,-0.15402,-0.98622,4636.34103
-0.54258,-0.10800,0.65034,0.02472,-0.05520,-0.15402,-0.98622,4642.65518
-0.53621,-0.10800,0.65034,0.02472,-0.05520,-0.15402,-0.98622,4649.07085
-0.52975,-0.10800,0.65034,0.02472,-0.05520,-0.15402,-0.98622,4655.58400
-0.52319,-0.10800,0.65034,0.02472,-0.05520,-0.15402,-0.98622,4662.19050
-0.51653,-0.10800,0.65034,0.02472,-0.05520,-0.15402,-0.98622,4668.88618
-0.50979,-0.10800,0.65034,0.02472,-0.05520,-0.15402,-0.98622,4675.66682
-0.50297,-0.10800,0.65034,0.02472,-0.05520,-0.15402,-0.98622,4682.52814
-0.49607,-0.10800,0.65034,0.02472,-0.05520,-0.15402,-0.98622,4689.46579
-0.48910,-0.10800,0.65034,0.02472,-0.05520,-0.15402,-0.98622,4696.47541
-0.48205,-0.10800,0.65034,0.02472,-0.05520,-0.15402,-0.98622,4703.55255
-0.47494,-0.10800,0.65034,0.02472,-0.05520,-0.15402,-0.98622,4710.69275
-0.46777,-0.10800,0.65034,0.02472,-0.05520,-0.15402,-0.98622,4717.89150
-0.46055,-0.10800,0.65034,0.02472,-0.05520,-0.15402,-0.98622,4725.14425
-0.45327,-0.10800,0.65034,0.02472,-0.05520,-0.15402,-0.98622,4732.44643
-0.44594,-0.10800,0.65034,0.02472,-0.05520,-0.15402,-0.98622,4739.79342
-0.43857,-0.10800,0.65034,0.02472,-0.05520,-0.15402,-0.98622,4747.18057
-0.43117,-0.10800,0.65034,0.02472,-0.05520,-0.15402,-0.98622,4754.60323
-0.42373,-0.10800,0.65034,0.02472,-0.05520,-0.15402,-0.98622,4762.05670
-0.41626,-0.10800,0.65034,0.02472,-0.05520,-0.15402,-0.98622,4769.53628
-0.40877,-0.10800,0.65034,0.02472,-0.05520,-0.15402,-0.98622,4777.03725
-0.40126,-0.10800,0.65034,0.02472,-0.05520,-0.15402,-0.98622,4784.55486
-0.39373,-0.10800,0.65034,0.02472,-0.05520,-0.15402,-0.98622,4792.08436
-0.38620,-0.10800,0.65034,0.02472,-0.05520,-0.15402,-0.98622,4799.62101
-0.37866,-0.10800,0.65034,0.02472,-0.05520,-0.15402,-0.98622,4807.16004
-0.37112,-0.10800,0.65034,0.02472,-0.05520,-0.15402,-0.98622,4814.69669
-0.36359,-0.10800,0.65034,0.02472,-0.05520,-0.15402,-0.98622,4822.22620
-0.35606,-0.10800,0.65034,0.02472,-0.05520,-0.15402,-0.98622,4829.74380
-0.34855,-0.10800,0.65034,0.02472,-0.05520,-0.15402,-0.98622,4837.24477
-0.34106,-0.10800,0.65034,0.02472,-0.05520,-0.15402,-0.98622,4844.72435
-0.33359,-0.10800,0.65034,0.02472,-0.05520,-0.15402,-0.98622,4852.17782
-0.32615,-0.10800,0.65034,0.02472,-0.05520,-0.15402,-0.98622,4859.60048
-0.31875,-0.10800,0.65034,0.02472,-0.05520,-0.15402,-0.98622,4866.98764
-0.31138,-0.10800,0.65034,0.02472,-0.05520,-0.15402,-0.98622,4874.33462
-0.30405,-0.10800,0.65034,0.02472,-0.05520,-0.15402,-0.98622,4881.63680
-0.29677,-0.10800,0.65034,0.02472,-0.05520,-0.15402,-0.98622,4888.88955
-0.28955,-0.10800,0.65034,0.02472,-0.05520,-0.15402,-0.98622,4896.08831
-0.28238,-0.10800,0.65034,0.02472,-0.05520,-0.15402,-0.98622,4903.22851
-0.27527,-0.10800,0.65034,0.02472,-0.05520,-0.15402,-0.98622,4910.30565
-0.26822,-0.10800,0.65034,0.02472,-0.05520,-0.15402,-0.98622,4917.31526
-0.26125,-0.10800,0.65034,0.02472,-0.05520,-0.15402,-0.98622,4924.25291
-0.25435,-0.10800,0.65034,0.02472,-0.05520,-0.15402,-0.98622,4931.11423
-0.24753,-0.10800,0.65034,0.02472,-0.05520,-0.15402,-0.98622,4937.89487
-0.24079,-0.10800,0.65034,0.02472,-0.05520,-0.15402,-0.98622,4944.59056
-0.23413,-0.10800,0.65034,0.02472,-0.05520,-0.15402,-0.98622,4951.19706
-0.22757,-0.10800,0.65034,0.02472,-0.05520,-0.15402,-0.98622,4957.71020
-0.22111,-0.10800,0.65034,0.02472,-0.05520,-0.15402,-0.98622,4964.12587
-0.21474,-0.10800,0.65034,0.02472,-0.05520,-0.15402,-0.98622,4970.44002
-0.20848,-0.10800,0.65034,0.02472,-0.05520,-0.15402,-0.98622,4976.64866
-0.20232,-0.10800,0.65034,0.02472,-0.05520,-0.15402,-0.98622,4982.74786
-0.19628,-0.10800,0.65034,0.02472,-0.05520,-0.15402,-0.98622,4988.73378
-0.19035,-0.10800,0.65034,0.02472,-0.05520,-0.15402,-0.98622,4994.60262
-0.18454,-0.10800,0.65034,0.02472,-0.05520,-0.15402,-0.98622,5000.35070
-0.17886,-0.10800,0.65034,0.02472,-0.05520,-0.15402,-0.98622,5005.97437
-0.17330,-0.10800,0.65034,0.02472,-0.05520,-0.15402,-0.98622,5011.47009
-0.16787,-0.10800,0.65034,0.02472,-0.05520,-0.15402,-0.98622,5016.83438
-0.16257,-0.10800,0.65034,0.02472,-0.05520,-0.15402,-0.98622,5022.06385
-0.15741,-0.10800,0.65034,0.02472,-0.05520,-0.15402,-0.98622,5027.15520
-0.15238,-0.10800,0.65034,0.02472,-0.05520,-0.15402,-0.98622,5032.10522
-0.14751,-0.10800,0.65034,0.02472,-0.05520,-0.15402,-0.98622,5036.91078
-0.14277,-0.10800,0.65034,0.02472,-0.05520,-0.15402,-0.98622,5041.56884
-0.13819,-0.10800,0.65034,0.02472,-0.05520,-0.15402,-0.98622,5046.07646
-0.13376,-0.10800,0.65034,0.02472,-0.05520,-0.15402,-0.98622,5050.43080
-0.12948,-0.10800,0.65034,0.02472,-0.05520,-0.15402,-0.98622,5054.62910
-0.12536,-0.10800,0.65034,0.02472,-0.05520,-0.15402,-0.98622,5058.66871
-0.12140,-0.10800,0.65034,0.02472,-0.05520,-0.15402,-0.98622,5062.54709
-0.11760,-0.10800,0.65034,0.02472,-0.05520,-0.15402,-0.98622,5066.26177
-0.11397,-0.10800,0.65034,0.02472,-0.05520,-0.15402,-0.98622,5069.81042
-0.11051,-0.10800,0.65034,0.02472,-0.05520,-0.15402,-0.98622,5073.19080
-0.10721,-0.10800,0.65034,0.02472,-0.05520,-0.15402,-0.98622,5076.40076
-0.10409,-0.10800,0.65034,0.02472,-0.05520,-0.15402,-0.98622,5079.43828
-0.10114,-0.10800,0.65034,0.02472,-0.05520,-0.15402,-0.98622,5082.30145
-0.09836,-0.10800,0.65034,0.02472,-0.05520,-0.15402,-0.98622,5084.98845
-0.09576,-0.10800,0.65034,0.02472,-0.05520,-0.15402,-0.98622,5087.49758
-0.09334,-0.10800,0.65034,0.02472,-0.05520,-0.15402,-0.98622,5089.82727
-0.09110,-0.10800,0.65034,0.02472,-0.05520,-0.15402,-0.98622,5091.97604
-0.08905,-0.10800,0.65034,0.02472,-0.05520,-0.15402,-0.98622,5093.94253
-0.08717,-0.10800,0.65034,0.02472,-0.05520,-0.15402,-0.98622,5095.72550
-0.08548,-0.10800,0.65034,0.02472,-0.05520,-0.15402,-0.98622,5097.32383
-0.08397,-0.10800,0.65034,0.02472,-0.05520,-0.15402,-0.98622,5098.73651
-0.08265,-0.10800,0.65034,0.02472,-0.05520,-0.15402,-0.98622,5099.96263
-0.08152,-0.10800,0.65034,0.02472,-0.05520,-0.15402,-0.98622,5101.00144
-0.08058,-0.10800,0.65034,0.02472,-0.05520,-0.15402,-0.98622,5101.85226
-0.07982,-0.10800,0.65034,0.02472,-0.05520,-0.15402,-0.98622,5102.51458
-0.07925,-0.10800,0.65034,0.02472,-0.05520,-0.15402,-0.98622,5102.98796
-0.07887,-0.10800,0.65034,0.02472,-0.05520,-0.15402,-0.98622,5103.27210
-0.07868,-0.10800,0.65034,0.02472,-0.05520,-0.15402,-0.98622,5103.36684
-0.07868,-0.10800,0.65034,0.02472,-0.05520,-0.15402,-0.98622,5103.46158
-0.07887,-0.10800,0.65034,0.02472,-0.05520,-0.15402,-0.98622,5103.74572
-0.07925,-0.10800,0.65034,0.02472,-0.05520,-0.15402,-0.98622,5104.21910
-0.07982,-0.10800,0.65034,0.02472,-0.05520,-0.15402,-0.98622,5104.88142
-0.08058,-0.10800,0.65034,0.02472,-0.05520,-0.15402,-0.98622,5105.73224
-0.08152,-0.10800,0.65034,0.02472,-0.05520,-0.15402,-0.98622,5106.77105
-0.08265,-0.10800,0.65034,0.02472,-0.05520,-0.15402,-0.98622,5107.99717
-0.08397,-0.10800,0.65034,0.02472,-0.05520,-0.15402,-0.98622,5109.40985
-0.08548,-0.10800,0.65034,0.02472,-0.05520,-0.15402,-0.98622,5111.00817
-0.08717,-0.10800,0.65034,0.02472,-0.05520,-0.15402,-0.98622,5112.79115
-0.08905,-0.10800,0.65034,0.02472,-0.05520,-0.15402,-0.98622,5114.75764
-0.09110,-0.10800,0.65034,0.02472,-0.05520,-0.15402,-0.98622,5116.90641
-0.09334,-0.10800,0.65034,0.02472,-0.05520,-0.15402,-0.98622,5119.23610
-0.09576,-0.10800,0.65034,0.02472,-0.05520,-0.15402,-0.98622,5121.74523
-0.09836,-0.10800,0.65034,0.02472,-0.05520,-0.15402,-0.98622,5124.43223
-0.10114,-0.10800,0.65034,0.02472,-0.05520,-0.15402,-0.98622,5127.29540
-0.10409,-0.10800,0.65034,0.02472,-0.05520,-0.15402,-0.98622,5130.33292
-0.10721,-0.10800,0.65034,0.02472,-0.05520,-0.15402,-0.98622,5133.54288
-0.11051,-0.10800,0.65034,0.02472,-0.05520,-0.15402,-0.98622,5136.92326
-0.11397,-0.10800,0.65034,0.02472,-0.05520,-0.15402,-0.98622,5140.47191
-0.11760,-0.10800,0.65034,0.02472,-0.05520,-0.15402,-0.98622,5144.18659
-0.12140,-0.10800,0.65034,0.02472,-0.05520,-0.15402,-0.98622,5148.06497
-0.12536,-0.10800,0.65034,0.02472,-0.05520,-0.15402,-0.98622,5152.10458
-0.12948,-0.10800,0.65034,0.02472,-0.05520,-0.15402,-0.98622,5156.30288
-0.13376,-0.10800,0.65034,0.02472,-0.05520,-0.15402,-0.98622,5160.65722
-0.13819,-0.10800,0.65034,0.02472,-0.05520,-0.15402,-0.98622,5165.16484
-0.14277,-0.10800,0.65034,0.02472,-0.05520,-0.15402,-0.98622,5169.82290
-0.14751,-0.10800,0.65034,0.02472,-0.05520,-0.15402,-0.98622,5174.62846
-0.15238,-0.10800,0.65034,0.02472,-0.05520,-0.15402,-0.98622,5179.57848
-0.15741,-0.10800,0.65034,0.02472,-0.05520,-0.15402,-0.98622,5184.66983
-0.16257,-0.10800,0.65034,0.02472,-0.05520,-0.15402,-0.98622,5189.89930
-0.16787,-0.10800,0.65034,0.02472,-0.05520,-0.15402,-0.98622,5195.26359
-0.17330,-0.10800,0.65034,0.02472,-0.05520,-0.15402,-0.98622,5200.75931
-0.17886,-0.10800,0.65034,0.02472,-0.05520,-0.15402,-0.98622,5206.38298
-0.18454,-0.10800,0.65034,0.02472,-0.05520,-0.15402,-0.98622,5212.13105
-0.19035,-0.10800,0.65034,0.02472,-0.05520,-0.15402,-0.98622,5217.99990
-0.19628,-0.10800,0.65034,0.02472,-0.05520,-0.15402,-0.98622,5223.98582
-0.20232,-0.10800,0.65034,0.02472,-0.05520,-0.15402,-0.98622,5230.08502
-0.20848,-0.10800,0.65034,0.02472,-0.05520,-0.15402,-0.98622,5236.29366
-0.21474,-0.10800,0.65034,0.02472,-0.05520,-0.15402,-0.98622,5242.60781
-0.22111,-0.10800,0.65034,0.02472,-0.05520,-0.15402,-0.98622,5249.02348
-0.22757,-0.10800,0.65034,0.02472,-0.05520,-0.15402,-0.98622,5255.53662
-0.23413,-0.10800,0.65034,0.02472,-0.05520,-0.15402,-0.98622,5262.14312
-0.24079,-0.10800,0.65034,0.02472,-0.05520,-0.15402,-0.98622,5268.83881
-0.24753,-0.10800,0.65034,0.02472,-0.05520,-0.15402,-0.98622,5275.61945
-0.25435,-0.10800,0.65034,0.02472,-0.05520,-0.15402,-0.98622,5282.48077
-0.26125,-0.10800,0.65034,0.02472,-0.05520,-0.15402,-0.98622,5289.41842
-0.26822,-0.10800,0.65034,0.02472,-0.05520,-0.15402,-0.98622,5296.42803
-0.27527,-0.10800,0.65034,0.02472,-0.05520,-0.15402,-0.98622,5303.50517
-0.28238,-0.10800,0.65034,0.02472,-0.05520,-0.15402,-0.98622,5310.64537
-0.28955,-0.10800,0.65034,0.02472,-0.05520,-0.15402,-0.98622,5317.84413
-0.29677,-0.10800,0.65034,0.02472,-0.05520,-0.15402,-0.98622,5325.09688
-0.30405,-0.10800,0.65034,0.02472,-0.05520,-0.15402,-0.98622,5332.39906
-0.31138,-0.10800,0.65034,0.02472,-0.05520,-0.15402,-0.98622,5339.74604
-0.31875,-0.10800,0.65034,0.02472,-0.05520,-0.15402,-0.98622,5347.13320
-0.32615,-0.10800,0.65034,0.02472,-0.05520,-0.15402,-0.98622,5354.55586
-0.33359,-0.10800,0.65034,0.02472,-0.05520,-0.15402,-0.98622,5362.00933
-0.34106,-0.10800,0.65034,0.02472,-0.05520,-0.15402,-0.98622,5369.48891
-0.34855,-0.10800,0.65034,0.02472,-0.05520,-0.15402,-0.98622,5376.98987
-0.35606,-0.10800,0.65034,0.02472,-0.05520,-0.15402,-0.98622,5384.50748
-0.36359,-0.10800,0.65034,0.02472,-0.05520,-0.15402,-0.98622,5392.03699
-0.37112,-0.10800,0.65034,0.02472,-0.05520,-0.15402,-0.98622,5399.57364
-0.37866,-0.10800,0.65034,0.02472,-0.05520,-0.15402,-0.98622,5407.11267
-0.38620,-0.10800,0.65034,0.02472,-0.05520,-0.15402,-0.98622,5414.64932
-0.39373,-0.10800,0.65034,0.02472,-0.05520,-0.15402,-0.98622,5422.17882
-0.40126,-0.10800,0.65034,0.02472,-0.05520,-0.15402,-0.98622,5429.69643
-0.40877,-0.10800,0.65034,0.02472,-0.05520,-0.15402,-0.98622,5437.19740
-0.41626,-0.10800,0.65034,0.02472,-0.05520,-0.15402,-0.98622,5444.67698
-0.42373,-0.10800,0.65034,0.02472,-0.05520,-0.15402,-0.98622,5452.13045
-0.43117,-0.10800,0.65034,0.02472,-0.05520,-0.15402,-0.98622,5459.55311
-0.43857,-0.10800,0.65034,0.02472,-0.05520,-0.15402,-0.98622,5466.94026
-0.44594,-0.10800,0.65034,0.02472,-0.05520,-0.15402,-0.98622,5474.28725
-0.45327,-0.10800,0.65034,0.02472,-0.05520,-0.15402,-0.98622,5481.58943
-0.46055,-0.10800,0.65034,0.02472,-0.05520,-0.15402,-0.98622,5488.84218
-0.46777,-0.10800,0.65034,0.02472,-0.05520,-0.15402,-0.98622,5496.04093
-0.47494,-0.10800,0.65034,0.02472,-0.05520,-0.15402,-0.98622,5503.18113
-0.48205,-0.10800,0.65034,0.02472,-0.05520,-0.15402,-0.98622,5510.25827
-0.48910,-0.10800,0.65034,0.02472,-0.05520,-0.15402,-0.98622,5517.26789
-0.49607,-0.10800,0.65034,0.02472,-0.05520,-0.15402,-0.98622,5524.20554
-0.50297,-0.10800,0.65034,0.02472,-0.05520,-0.15402,-0.98622,5531.06686
-0.50979,-0.10800,0.65034,0.02472,-0.05520,-0.15402,-0.98622,5537.84750
-0.51653,-0.10800,0.65034,0.02472,-0.05520,-0.15402,-0.98622,5544.54318
-0.52319,-0.10800,0.65034,0.02472,-0.05520,-0.15402,-0.98622,5551.14968
-0.52975,-0.10800,0.65034,0.02472,-0.05520,-0.15402,-0.98622,5557.66283
-0.53621,-0.10800,0.65034,0.02472,-0.05520,-0.15402,-0.98622,5564.07850
-0.54258,-0.10800,0.65034,0.02472,-0.05520,-0.15402,-0.98622,5570.39265
-0.54884,-0.10800,0.65034,0.02472,-0.05520,-0.15402,-0.98622,5576.60128
-0.55500,-0.10800,0.65034,0.02472,-0.05520,-0.15402,-0.98622,5582.70049
-0.56104,-0.10800,0.65034,0.02472,-0.05520,-0.15402,-0.98622,5588.68640
-0.56697,-0.10800,0.65034,0.02472,-0.05520,-0.15402,-0.98622,5594.55525
-0.57278,-0.10800,0.65034,0.02472,-0.05520,-0.15402,-0.98622,5600.30333
-0.57846,-0.10800,0.65034,0.02472,-0.05520,-0.15402,-0.98622,5605.92700
-0.58402,-0.10800,0.65034,0.02472,-0.05520,-0.15402,-0.98622,5611.42271
-0.58945,-0.10800,0.65034,0.02472,-0.05520,-0.15402,-0.98622,5616.78700
-0.59475,-0.10800,0.65034,0.02472,-0.05520,-0.15402,-0.98622,5622.01647
-0.59991,-0.10800,0.65034,0.02472,-0.05520,-0.15402,-0.98622,5627.10783
-0.60494,-0.10800,0.65034,0.02472,-0.05520,-0.15402,-0.98622,5632.05785
-0.60981,-0.10800,0.65034,0.02472,-0.05520,-0.15402,-0.98622,5636.86340
-0.61455,-0.10800,0.65034,0.02472,-0.05520,-0.15402,-0.98622,5641.52147
-0.61913,-0.10800,0.65034,0.02472,-0.05520,-0.15402,-0.98622,5646.02909
-0.62356,-0.10800,0.65034,0.02472,-0.05520,-0.15402,-0.98622,5650.38343
-0.62784,-0.10800,0.65034,0.02472,-0.05520,-0.15402,-0.98622,5654.58173
-0.63196,-0.10800,0.65034,0.02472,-0.05520,-0.15402,-0.98622,5658.62134
-0.63592,-0.10800,0.65034,0.02472,-0.05520,-0.15402,-0.98622,5662.49971
-0.63972,-0.10800,0.65034,0.02472,-0.05520,-0.15402,-0.98622,5666.21440
-0.64335,-0.10800,0.65034,0.02472,-0.05520,-0.15402,-0.98622,5669.76305
-0.64681,-0.10800,0.65034,0.02472,-0.05520,-0.15402,-0.98622,5673.14342
-0.65011,-0.10800,0.65034,0.02472,-0.05520,-0.15402,-0.98622,5676.35339
-0.65323,-0.10800,0.65034,0.02472,-0.05520,-0.15402,-0.98622,5679.39091
-0.65618,-0.10800,0.65034,0.02472,-0.05520,-0.15402,-0.98622,5682.25408
-0.65896,-0.10800,0.65034,0.02472,-0.05520,-0.15402,-0.98622,5684.94107
-0.66156,-0.10800,0.65034,0.02472,-0.05520,-0.15402,-0.98622,5687.45021
-0.66398,-0.10800,0.65034,0.02472,-0.05520,-0.15402,-0.98622,5689.77990
-0.66622,-0.10800,0.65034,0.02472,-0.05520,-0.15402,-0.98622,5691.92867
-0.66827,-0.10800,0.65034,0.02472,-0.05520,-0.15402,-0.98622,5693.89516
-0.67015,-0.10800,0.65034,0.02472,-0.05520,-0.15402,-0.98622,5695.67813
-0.67184,-0.10800,0.65034,0.02472,-0.05520,-0.15402,-0.98622,5697.27646
-0.67335,-0.10800,0.65034,0.02472,-0.05520,-0.15402,-0.98622,5698.68913
-0.67467,-0.10800,0.65034,0.02472,-0.05520,-0.15402,-0.98622,5699.91526
-0.67580,-0.10800,0.65034,0.02472,-0.05520,-0.15402,-0.98622,5700.95406
-0.67674,-0.10800,0.65034,0.02472,-0.05520,-0.15402,-0.98622,5701.80489
-0.67750,-0.10800,0.65034,0.02472,-0.05520,-0.15402,-0.98622,5702.46720
-0.67807,-0.10800,0.65034,0.02472,-0.05520,-0.15402,-0.98622,5702.94058
-0.67845,-0.10800,0.65034,0.02472,-0.05520,-0.15402,-0.98622,5703.22473
-0.67864,-0.10800,0.65034,0.02472,-0.05520,-0.15402,-0.98622,5703.31947
-0.67864,-0.10800,0.65034,0.02472,-0.05520,-0.15402,-0.98622,5703.41420
-0.67845,-0.10800,0.65034,0.02472,-0.05520,-0.15402,-0.98622,5703.69835
-0.67807,-0.10800,0.65034,0.02472,-0.05520,-0.15402,-0.98622,5704.17173
-0.67750,-0.10800,0.65034,0.02472,-0.05520,-0.15402,-0.98622,5704.83404
-0.67674,-0.10800,0.65034,0.02472,-0.05520,-0.15402,-0.98622,5705.68487
-0.67580,-0.10800,0.65034,0.02472,-0.05520,-0.15402,-0.98622,5706.72367
-0.67467,-0.10800,0.65034,0.02472,-0.05520,-0.15402,-0.98622,5707.94980
-0.67335,-0.10800,0.65034,0.02472,-0.05520,-0.15402,-0.98622,5709.36247
-0.67184,-0.10800,0.65034,0.02472,-0.05520,-0.15402,-0.98622,5710.96080
-0.67015,-0.10800,0.65034,0.02472,-0.05520,-0.15402,-0.98622,5712.74377
-0.66827,-0.10800,0.65034,0.02472,-0.05520,-0.15402,-0.98622,5714.71027
-0.66622,-0.10800,0.65034,0.02472,-0.05520,-0.15402,-0.98622,5716.85903
-0.66398,-0.10800,0.65034,0.02472,-0.05520,-0.15402,-0.98622,5719.18872
-0.66156,-0.10800,0.65034,0.02472,-0.05520,-0.15402,-0.98622,5721.69786
-0.65896,-0.10800,0.65034,0.02472,-0.05520,-0.15402,-0.98622,5724.38486
-0.65618,-0.10800,0.65034,0.02472,-0.05520,-0.15402,-0.98622,5727.24802
-0.65323,-0.10800,0.65034,0.02472,-0.05520,-0.15402,-0.98622,5730.28555
-0.65011,-0.10800,0.65034,0.02472,-0.05520,-0.15402,-0.98622,5733.49551
-0.64681,-0.10800,0.65034,0.02472,-0.05520,-0.15402,-0.98622,5736.87588
-0.64335,-0.10800,0.65034,0.02472,-0.05520,-0.15402,-0.98622,5740.42453
-0.63972,-0.10800,0.65034,0.02472,-0.05520,-0.15402,-0.98622,5744.13922
-0.63592,-0.10800,0.65034,0.02472,-0.05520,-0.15402,-0.98622,5748.01759
-0.63196,-0.10800,0.65034,0.02472,-0.05520,-0.15402,-0.98622,5752.05721
-0.62784,-0.10800,0.65034,0.02472,-0.05520,-0.15402,-0.98622,5756.25551
-0.62356,-0.10800,0.65034,0.02472,-0.05520,-0.15402,-0.98622,5760.60984
-0.61913,-0.10800,0.65034,0.02472,-0.05520,-0.15402,-0.98622,5765.11747
-0.61455,-0.10800,0.65034,0.02472,-0.05520,-0.15402,-0.98622,5769.77553
-0.60981,-0.10800,0.65034,0.02472,-0.05520,-0.15402,-0.98622,5774.58109
-0.60494,-0.10800,0.65034,0.02472,-0.05520,-0.15402,-0.98622,5779.53110
-0.59991,-0.10800,0.65034,0.02472,-0.05520,-0.15402,-0.98622,5784.62246
-0.59475,-0.10800,0.65034,0.02472,-0.05520,-0.15402,-0.98622,5789.85193
-0.58945,-0.10800,0.65034,0.02472,-0.05520,-0.15402,-0.98622,5795.21622
-0.58402,-0.10800,0.65034,0.02472,-0.05520,-0.15402,-0.98622,5800.71193
-0.57846,-0.10800,0.65034,0.02472,-0.05520,-0.15402,-0.98622,5806.33561
-0.57278,-0.10800,0.65034,0.02472,-0.05520,-0.15402,-0.98622,5812.08368
-0.56697,-0.10800,0.65034,0.02472,-0.05520,-0.15402,-0.98622,5817.95253
-0.56104,-0.10800,0.65034,0.02472,-0.05520,-0.15402,-0.98622,5823.93845
-0.55500,-0.10800,0.65034,0.02472,-0.05520,-0.15402,-0.98622,5830.03765
-0.54884,-0.10800,0.65034,0.02472,-0.05520,-0.15402,-0.98622,5836.24629
-0.54258,-0.10800,0.65034,0.02472,-0.05520,-0.15402,-0.98622,5842.56043
-0.53621,-0.10800,0.65034,0.02472,-0.05520,-0.15402,-0.98622,5848.97610
-0.52975,-0.10800,0.65034,0.02472,-0.05520,-0.15402,-0.98622,5855.48925
-0.52319,-0.10800,0.65034,0.02472,-0.05520,-0.15402,-0.98622,5862.09575
-0.51653,-0.10800,0.65034,0.02472,-0.05520,-0.15402,-0.98622,5868.79144
-0.50979,-0.10800,0.65034,0.02472,-0.05520,-0.15402,-0.98622,5875.57208
-0.50297,-0.10800,0.65034,0.02472,-0.05520,-0.15402,-0.98622,5882.43339
-0.49607,-0.10800,0.65034,0.02472,-0.05520,-0.15402,-0.98622,5889.37105
-0.48910,-0.10800,0.65034,0.02472,-0.05520,-0.15402,-0.98622,5896.38066
-0.48205,-0.10800,0.65034,0.02472,-0.05520,-0.15402,-0.98622,5903.45780
-0.47494,-0.10800,0.65034,0.02472,-0.05520,-0.15402,-0.98622,5910.59800
-0.46777,-0.10800,0.65034,0.02472,-0.05520,-0.15402,-0.98622,5917.79675
-0.46055,-0.10800,0.65034,0.02472,-0.05520,-0.15402,-0.98622,5925.04951
-0.45327,-0.10800,0.65034,0.02472,-0.05520,-0.15402,-0.98622,5932.35168
-0.44594,-0.10800,0.65034,0.02472,-0.05520,-0.15402,-0.98622,5939.69867
-0.43857,-0.10800,0.65034,0.02472,-0.05520,-0.15402,-0.98622,5947.08582
-0.43117,-0.10800,0.65034,0.02472,-0.05520,-0.15402,-0.98622,5954.50848
-0.42373,-0.10800,0.65034,0.02472,-0.05520,-0.15402,-0.98622,5961.96196
-0.41626,-0.10800,0.65034,0.02472,-0.05520,-0.15402,-0.98622,5969.44154
-0.40877,-0.10800,0.65034,0.02472,-0.05520,-0.15402,-0.98622,5976.94250
-0.40126,-0.10800,0.65034,0.02472,-0.05520,-0.15402,-0.98622,5984.46011
-0.39373,-0.10800,0.65034,0.02472,-0.05520,-0.15402,-0.98622,5991.98962
-0.38620,-0.10800,0.65034,0.02472,-0.05520,-0.15402,-0.98622,5999.52627
-0.37866,-0.10800,0.65034,0.02472,-0.05520,-0.15402,-0.98622,6007.06529
-0.37112,-0.10800,0.65034,0.02472,-0.05520,-0.15402,-0.98622,6014.60194
-0.36359,-0.10800,0.65034,0.02472,-0.05520,-0.15402,-0.98622,6022.13145
-0.35606,-0.10800,0.65034,0.02472,-0.05520,-0.15402,-0.98622,6029.64906
-0.34855,-0.10800,0.65034,0.02472,-0.05520,-0.15402,-0.98622,6037.15002
-0.34106,-0.10800,0.65034,0.02472,-0.05520,-0.15402,-0.98622,6044.62960
-0.33359,-0.10800,0.65034,0.02472,-0.05520,-0.15402,-0.98622,6052.08308
-0.32615,-0.10800,0.65034,0.02472,-0.05520,-0.15402,-0.98622,6059.50574
-0.31875,-0.10800,0.65034,0.02472,-0.05520,-0.15402,-0.98622,6066.89289
-0.31138,-0.10800,0.65034,0.02472,-0.05520,-0.15402,-0.98622,6074.23988
-0.30405,-0.10800,0.65034,0.02472,-0.05520,-0.15402,-0.98622,6081.54205
-0.29677,-0.10800,0.65034,0.02472,-0.05520,-0.15402,-0.98622,6088.79481
-0.28955,-0.10800,0.65034,0.02472,-0.05520,-0.15402,-0.98622,6095.99356
-0.28238,-0.10800,0.65034,0.02472,-0.05520,-0.15402,-0.98622,6103.13376
-0.27527,-0.10800,0.65034,0.02472,-0.05520,-0.15402,-0.98622,6110.21090
-0.26822,-0.10800,0.65034,0.02472,-0.05520,-0.15402,-0.98622,6117.22051
-0.26125,-0.10800,0.65034,0.02472,-0.05520,-0.15402,-0.98622,6124.15817
-0.25435,-0.10800,0.65034,0.02472,-0.05520,-0.15402,-0.98622,6131.01948
-0.24753,-0.10800,0.65034,0.02472,-0.05520,-0.15402,-0.98622,6137.80012
-0.24079,-0.10800,0.65034,0.02472,-0.05520,-0.15402,-0.98622,6144.49581
-0.23413,-0.10800,0.65034,0.02472,-0.05520,-0.15402,-0.98622,6151.10231
-0.22757,-0.10800,0.65034,0.02472,-0.05520,-0.15402,-0.98622,6157.61545
-0.22111,-0.10800,0.65034,0.02472,-0.05520,-0.15402,-0.98622,6164.03113
-0.21474,-0.10800,0.65034,0.02472,-0.05520,-0.15402,-0.98622,6170.34527
-0.20848,-0.10800,0.65034,0.02472,-0.05520,-0.15402,-0.98622,6176.55391
-0.20232,-0.10800,0.65034,0.02472,-0.05520,-0.15402,-0.98622,6182.65311
-0.19628,-0.10800,0.65034,0.02472,-0.05520,-0.15402,-0.98622,6188.63903
-0.19035,-0.10800,0.65034,0.02472,-0.05520,-0.15402,-0.98622,6194.50788
-0.18454,-0.10800,0.65034,0.02472,-0.05520,-0.15402,-0.98622,6200.25595
-0.17886,-0.10800,0.65034,0.02472,-0.05520,-0.15402,-0.98622,6205.87963
-0.17330,-0.10800,0.65034,0.02472,-0.05520,-0.15402,-0.98622,6211.37534
-0.16787,-0.10800,0.65034,0.02472,-0.05520,-0.15402,-0.98622,6216.73963
-0.16257,-0.10800,0.65034,0.02472,-0.05520,-0.15402,-0.98622,6221.96910
-0.15741,-0.10800,0.65034,0.02472,-0.05520,-0.15402,-0.98622,6227.06045
-0.15238,-0.10800,0.65034,0.02472,-0.05520,-0.15402,-0.98622,6232.01047
-0.14751,-0.10800,0.65034,0.02472,-0.05520,-0.15402,-0.98622,6236.81603
-0.14277,-0.10800,0.65034,0.02472,-0.05520,-0.15402,-0.98622,6241.47409
-0.13819,-0.10800,0.65034,0.02472,-0.05520,-0.15402,-0.98622,6245.98171
-0.13376,-0.10800,0.65034,0.02472,-0.05520,-0.15402,-0.98622,6250.33605
-0.12948,-0.10800,0.65034,0.02472,-0.05520,-0.15402,-0.98622,6254.53435
-0.12536,-0.10800,0.65034,0.02472,-0.05520,-0.15402,-0.98622,6258.57397
-0.12140,-0.10800,0.65034,0.02472,-0.05520,-0.15402,-0.98622,6262.45234
-0.11760,-0.10800,0.65034,0.02472,-0.05520,-0.15402,-0.98622,6266.16703
-0.11397,-0.10800,0.65034,0.02472,-0.05520,-0.15402,-0.98622,6269.71568
-0.11051,-0.10800,0.65034,0.02472,-0.05520,-0.15402,-0.98622,6273.09605
-0.10721,-0.10800,0.65034,0.02472,-0.05520,-0.15402,-0.98622,6276.30601
-0.10409,-0.10800,0.65034,0.02472,-0.05520,-0.15402,-0.98622,6279.34354
-0.10114,-0.10800,0.65034,0.02472,-0.05520,-0.15402,-0.98622,6282.20670
-0.09836,-0.10800,0.65034,0.02472,-0.05520,-0.15402,-0.98622,6284.89370
-0.09576,-0.10800,0.65034,0.02472,-0.05520,-0.15402,-0.98622,6287.40284
-0.09334,-0.10800,0.65034,0.02472,-0.05520,-0.15402,-0.98622,6289.73253
-0.09110,-0.10800,0.65034,0.02472,-0.05520,-0.15402,-0.98622,6291.88129
-0.08905,-0.10800,0.65034,0.02472,-0.05520,-0.15402,-0.98622,6293.84779
-0.08717,-0.10800,0.65034,0.02472,-0.05520,-0.15402,-0.98622,6295.63076
-0.08548,-0.10800,0.65034,0.02472,-0.05520,-0.15402,-0.98622,6297.22909
-0.08397,-0.10800,0.65034,0.02472,-0.05520,-0.15402,-0.98622,6298.64176
-0.08265,-0.10800,0.65034,0.02472,-0.05520,-0.15402,-0.98622,6299.86789
-0.08152,-0.10800,0.65034,0.02472,-0.05520,-0.15402,-0.98622,6300.90669
-0.08058,-0.10800,0.65034,0.02472,-0.05520,-0.15402,-0.98622,6301.75752
-0.07982,-0.10800,0.65034,0.02472,-0.05520,-0.15402,-0.98622,6302.41983
-0.07925,-0.10800,0.65034,0.02472,-0.05520,-0.15402,-0.98622,6302.89321
-0.07887,-0.10800,0.65034,0.02472,-0.05520,-0.15402,-0.98622,6303.17736
-0.07868,-0.10800,0.65034,0.02472,-0.05520,-0.15402,-0.98622,6303.27209
-0.07868,-0.10800,0.65034,0.02472,-0.05520,-0.15402,-0.98622,6303.36683
-0.07887,-0.10800,0.65034,0.02472,-0.05520,-0.15402,-0.98622,6303.65098
-0.07925,-0.10800,0.65034,0.02472,-0.05520,-0.15402,-0.98622,6304.12436
-0.07982,-0.10800,0.65034,0.02472,-0.05520,-0.15402,-0.98622,6304.78667
-0.08058,-0.10800,0.65034,0.02472,-0.05520,-0.15402,-0.98622,6305.63750
-0.08152,-0.10800,0.65034,0.02472,-0.05520,-0.15402,-0.98622,6306.67630
-0.08265,-0.10800,0.65034,0.02472,-0.05520,-0.15402,-0.98622,6307.90243
-0.08397,-0.10800,0.65034,0.02472,-0.05520,-0.15402,-0.98622,6309.31510
-0.08548,-0.10800,0.65034,0.02472,-0.05520,-0.15402,-0.98622,6310.91343
-0.08717,-0.10800,0.65034,0.02472,-0.05520,-0.15402,-0.98622,6312.69640
-0.08905,-0.10800,0.65034,0.02472,-0.05520,-0.15402,-0.98622,6314.66289
-0.09110,-0.10800,0.65034,0.02472,-0.05520,-0.15402,-0.98622,6316.81166
-0.09334,-0.10800,0.65034,0.02472,-0.05520,-0.15402,-0.98622,6319.14135
-0.09576,-0.10800,0.65034,0.02472,-0.05520,-0.15402,-0.98622,6321.65048
-0.09836,-0.10800,0.65034,0.02472,-0.05520,-0.15402,-0.98622,6324.33748
-0.10114,-0.10800,0.65034,0.02472,-0.05520,-0.15402,-0.98622,6327.20065
-0.10409,-0.10800,0.65034,0.02472,-0.05520,-0.15402,-0.98622,6330.23817
-0.10721,-0.10800,0.65034,0.02472,-0.05520,-0.15402,-0.98622,6333.44813
-0.11051,-0.10800,0.65034,0.02472,-0.05520,-0.15402,-0.98622,6336.82851
-0.11397,-0.10800,0.65034,0.02472,-0.05520,-0.15402,-0.98622,6340.37716
-0.11760,-0.10800,0.65034,0.02472,-0.05520,-0.15402,-0.98622,6344.09184
-0.12140,-0.10800,0.65034,0.02472,-0.05520,-0.15402,-0.98622,6347.97022
-0.12536,-0.10800,0.65034,0.02472,-0.05520,-0.15402,-0.98622,6352.00983
-0.12948,-0.10800,0.65034,0.02472,-0.05520,-0.15402,-0.98622,6356.20813
-0.13376,-0.10800,0.65034,0.02472,-0.05520,-0.15402,-0.98622,6360.56247
-0.13819,-0.10800,0.65034,0.02472,-0.05520,-0.15402,-0.98622,6365.07009
-0.14277,-0.10800,0.65034,0.02472,-0.05520,-0.15402,-0.98622,6369.72815
-0.14751,-0.10800,0.65034,0.02472,-0.05520,-0.15402,-0.98622,6374.53371
-0.15238,-0.10800,0.65034,0.02472,-0.05520,-0.15402,-0.98622,6379.48373
-0.15741,-0.10800,0.65034,0.02472,-0.05520,-0.15402,-0.98622,6384.57508
-0.16257,-0.10800,0.65034,0.02472,-0.05520,-0.15402,-0.98622,6389.80456
-0.16787,-0.10800,0.65034,0.02472,-0.05520,-0.15402,-0.98622,6395.16884
-0.17330,-0.10800,0.65034,0.02472,-0.05520,-0.15402,-0.98622,6400.66456
-0.17886,-0.10800,0.65034,0.02472,-0.05520,-0.15402,-0.98622,6406.28823
-0.18454,-0.10800,0.65034,0.02472,-0.05520,-0.15402,-0.98622,6412.03631
-0.19035,-0.10800,0.65034,0.02472,-0.05520,-0.15402,-0.98622,6417.90516
-0.19628,-0.10800,0.65034,0.02472,-0.05520,-0.15402,-0.98622,6423.89107
-0.20232,-0.10800,0.65034,0.02472,-0.05520,-0.15402,-0.98622,6429.99028
-0.20848,-0.10800,0.65034,0.02472,-0.05520,-0.15402,-0.98622,6436.19891
-0.21474,-0.10800,0.65034,0.02472,-0.05520,-0.15402,-0.98622,6442.51306
-0.22111,-0.10800,0.65034,0.02472,-0.05520,-0.15402,-0.98622,6448.92873
-0.22757,-0.10800,0.65034,0.02472,-0.05520,-0.15402,-0.98622,6455.44187
-0.23413,-0.10800,0.65034,0.02472,-0.05520,-0.15402,-0.98622,6462.04838
-0.24079,-0.10800,0.65034,0.02472,-0.05520,-0.15402,-0.98622,6468.74406
-0.24753,-0.10800,0.65034,0.02472,-0.05520,-0.15402,-0.98622,6475.52470
-0.25435,-0.10800,0.65034,0.02472,-0.05520,-0.15402,-0.98622,6482.38602
-0.26125,-0.10800,0.65034,0.02472,-0.05520,-0.15402,-0.98622,6489.32367
-0.26822,-0.10800,0.65034,0.02472,-0.05520,-0.15402,-0.98622,6496.33328
-0.27527,-0.10800,0.65034,0.02472,-0.05520,-0.15402,-0.98622,6503.41043
-0.28238,-0.10800,0.65034,0.02472,-0.05520,-0.15402,-0.98622,6510.55063
-0.28955,-0.10800,0.65034,0.02472,-0.05520,-0.15402,-0.98622,6517.74938
-0.29677,-0.10800,0.65034,0.02472,-0.05520,-0.15402,-0.98622,6525.00213
-0.30405,-0.10800,0.65034,0.02472,-0.05520,-0.15402,-0.98622,6532.30431
-0.31138,-0.10800,0.65034,0.02472,-0.05520,-0.15402,-0.98622,6539.65129
-0.31875,-0.10800,0.65034,0.02472,-0.05520,-0.15402,-0.98622,6547.03845
-0.32615,-0.10800,0.65034,0.02472,-0.05520,-0.15402,-0.98622,6554.46111
-0.33359,-0.10800,0.65034,0.02472,-0.05520,-0.15402,-0.98622,6561.91458
-0.34106,-0.10800,0.65034,0.02472,-0.05520,-0.15402,-0.98622,6569.39416
-0.34855,-0.10800,0.65034,0.02472,-0.05520,-0.15402,-0.98622,6576.89513
-0.35606,-0.10800,0.65034,0.02472,-0.05520,-0.15402,-0.98622,6584.41274
-0.36359,-0.10800,0.65034,0.02472,-0.05520,-0.15402,-0.98622,6591.94224
-0.37112,-0.10800,0.65034,0.02472,-0.05520,-0.15402,-0.98622,6599.47889
-0.37866,-0.10800,0.65034,0.02472,-0.05520,-0.15402,-0.98622,6607.01792
-0.38620,-0.10800,0.65034,0.02472,-0.05520,-0.15402,-0.98622,6614.55457
-0.39373,-0.10800,0.65034,0.02472,-0.05520,-0.15402,-0.98622,6622.08407
-0.40126,-0.10800,0.65034,0.02472,-0.05520,-0.15402,-0.98622,6629.60168
-0.40877,-0.10800,0.65034,0.02472,-0.05520,-0.15402,-0.98622,6637.10265
-0.41626,-0.10800,0.65034,0.02472,-0.05520,-0.15402,-0.98622,6644.58223
-0.42373,-0.10800,0.65034,0.02472,-0.05520,-0.15402,-0.98622,6652.03570
-0.43117,-0.10800,0.65034,0.02472,-0.05520,-0.15402,-0.98622,6659.45836
-0.43857,-0.10800,0.65034,0.02472,-0.05520,-0.15402,-0.98622,6666.84552
-0.44594,-0.10800,0.65034,0.02472,-0.05520,-0.15402,-0.98622,6674.19250
-0.45327,-0.10800,0.65034,0.02472,-0.05520,-0.15402,-0.98622,6681.49468
-0.46055,-0.10800,0.65034,0.02472,-0.05520,-0.15402,-0.98622,6688.74743
-0.46777,-0.10800,0.65034,0.02472,-0.05520,-0.15402,-0.98622,6695.94618
-0.47494,-0.10800,0.65034,0.02472,-0.05520,-0.15402,-0.98622,6703.08639
-0.48205,-0.10800,0.65034,0.02472,-0.05520,-0.15402,-0.98622,6710.16353
-0.48910,-0.10800,0.65034,0.02472,-0.05520,-0.15402,-0.98622,6717.17314
-0.49607,-0.10800,0.65034,0.02472,-0.05520,-0.15402,-0.98622,6724.11079
-0.50297,-0.10800,0.65034,0.02472,-0.05520,-0.15402,-0.98622,6730.97211
-0.50979,-0.10800,0.65034,0.02472,-0.05520,-0.15402,-0.98622,6737.75275
-0.51653,-0.10800,0.65034,0.02472,-0.05520,-0.15402,-0.98622,6744.44844
-0.52319,-0.10800,0.65034,0.02472,-0.05520,-0.15402,-0.98622,6751.05494
-0.52975,-0.10800,0.65034,0.02472,-0.05520,-0.15402,-0.98622,6757.56808
-0.53621,-0.10800,0.65034,0.02472,-0.05520,-0.15402,-0.98622,6763.98375
-0.54258,-0.10800,0.65034,0.02472,-0.05520,-0.15402,-0.98622,6770.29790
-0.54884,-0.10800,0.65034,0.02472,-0.05520,-0.15402,-0.98622,6776.50654
-0.55500,-0.10800,0.65034,0.02472,-0.05520,-0.15402,-0.98622,6782.60574
-0.56104,-0.10800,0.65034,0.02472,-0.05520,-0.15402,-0.98622,6788.59165
-0.56697,-0.10800,0.65034,0.02472,-0.05520,-0.15402,-0.98622,6794.46050
-0.57278,-0.10800,0.65034,0.02472,-0.05520,-0.15402,-0.98622,6800.20858
-0.57846,-0.10800,0.65034,0.02472,-0.05520,-0.15402,-0.98622,6805.83225
-0.58402,-0.10800,0.65034,0.02472,-0.05520,-0.15402,-0.98622,6811.32797
-0.58945,-0.10800,0.65034,0.02472,-0.05520,-0.15402,-0.98622,6816.69226
-0.59475,-0.10800,0.65034,0.02472,-0.05520,-0.15402,-0.98622,6821.92173
-0.59991,-0.10800,0.65034,0.02472,-0.05520,-0.15402,-0.98622,6827.01308
-0.60494,-0.10800,0.65034,0.02472,-0.05520,-0.15402,-0.98622,6831.96310
-0.60981,-0.10800,0.65034,0.02472,-0.05520,-0.15402,-0.98622,6836.76866
-0.61455,-0.10800,0.65034,0.02472,-0.05520,-0.15402,-0.98622,6841.42672
-0.61913,-0.10800,0.65034,0.02472,-0.05520,-0.15402,-0.98622,6845.93434
-0.62356,-0.10800,0.65034,0.02472,-0.05520,-0.15402,-0.98622,6850.28868
-0.62784,-0.10800,0.65034,0.02472,-0.05520,-0.15402,-0.98622,6854.48698
-0.63196,-0.10800,0.65034,0.02472,-0.05520,-0.15402,-0.98622,6858.52659
-0.63592,-0.10800,0.65034,0.02472,-0.05520,-0.15402,-0.98622,6862.40497
-0.63972,-0.10800,0.65034,0.02472,-0.05520,-0.15402,-0.98622,6866.11965
-0.64335,-0.10800,0.65034,0.02472,-0.05520,-0.15402,-0.98622,6869.66830
-0.64681,-0.10800,0.65034,0.02472,-0.05520,-0.15402,-0.98622,6873.04868
-0.65011,-0.10800,0.65034,0.02472,-0.05520,-0.15402,-0.98622,6876.25864
-0.65323,-0.10800,0.65034,0.02472,-0.05520,-0.15402,-0.98622,6879.29616
-0.65618,-0.10800,0.65034,0.02472,-0.05520,-0.15402,-0.98622,6882.15933
-0.65896,-0.10800,0.65034,0.02472,-0.05520,-0.15402,-0.98622,6884.84633
-0.66156,-0.10800,0.65034,0.02472,-0.05520,-0.15402,-0.98622,6887.35546
-0.66398,-0.10800,0.65034,0.02472,-0.05520,-0.15402,-0.98622,6889.68515
-0.66622,-0.10800,0.65034,0.02472,-0.05520,-0.15402,-0.98622,6891.83392
-0.66827,-0.10800,0.65034,0.02472,-0.05520,-0.15402,-0.98622,6893.80041
-0.67015,-0.10800,0.65034,0.02472,-0.05520,-0.15402,-0.98622,6895.58338
-0.67184,-0.10800,0.65034,0.02472,-0.05520,-0.15402,-0.98622,6897.18171
-0.67335,-0.10800,0.65034,0.02472,-0.05520,-0.15402,-0.98622,6898.59439
-0.67467,-0.10800,0.65034,0.02472,-0.05520,-0.15402,-0.98622,6899.82051
-0.67580,-0.10800,0.65034,0.02472,-0.05520,-0.15402,-0.98622,6900.85932
-0.67674,-0.10800,0.65034,0.02472,-0.05520,-0.15402,-0.98622,6901.71014
-0.67750,-0.10800,0.65034,0.02472,-0.05520,-0.15402,-0.98622,6902.37246
-0.67807,-0.10800,0.65034,0.02472,-0.05520,-0.15402,-0.98622,6902.84584
-0.67845,-0.10800,0.65034,0.02472,-0.05520,-0.15402,-0.98622,6903.12998
-0.67864,-0.10800,0.65034,0.02472,-0.05520,-0.15402,-0.98622,6903.22472
-0.67864,-0.10800,0.65034,0.02472,-0.05520,-0.15402,-0.98622,6903.31946
-0.67845,-0.10800,0.65034,0.02472,-0.05520,-0.15402,-0.98622,6903.60360
-0.67807,-0.10800,0.65034,0.02472,-0.05520,-0.15402,-0.98622,6904.07698
-0.67750,-0.10800,0.65034,0.02472,-0.05520,-0.15402,-0.98622,6904.73929
-0.67674,-0.10800,0.65034,0.02472,-0.05520,-0.15402,-0.98622,6905.59012
-0.67580,-0.10800,0.65034,0.02472,-0.05520,-0.15402,-0.98622,6906.62893
-0.67467,-0.10800,0.65034,0.02472,-0.05520,-0.15402,-0.98622,6907.85505
-0.67335,-0.10800,0.65034,0.02472,-0.05520,-0.15402,-0.98622,6909.26773
-0.67184,-0.10800,0.65034,0.02472,-0.05520,-0.15402,-0.98622,6910.86605
-0.67015,-0.10800,0.65034,0.02472,-0.05520,-0.15402,-0.98622,6912.64903
-0.66827,-0.10800,0.65034,0.02472,-0.05520,-0.15402,-0.98622,6914.61552
-0.66622,-0.10800,0.65034,0.02472,-0.05520,-0.15402,-0.98622,6916.76429
-0.66398,-0.10800,0.65034,0.02472,-0.05520,-0.15402,-0.98622,6919.09397
-0.66156,-0.10800,0.65034,0.02472,-0.05520,-0.15402,-0.98622,6921.60311
-0.65896,-0.10800,0.65034,0.02472,-0.05520,-0.15402,-0.98622,6924.29011
-0.65618,-0.10800,0.65034,0.02472,-0.05520,-0.15402,-0.98622,6927.15328
-0.65323,-0.10800,0.65034,0.02472,-0.05520,-0.15402,-0.98622,6930.19080
-0.65011,-0.10800,0.65034,0.02472,-0.05520,-0.15402,-0.98622,6933.40076
-0.64681,-0.10800,0.65034,0.02472,-0.05520,-0.15402,-0.98622,6936.78113
-0.64335,-0.10800,0.65034,0.02472,-0.05520,-0.15402,-0.98622,6940.32979
-0.63972,-0.10800,0.65034,0.02472,-0.05520,-0.15402,-0.98622,6944.04447
-0.63592,-0.10800,0.65034,0.02472,-0.05520,-0.15402,-0.98622,6947.92285
-0.63196,-0.10800,0.65034,0.02472,-0.05520,-0.15402,-0.98622,6951.96246
-0.62784,-0.10800,0.65034,0.02472,-0.05520,-0.15402,-0.98622,6956.16076
-0.62356,-0.10800,0.65034,0.02472,-0.05520,-0.15402,-0.98622,6960.51510
-0.61913,-0.10800,0.65034,0.02472,-0.05520,-0.15402,-0.98622,6965.02272
-0.61455,-0.10800,0.65034,0.02472,-0.05520,-0.15402,-0.98622,6969.68078
-0.60981,-0.10800,0.65034,0.02472,-0.05520,-0.15402,-0.98622,6974.48634
-0.60494,-0.10800,0.65034,0.02472,-0.05520,-0.15402,-0.98622,6979.43636
-0.59991,-0.10800,0.65034,0.02472,-0.05520,-0.15402,-0.98622,6984.52771
-0.59475,-0.10800,0.65034,0.02472,-0.05520,-0.15402,-0.98622,6989.75718
-0.58945,-0.10800,0.65034,0.02472,-0.05520,-0.15402,-0.98622,6995.12147
-0.58402,-0.10800,0.65034,0.02472,-0.05520,-0.15402,-0.98622,7000.61719
-0.57846,-0.10800,0.65034,0.02472,-0.05520,-0.15402,-0.98622,7006.24086
-0.57278,-0.10800,0.65034,0.02472,-0.05520,-0.15402,-0.98622,7011.98893
-0.56697,-0.10800,0.65034,0.02472,-0.05520,-0.15402,-0.98622,7017.85778
-0.56104,-0.10800,0.65034,0.02472,-0.05520,-0.15402,-0.98622,7023.84370
-0.55500,-0.10800,0.65034,0.02472,-0.05520,-0.15402,-0.98622,7029.94290
-0.54884,-0.10800,0.65034,0.02472,-0.05520,-0.15402,-0.98622,7036.15154
-0.54258,-0.10800,0.65034,0.02472,-0.05520,-0.15402,-0.98622,7042.46569
-0.53621,-0.10800,0.65034,0.02472,-0.05520,-0.15402,-0.98622,7048.88136
-0.52975,-0.10800,0.65034,0.02472,-0.05520,-0.15402,-0.98622,7055.39450
-0.52319,-0.10800,0.65034,0.02472,-0.05520,-0.15402,-0.98622,7062.00100
-0.51653,-0.10800,0.65034,0.02472,-0.05520,-0.15402,-0.98622,7068.69669
-0.50979,-0.10800,0.65034,0.02472,-0.05520,-0.15402,-0.98622,7075.47733
-0.50297,-0.10800,0.65034,0.02472,-0.05520,-0.15402,-0.98622,7082.33865
-0.49607,-0.10800,0.65034,0.02472,-0.05520,-0.15402,-0.98622,7089.27630
-0.48910,-0.10800,0.65034,0.02472,-0.05520,-0.15402,-0.98622,7096.28591
-0.48205,-0.10800,0.65034,0.02472,-0.05520,-0.15402,-0.98622,7103.36305
-0.47494,-0.10800,0.65034,0.02472,-0.05520,-0.15402,-0.98622,7110.50325
-0.46777,-0.10800,0.65034,0.02472,-0.05520,-0.15402,-0.98622,7117.70201
-0.46055,-0.10800,0.65034,0.02472,-0.05520,-0.15402,-0.98622,7124.95476
-0.45327,-0.10800,0.65034,0.02472,-0.05520,-0.15402,-0.98622,7132.25694
-0.44594,-0.10800,0.65034,0.02472,-0.05520,-0.15402,-0.98622,7139.60392
-0.43857,-0.10800,0.65034,0.02472,-0.05520,-0.15402,-0.98622,7146.99108
-0.43117,-0.10800,0.65034,0.02472,-0.05520,-0.15402,-0.98622,7154.41374
-0.42373,-0.10800,0.65034,0.02472,-0.05520,-0.15402,-0.98622,7161.86721
-0.41626,-0.10800,0.65034,0.02472,-0.05520,-0.15402,-0.98622,7169.34679
-0.40877,-0.10800,0.65034,0.02472,-0.05520,-0.15402,-0.98622,7176.84775
-0.40126,-0.10800,0.65034,0.02472,-0.05520,-0.15402,-0.98622,7184.36536
-0.39373,-0.10800,0.65034,0.02472,-0.05520,-0.15402,-0.98622,7191.89487
-0.38620,-0.10800,0.65034,0.02472,-0.05520,-0.15402,-0.98622,7199.43152
-0.37866,-0.10800,0.65034,0.02472,-0.05520,-0.15402,-0.98622,7206.97055
-0.37112,-0.10800,0.65034,0.02472,-0.05520,-0.15402,-0.98622,7214.50719
-0.36359,-0.10800,0.65034,0.02472,-0.05520,-0.15402,-0.98622,7222.03670
-0.35606,-0.10800,0.65034,0.02472,-0.05520,-0.15402,-0.98622,7229.55431
-0.34855,-0.10800,0.65034,0.02472,-0.05520,-0.15402,-0.98622,7237.05527
-0.34106,-0.10800,0.65034,0.02472,-0.05520,-0.15402,-0.98622,7244.53486
-0.33359,-0.10800,0.65034,0.02472,-0.05520,-0.15402,-0.98622,7251.98833
-0.32615,-0.10800,0.65034,0.02472,-0.05520,-0.15402,-0.98622,7259.41099
-0.31875,-0.10800,0.65034,0.02472,-0.05520,-0.15402,-0.98622,7266.79814
-0.31138,-0.10800,0.65034,0.02472,-0.05520,-0.15402,-0.98622,7274.14513
-0.30405,-0.10800,0.65034,0.02472,-0.05520,-0.15402,-0.98622,7281.44731
-0.29677,-0.10800,0.65034,0.02472,-0.05520,-0.15402,-0.98622,7288.70006
-0.28955,-0.10800,0.65034,0.02472,-0.05520,-0.15402,-0.98622,7295.89881
-0.28238,-0.10800,0.65034,0.02472,-0.05520,-0.15402,-0.98622,7303.03901
-0.27527,-0.10800,0.65034,0.02472,-0.05520,-0.15402,-0.98622,7310.11615
-0.26822,-0.10800,0.65034,0.02472,-0.05520,-0.15402,-0.98622,7317.12577
-0.26125,-0.10800,0.65034,0.02472,-0.05520,-0.15402,-0.98622,7324.06342
-0.25435,-0.10800,0.65034,0.02472,-0.05520,-0.15402,-0.98622,7330.92473
-0.24753,-0.10800,0.65034,0.02472,-0.05520,-0.15402,-0.98622,7337.70538
-0.24079,-0.10800,0.65034,0.02472,-0.05520,-0.15402,-0.98622,7344.40106
-0.23413,-0.10800,0.65034,0.02472,-0.05520,-0.15402,-0.98622,7351.00756
-0.22757,-0.10800,0.65034,0.02472,-0.05520,-0.15402,-0.98622,7357.52071
-0.22111,-0.10800,0.65034,0.02472,-0.05520,-0.15402,-0.98622,7363.93638
-0.21474,-0.10800,0.65034,0.02472,-0.05520,-0.15402,-0.98622,7370.25053
-0.20848,-0.10800,0.65034,0.02472,-0.05520,-0.15402,-0.98622,7376.45916
-0.20232,-0.10800,0.65034,0.02472,-0.05520,-0.15402,-0.98622,7382.55837
-0.19628,-0.10800,0.65034,0.02472,-0.05520,-0.15402,-0.98622,7388.54428
-0.19035,-0.10800,0.65034,0.02472,-0.05520,-0.15402,-0.98622,7394.41313
-0.18454,-0.10800,0.65034,0.02472,-0.05520,-0.15402,-0.98622,7400.16121
-0.17886,-0.10800,0.65034,0.02472,-0.05520,-0.15402,-0.98622,7405.78488
-0.17330,-0.10800,0.65034,0.02472,-0.05520,-0.15402,-0.98622,7411.28059
-0.16787,-0.10800,0.65034,0.02472,-0.05520,-0.15402,-0.98622,7416.64488
-0.16257,-0.10800,0.65034,0.02472,-0.05520,-0.15402,-0.98622,7421.87435
-0.15741,-0.10800,0.65034,0.02472,-0.05520,-0.15402,-0.98622,7426.96571
-0.15238,-0.10800,0.65034,0.02472,-0.05520,-0.15402,-0.98622,7431.91573
-0.14751,-0.10800,0.65034,0.02472,-0.05520,-0.15402,-0.98622,7436.72128
-0.14277,-0.10800,0.65034,0.02472,-0.05520,-0.15402,-0.98622,7441.37935
-0.13819,-0.10800,0.65034,0.02472,-0.05520,-0.15402,-0.98622,7445.88697
-0.13376,-0.10800,0.65034,0.02472,-0.05520,-0.15402,-0.98622,7450.24131
-0.12948,-0.10800,0.65034,0.02472,-0.05520,-0.15402,-0.98622,7454.43961
-0.12536,-0.10800,0.65034,0.02472,-0.05520,-0.15402,-0.98622,7458.47922
-0.12140,-0.10800,0.65034,0.02472,-0.05520,-0.15402,-0.98622,7462.35759
-0.11760,-0.10800,0.65034,0.02472,-0.05520,-0.15402,-0.98622,7466.07228
-0.11397,-0.10800,0.65034,0.02472,-0.05520,-0.15402,-0.98622,7469.62093
-0.11051,-0.10800,0.65034,0.02472,-0.05520,-0.15402,-0.98622,7473.00130
-0.10721,-0.10800,0.65034,0.02472,-0.05520,-0.15402,-0.98622,7476.21127
-0.10409,-0.10800,0.65034,0.02472,-0.05520,-0.15402,-0.98622,7479.24879
-0.10114,-0.10800,0.65034,0.02472,-0.05520,-0.15402,-0.98622,7482.11195
-0.09836,-0.10800,0.65034,0.02472,-0.05520,-0.15402,-0.98622,7484.79895
-0.09576,-0.10800,0.65034,0.02472,-0.05520,-0.15402,-0.98622,7487.30809
-0.09334,-0.10800,0.65034,0.02472,-0.05520,-0.15402,-0.98622,7489.63778
-0.09110,-0.10800,0.65034,0.02472,-0.05520,-0.15402,-0.98622,7491.78655
-0.08905,-0.10800,0.65034,0.02472,-0.05520,-0.15402,-0.98622,7493.75304
-0.08717,-0.10800,0.65034,0.02472,-0.05520,-0.15402,-0.98622,7495.53601
-0.08548,-0.10800,0.65034,0.02472,-0.05520,-0.15402,-0.98622,7497.13434
-0.08397,-0.10800,0.65034,0.02472,-0.05520,-0.15402,-0.98622,7498.54701
-0.08265,-0.10800,0.65034,0.02472,-0.05520,-0.15402,-0.98622,7499.77314
-0.08152,-0.10800,0.65034,0.02472,-0.05520,-0.15402,-0.98622,7500.81194
-0.08058,-0.10800,0.65034,0.02472,-0.05520,-0.15402,-0.98622,7501.66277
-0.07982,-0.10800,0.65034,0.02472,-0.05520,-0.15402,-0.98622,7502.32508
-0.07925,-0.10800,0.65034,0.02472,-0.05520,-0.15402,-0.98622,7502.79846
-0.07887,-0.10800,0.65034,0.02472,-0.05520,-0.15402,-0.98622,7503.08261
-0.07868,-0.10800,0.65034,0.02472,-0.05520,-0.15402,-0.98622,7503.17735
-0.07868,-0.10800,0.65034,0.02472,-0.05520,-0.15402,-0.98622,7503.27208
-0.07887,-0.10800,0.65034,0.02472,-0.05520,-0.15402,-0.98622,7503.55623
-0.07925,-0.10800,0.65034,0.02472,-0.05520,-0.15402,-0.98622,7504.02961
-0.07982,-0.10800,0.65034,0.02472,-0.05520,-0.15402,-0.98622,7504.69192
-0.08058,-0.10800,0.65034,0.02472,-0.05520,-0.15402,-0.98622,7505.54275
-0.08152,-0.10800,0.65034,0.02472,-0.05520,-0.15402,-0.98622,7506.58155
-0.08265,-0.10800,0.65034,0.02472,-0.05520,-0.15402,-0.98622,7507.80768
-0.08397,-0.10800,0.65034,0.02472,-0.05520,-0.15402,-0.98622,7509.22035
-0.08548,-0.10800,0.65034,0.02472,-0.05520,-0.15402,-0.98622,7510.81868
-0.08717,-0.10800,0.65034,0.02472,-0.05520,-0.15402,-0.98622,7512.60165
-0.08905,-0.10800,0.65034,0.02472,-0.05520,-0.15402,-0.98622,7514.56814
-0.09110,-0.10800,0.65034,0.02472,-0.05520,-0.15402,-0.98622,7516.71691
-0.09334,-0.10800,0.65034,0.02472,-0.05520,-0.15402,-0.98622,7519.04660
-0.09576,-0.10800,0.65034,0.02472,-0.05520,-0.15402,-0.98622,7521.55574
-0.09836,-0.10800,0.65034,0.02472,-0.05520,-0.15402,-0.98622,7524.24274
-0.10114,-0.10800,0.65034,0.02472,-0.05520,-0.15402,-0.98622,7527.10590
-0.10409,-0.10800,0.65034,0.02472,-0.05520,-0.15402,-0.98622,7530.14343
-0.10721,-0.10800,0.65034,0.02472,-0.05520,-0.15402,-0.98622,7533.35339
-0.11051,-0.10800,0.65034,0.02472,-0.05520,-0.15402,-0.98622,7536.73376
-0.11397,-0.10800,0.65034,0.02472,-0.05520,-0.15402,-0.98622,7540.28241
-0.11760,-0.10800,0.65034,0.02472,-0.05520,-0.15402,-0.98622,7543.99710
-0.12140,-0.10800,0.65034,0.02472,-0.05520,-0.15402,-0.98622,7547.87547
-0.12536,-0.10800,0.65034,0.02472,-0.05520,-0.15402,-0.98622,7551.91509
-0.12948,-0.10800,0.65034,0.02472,-0.05520,-0.15402,-0.98622,7556.11339
-0.13376,-0.10800,0.65034,0.02472,-0.05520,-0.15402,-0.98622,7560.46772
-0.13819,-0.10800,0.65034,0.02472,-0.05520,-0.15402,-0.98622,7564.97535
-0.14277,-0.10800,0.65034,0.02472,-0.05520,-0.15402,-0.98622,7569.63341
-0.14751,-0.10800,0.65034,0.02472,-0.05520,-0.15402,-0.98622,7574.43897
-0.15238,-0.10800,0.65034,0.02472,-0.05520,-0.15402,-0.98622,7579.38898
-0.15741,-0.10800,0.65034,0.02472,-0.05520,-0.15402,-0.98622,7584.48034
-0.16257,-0.10800,0.65034,0.02472,-0.05520,-0.15402,-0.98622,7589.70981
-0.16787,-0.10800,0.65034,0.02472,-0.05520,-0.15402,-0.98622,7595.07410
-0.17330,-0.10800,0.65034,0.02472,-0.05520,-0.15402,-0.98622,7600.56981
-0.17886,-0.10800,0.65034,0.02472,-0.05520,-0.15402,-0.98622,7606.19348
-0.18454,-0.10800,0.65034,0.02472,-0.05520,-0.15402,-0.98622,7611.94156
-0.19035,-0.10800,0.65034,0.02472,-0.05520,-0.15402,-0.98622,7617.81041
-0.19628,-0.10800,0.65034,0.02472,-0.05520,-0.15402,-0.98622,7623.79633
-0.20232,-0.10800,0.65034,0.02472,-0.05520,-0.15402,-0.98622,7629.89553
-0.20848,-0.10800,0.65034,0.02472,-0.05520,-0.15402,-0.98622,7636.10416
-0.21474,-0.10800,0.65034,0.02472,-0.05520,-0.15402,-0.98622,7642.41831
-0.22111,-0.10800,0.65034,0.02472,-0.05520,-0.15402,-0.98622,7648.83398
-0.22757,-0.10800,0.65034,0.02472,-0.05520,-0.15402,-0.98622,7655.34713
-0.23413,-0.10800,0.65034,0.02472,-0.05520,-0.15402,-0.98622,7661.95363
-0.24079,-0.10800,0.65034,0.02472,-0.05520,-0.15402,-0.98622,7668.64932
-0.24753,-0.10800,0.65034,0.02472,-0.05520,-0.15402,-0.98622,7675.42996
-0.25435,-0.10800,0.65034,0.02472,-0.05520,-0.15402,-0.98622,7682.29127
-0.26125,-0.10800,0.65034,0.02472,-0.05520,-0.15402,-0.98622,7689.22893
-0.26822,-0.10800,0.65034,0.02472,-0.05520,-0.15402,-0.98622,7696.23854
-0.27527,-0.10800,0.65034,0.02472,-0.05520,-0.15402,-0.98622,7703.31568
-0.28238,-0.10800,0.65034,0.02472,-0.05520,-0.15402,-0.98622,7710.45588
-0.28955,-0.10800,0.65034,0.02472,-0.05520,-0.15402,-0.98622,7717.65463
-0.29677,-0.10800,0.65034,0.02472,-0.05520,-0.15402,-0.98622,7724.90739
-0.30405,-0.10800,0.65034,0.02472,-0.05520,-0.15402,-0.98622,7732.20956
-0.31138,-0.10800,0.65034,0.02472,-0.05520,-0.15402,-0.98622,7739.55655
-0.31875,-0.10800,0.65034,0.02472,-0.05520,-0.15402,-0.98622,7746.94370
-0.32615,-0.10800,0.65034,0.02472,-0.05520,-0.15402,-0.98622,7754.36636
-0.33359,-0.10800,0.65034,0.02472,-0.05520,-0.15402,-0.98622,7761.81984
-0.34106,-0.10800,0.65034,0.02472,-0.05520,-0.15402,-0.98622,7769.29942
-0.34855,-0.10800,0.65034,0.02472,-0.05520,-0.15402,-0.98622,7776.80038
-0.35606,-0.10800,0.65034,0.02472,-0.05520,-0.15402,-0.98622,7784.31799
-0.36359,-0.10800,0.65034,0.02472,-0.05520,-0.15402,-0.98622,7791.84750
-0.37112,-0.10800,0.65034,0.02472,-0.05520,-0.15402,-0.98622,7799.38414
-0.37866,-0.10800,0.65034,0.02472,-0.05520,-0.15402,-0.98622,7806.92317
-0.38620,-0.10800,0.65034,0.02472,-0.05520,-0.15402,-0.98622,7814.45982
-0.39373,-0.10800,0.65034,0.02472,-0.05520,-0.15402,-0.98622,7821.98933
-0.40126,-0.10800,0.65034,0.02472,-0.05520,-0.15402,-0.98622,7829.50694
-0.40877,-0.10800,0.65034,0.02472,-0.05520,-0.15402,-0.98622,7837.00790
-0.41626,-0.10800,0.65034,0.02472,-0.05520,-0.15402,-0.98622,7844.48748
-0.42373,-0.10800,0.65034,0.02472,-0.05520,-0.15402,-0.98622,7851.94096
-0.43117,-0.10800,0.65034,0.02472,-0.05520,-0.15402,-0.98622,7859.36362
-0.43857,-0.10800,0.65034,0.02472,-0.05520,-0.15402,-0.98622,7866.75077
-0.44594,-0.10800,0.65034,0.02472,-0.05520,-0.15402,-0.98622,7874.09776
-0.45327,-0.10800,0.65034,0.02472,-0.05520,-0.15402,-0.98622,7881.39993
-0.46055,-0.10800,0.65034,0.02472,-0.05520,-0.15402,-0.98622,7888.65269
-0.46777,-0.10800,0.65034,0.02472,-0.05520,-0.15402,-0.98622,7895.85144
-0.47494,-0.10800,0.65034,0.02472,-0.05520,-0.15402,-0.98622,7902.99164
-0.48205,-0.10800,0.65034,0.02472,-0.05520,-0.15402,-0.98622,7910.06878
-0.48910,-0.10800,0.65034,0.02472,-0.05520,-0.15402,-0.98622,7917.07839
-0.49607,-0.10800,0.65034,0.02472,-0.05520,-0.15402,-0.98622,7924.01605
-0.50297,-0.10800,0.65034,0.02472,-0.05520,-0.15402,-0.98622,7930.87736
-0.50979,-0.10800,0.65034,0.02472,-0.05520,-0.15402,-0.98622,7937.65800
-0.51653,-0.10800,0.65034,0.02472,-0.05520,-0.15402,-0.98622,7944.35369
-0.52319,-0.10800,0.65034,0.02472,-0.05520,-0.15402,-0.98622,7950.96019
-0.52975,-0.10800,0.65034,0.02472,-0.05520,-0.15402,-0.98622,7957.47333
-0.53621,-0.10800,0.65034,0.02472,-0.05520,-0.15402,-0.98622,7963.88901
-0.54258,-0.10800,0.65034,0.02472,-0.05520,-0.15402,-0.98622,7970.20315
-0.54884,-0.10800,0.65034,0.02472,-0.05520,-0.15402,-0.98622,7976.41179
-0.55500,-0.10800,0.65034,0.02472,-0.05520,-0.15402,-0.98622,7982.51099
-0.56104,-0.10800,0.65034,0.02472,-0.05520,-0.15402,-0.98622,7988.49691
-0.56697,-0.10800,0.65034,0.02472,-0.05520,-0.15402,-0.98622,7994.36576
-0.57278,-0.10800,0.65034,0.02472,-0.05520,-0.15402,-0.98622,8000.11383
-0.57846,-0.10800,0.65034,0.02472,-0.05520,-0.15402,-0.98622,8005.73751
-0.58402,-0.10800,0.65034,0.02472,-0.05520,-0.15402,-0.98622,8011.23322
-0.58945,-0.10800,0.65034,0.02472,-0.05520,-0.15402,-0.98622,8016.59751
-0.59475,-0.10800,0.65034,0.02472,-0.05520,-0.15402,-0.98622,8021.82698
-0.59991,-0.10800,0.65034,0.02472,-0.05520,-0.15402,-0.98622,8026.91833
-0.60494,-0.10800,0.65034,0.02472,-0.05520,-0.15402,-0.98622,8031.86835
-0.60981,-0.10800,0.65034,0.02472,-0.05520,-0.15402,-0.98622,8036.67391
-0.61455,-0.10800,0.65034,0.02472,-0.05520,-0.15402,-0.98622,8041.33197
-0.61913,-0.10800,0.65034,0.02472,-0.05520,-0.15402,-0.98622,8045.83959
-0.62356,-0.10800,0.65034,0.02472,-0.05520,-0.15402,-0.98622,8050.19393
-0.62784,-0.10800,0.65034,0.02472,-0.05520,-0.15402,-0.98622,8054.39223
-0.63196,-0.10800,0.65034,0.02472,-0.05520,-0.15402,-0.98622,8058.43185
-0.63592,-0.10800,0.65034,0.02472,-0.05520,-0.15402,-0.98622,8062.31022
-0.63972,-0.10800,0.65034,0.02472,-0.05520,-0.15402,-0.98622,8066.02491
-0.64335,-0.10800,0.65034,0.02472,-0.05520,-0.15402,-0.98622,8069.57356
-0.64681,-0.10800,0.65034,0.02472,-0.05520,-0.15402,-0.98622,8072.95393
-0.65011,-0.10800,0.65034,0.02472,-0.05520,-0.15402,-0.98622,8076.16389
-0.65323,-0.10800,0.65034,0.02472,-0.05520,-0.15402,-0.98622,8079.20142
-0.65618,-0.10800,0.65034,0.02472,-0.05520,-0.15402,-0.98622,8082.06458
-0.65896,-0.10800,0.65034,0.02472,-0.05520,-0.15402,-0.98622,8084.75158
-0.66156,-0.10800,0.65034,0.02472,-0.05520,-0.15402,-0.98622,8087.26072
-0.66398,-0.10800,0.65034,0.02472,-0.05520,-0.15402,-0.98622,8089.59040
-0.66622,-0.10800,0.65034,0.02472,-0.05520,-0.15402,-0.98622,8091.73917
-0.66827,-0.10800,0.65034,0.02472,-0.05520,-0.15402,-0.98622,8093.70566
-0.67015,-0.10800,0.65034,0.02472,-0.05520,-0.15402,-0.98622,8095.48864
-0.67184,-0.10800,0.65034,0.02472,-0.05520,-0.15402,-0.98622,8097.08697
-0.67335,-0.10800,0.65034,0.02472,-0.05520,-0.15402,-0.98622,8098.49964
-0.67467,-0.10800,0.65034,0.02472,-0.05520,-0.15402,-0.98622,8099.72576
-0.67580,-0.10800,0.65034,0.02472,-0.05520,-0.15402,-0.98622,8100.76457
-0.67674,-0.10800,0.65034,0.02472,-0.05520,-0.15402,-0.98622,8101.61540
-0.67750,-0.10800,0.65034,0.02472,-0.05520,-0.15402,-0.98622,8102.27771
-0.67807,-0.10800,0.65034,0.02472,-0.05520,-0.15402,-0.98622,8102.75109
-0.67845,-0.10800,0.65034,0.02472,-0.05520,-0.15402,-0.98622,8103.03524
-0.67864,-0.10800,0.65034,0.02472,-0.05520,-0.15402,-0.98622,8103.12997
-0.67864,-0.10800,0.65034,0.02472,-0.05520,-0.15402,-0.98622,8103.22471
-0.67845,-0.10800,0.65034,0.02472,-0.05520,-0.15402,-0.98622,8103.50886
-0.67807,-0.10800,0.65034,0.02472,-0.05520,-0.15402,-0.98622,8103.98223
-0.67750,-0.10800,0.65034,0.02472,-0.05520,-0.15402,-0.98622,8104.64455
-0.67674,-0.10800,0.65034,0.02472,-0.05520,-0.15402,-0.98622,8105.49538
-0.67580,-0.10800,0.65034,0.02472,-0.05520,-0.15402,-0.98622,8106.53418
-0.67467,-0.10800,0.65034,0.02472,-0.05520,-0.15402,-0.98622,8107.76031
-0.67335,-0.10800,0.65034,0.02472,-0.05520,-0.15402,-0.98622,8109.17298
-0.67184,-0.10800,0.65034,0.02472,-0.05520,-0.15402,-0.98622,8110.77131
-0.67015,-0.10800,0.65034,0.02472,-0.05520,-0.15402,-0.98622,8112.55428
-0.66827,-0.10800,0.65034,0.02472,-0.05520,-0.15402,-0.98622,8114.52077
-0.66622,-0.10800,0.65034,0.02472,-0.05520,-0.15402,-0.98622,8116.66954
-0.66398,-0.10800,0.65034,0.02472,-0.05520,-0.15402,-0.98622,8118.99923
-0.66156,-0.10800,0.65034,0.02472,-0.05520,-0.15402,-0.98622,8121.50836
-0.65896,-0.10800,0.65034,0.02472,-0.05520,-0.15402,-0.98622,8124.19536
-0.65618,-0.10800,0.65034,0.02472,-0.05520,-0.15402,-0.98622,8127.05853
-0.65323,-0.10800,0.65034,0.02472,-0.05520,-0.15402,-0.98622,8130.09605
-0.65011,-0.10800,0.65034,0.02472,-0.05520,-0.15402,-0.98622,8133.30601
-0.64681,-0.10800,0.65034,0.02472,-0.05520,-0.15402,-0.98622,8136.68639
-0.64335,-0.10800,0.65034,0.02472,-0.05520,-0.15402,-0.98622,8140.23504
-0.63972,-0.10800,0.65034,0.02472,-0.05520,-0.15402,-0.98622,8143.94972
-0.63592,-0.10800,0.65034,0.02472,-0.05520,-0.15402,-0.98622,8147.82810
-0.63196,-0.10800,0.65034,0.02472,-0.05520,-0.15402,-0.98622,8151.86771
-0.62784,-0.10800,0.65034,0.02472,-0.05520,-0.15402,-0.98622,8156.06601
-0.62356,-0.10800,0.65034,0.02472,-0.05520,-0.15402,-0.98622,8160.42035
-0.61913,-0.10800,0.65034,0.02472,-0.05520,-0.15402,-0.98622,8164.92797
-0.61455,-0.10800,0.65034,0.02472,-0.05520,-0.15402,-0.98622,8169.58603
-0.60981,-0.10800,0.65034,0.02472,-0.05520,-0.15402,-0.98622,8174.39159
-0.60494,-0.10800,0.65034,0.02472,-0.05520,-0.15402,-0.98622,8179.34161
-0.59991,-0.10800,0.65034,0.02472,-0.05520,-0.15402,-0.98622,8184.43296
-0.59475,-0.10800,0.65034,0.02472,-0.05520,-0.15402,-0.98622,8189.66244
-0.58945,-0.10800,0.65034,0.02472,-0.05520,-0.15402,-0.98622,8195.02672
-0.58402,-0.10800,0.65034,0.02472,-0.05520,-0.15402,-0.98622,8200.52244
-0.57846,-0.10800,0.65034,0.02472,-0.05520,-0.15402,-0.98622,8206.14611
-0.57278,-0.10800,0.65034,0.02472,-0.05520,-0.15402,-0.98622,8211.89419
-0.56697,-0.10800,0.65034,0.02472,-0.05520,-0.15402,-0.98622,8217.76304
-0.56104,-0.10800,0.65034,0.02472,-0.05520,-0.15402,-0.98622,8223.74895
-0.55500,-0.10800,0.65034,0.02472,-0.05520,-0.15402,-0.98622,8229.84816
-0.54884,-0.10800,0.65034,0.02472,-0.05520,-0.15402,-0.98622,8236.05679
-0.54258,-0.10800,0.65034,0.02472,-0.05520,-0.15402,-0.98622,8242.37094
-0.53621,-0.10800,0.65034,0.02472,-0.05520,-0.15402,-0.98622,8248.78661
-0.52975,-0.10800,0.65034,0.02472,-0.05520,-0.15402,-0.98622,8255.29975
-0.52319,-0.10800,0.65034,0.02472,-0.05520,-0.15402,-0.98622,8261.90626
-0.51653,-0.10800,0.65034,0.02472,-0.05520,-0.15402,-0.98622,8268.60194
-0.50979,-0.10800,0.65034,0.02472,-0.05520,-0.15402,-0.98622,8275.38258
-0.50297,-0.10800,0.65034,0.02472,-0.05520,-0.15402,-0.98622,8282.24390
-0.49607,-0.10800,0.65034,0.02472,-0.05520,-0.15402,-0.98622,8289.18155
-0.48910,-0.10800,0.65034,0.02472,-0.05520,-0.15402,-0.98622,8296.19116
-0.48205,-0.10800,0.65034,0.02472,-0.05520,-0.15402,-0.98622,8303.26831
-0.47494,-0.10800,0.65034,0.02472,-0.05520,-0.15402,-0.98622,8310.40851
-0.46777,-0.10800,0.65034,0.02472,-0.05520,-0.15402,-0.98622,8317.60726
-0.46055,-0.10800,0.65034,0.02472,-0.05520,-0.15402,-0.98622,8324.86001
-0.45327,-0.10800,0.65034,0.02472,-0.05520,-0.15402,-0.98622,8332.16219
-0.44594,-0.10800,0.65034,0.02472,-0.05520,-0.15402,-0.98622,8339.50917
-0.43857,-0.10800,0.65034,0.02472,-0.05520,-0.15402,-0.98622,8346.89633
-0.43117,-0.10800,0.65034,0.02472,-0.05520,-0.15402,-0.98622,8354.31899
-0.42373,-0.10800,0.65034,0.02472,-0.05520,-0.15402,-0.98622,8361.77246
-0.41626,-0.10800,0.65034,0.02472,-0.05520,-0.15402,-0.98622,8369.25204
-0.40877,-0.10800,0.65034,0.02472,-0.05520,-0.15402,-0.98622,8376.75301
-0.40126,-0.10800,0.65034,0.02472,-0.05520,-0.15402,-0.98622,8384.27062
-0.39373,-0.10800,0.65034,0.02472,-0.05520,-0.15402,-0.98622,8391.80012
-0.38620,-0.10800,0.65034,0.02472,-0.05520,-0.15402,-0.98622,8399.33677
-0.37866,-0.10800,0.65034,0.02472,-0.05520,-0.15402,-0.98622,8406.87580
-0.37112,-0.10800,0.65034,0.02472,-0.05520,-0.15402,-0.98622,8414.41245
-0.36359,-0.10800,0.65034,0.02472,-0.05520,-0.15402,-0.98622,8421.94195
-0.35606,-0.10800,0.65034,0.02472,-0.05520,-0.15402,-0.98622,8429.45956
-0.34855,-0.10800,0.65034,0.02472,-0.05520,-0.15402,-0.98622,8436.96053
-0.34106,-0.10800,0.65034,0.02472,-0.05520,-0.15402,-0.98622,8444.44011
-0.33359,-0.10800,0.65034,0.02472,-0.05520,-0.15402,-0.98622,8451.89358
-0.32615,-0.10800,0.65034,0.02472,-0.05520,-0.15402,-0.98622,8459.31624
-0.31875,-0.10800,0.65034,0.02472,-0.05520,-0.15402,-0.98622,8466.70340
-0.31138,-0.10800,0.65034,0.02472,-0.05520,-0.15402,-0.98622,8474.05038
-0.30405,-0.10800,0.65034,0.02472,-0.05520,-0.15402,-0.98622,8481.35256
-0.29677,-0.10800,0.65034,0.02472,-0.05520,-0.15402,-0.98622,8488.60531
-0.28955,-0.10800,0.65034,0.02472,-0.05520,-0.15402,-0.98622,8495.80406
-0.28238,-0.10800,0.65034,0.02472,-0.05520,-0.15402,-0.98622,8502.94427
-0.27527,-0.10800,0.65034,0.02472,-0.05520,-0.15402,-0.98622,8510.02141
-0.26822,-0.10800,0.65034,0.02472,-0.05520,-0.15402,-0.98622,8517.03102
-0.26125,-0.10800,0.65034,0.02472,-0.05520,-0.15402,-0.98622,8523.96867
-0.25435,-0.10800,0.65034,0.02472,-0.05520,-0.15402,-0.98622,8530.82999
-0.24753,-0.10800,0.65034,0.02472,-0.05520,-0.15402,-0.98622,8537.61063
-0.24079,-0.10800,0.65034,0.02472,-0.05520,-0.15402,-0.98622,8544.30632
-0.23413,-0.10800,0.65034,0.02472,-0.05520,-0.15402,-0.98622,8550.91282
-0.22757,-0.10800,0.65034,0.02472,-0.05520,-0.15402,-0.98622,8557.42596
-0.22111,-0.10800,0.65034,0.02472,-0.05520,-0.15402,-0.98622,8563.84163
-0.21474,-0.10800,0.65034,0.02472,-0.05520,-0.15402,-0.98622,8570.15578
-0.20848,-0.10800,0.65034,0.02472,-0.05520,-0.15402,-0.98622,8576.36442
-0.20232,-0.10800,0.65034,0.02472,-0.05520,-0.15402,-0.98622,8582.46362
-0.19628,-0.10800,0.65034,0.02472,-0.05520,-0.15402,-0.98622,8588.44953
-0.19035,-0.10800,0.65034,0.02472,-0.05520,-0.15402,-0.98622,8594.31838
-0.18454,-0.10800,0.65034,0.02472,-0.05520,-0.15402,-0.98622,8600.06646
-0.17886,-0.10800,0.65034,0.02472,-0.05520,-0.15402,-0.98622,8605.69013
-0.17330,-0.10800,0.65034,0.02472,-0.05520,-0.15402,-0.98622,8611.18585
-0.16787,-0.10800,0.65034,0.02472,-0.05520,-0.15402,-0.98622,8616.55013
-0.16257,-0.10800,0.65034,0.02472,-0.05520,-0.15402,-0.98622,8621.77961
-0.15741,-0.10800,0.65034,0.02472,-0.05520,-0.15402,-0.98622,8626.87096
-0.15238,-0.10800,0.65034,0.02472,-0.05520,-0.15402,-0.98622,8631.82098
-0.14751,-0.10800,0.65034,0.02472,-0.05520,-0.15402,-0.98622,8636.62654
-0.14277,-0.10800,0.65034,0.02472,-0.05520,-0.15402,-0.98622,8641.28460
-0.13819,-0.10800,0.65034,0.02472,-0.05520,-0.15402,-0.98622,8645.79222
-0.13376,-0.10800,0.65034,0.02472,-0.05520,-0.15402,-0.98622,8650.14656
-0.12948,-0.10800,0.65034,0.02472,-0.05520,-0.15402,-0.98622,8654.34486
-0.12536,-0.10800,0.65034,0.02472,-0.05520,-0.15402,-0.98622,8658.38447
-0.12140,-0.10800,0.65034,0.02472,-0.05520,-0.15402,-0.98622,8662.26285
-0.11760,-0.10800,0.65034,0.02472,-0.05520,-0.15402,-0.98622,8665.97753
-0.11397,-0.10800,0.65034,0.02472,-0.05520,-0.15402,-0.98622,8669.52618
-0.11051,-0.10800,0.65034,0.02472,-0.05520,-0.15402,-0.98622,8672.90656
-0.10721,-0.10800,0.65034,0.02472,-0.05520,-0.15402,-0.98622,8676.11652
-0.10409,-0.10800,0.65034,0.02472,-0.05520,-0.15402,-0.98622,8679.15404
-0.10114,-0.10800,0.65034,0.02472,-0.05520,-0.15402,-0.98622,8682.01721
-0.09836,-0.10800,0.65034,0.02472,-0.05520,-0.15402,-0.98622,8684.70421
-0.09576,-0.10800,0.65034,0.02472,-0.05520,-0.15402,-0.98622,8687.21334
-0.09334,-0.10800,0.65034,0.02472,-0.05520,-0.15402,-0.98622,8689.54303
-0.09110,-0.10800,0.65034,0.02472,-0.05520,-0.15402,-0.98622,8691.69180
-0.08905,-0.10800,0.65034,0.02472,-0.05520,-0.15402,-0.98622,8693.65829
-0.08717,-0.10800,0.65034,0.02472,-0.05520,-0.15402,-0.98622,8695.44126
-0.08548,-0.10800,0.65034,0.02472,-0.05520,-0.15402,-0.98622,8697.03959
-0.08397,-0.10800,0.65034,0.02472,-0.05520,-0.15402,-0.98622,8698.45226
-0.08265,-0.10800,0.65034,0.02472,-0.05520,-0.15402,-0.98622,8699.67839
-0.08152,-0.10800,0.65034,0.02472,-0.05520,-0.15402,-0.98622,8700.71720
-0.08058,-0.10800,0.65034,0.02472,-0.05520,-0.15402,-0.98622,8701.56802
-0.07982,-0.10800,0.65034,0.02472,-0.05520,-0.15402,-0.98622,8702.23034
-0.07925,-0.10800,0.65034,0.02472,-0.05520,-0.15402,-0.98622,8702.70372
-0.07887,-0.10800,0.65034,0.02472,-0.05520,-0.15402,-0.98622,8702.98786
-0.07868,-0.10800,0.65034,0.02472,-0.05520,-0.15402,-0.98622,8703.08260
-0.07868,-0.10800,0.65034,0.02472,-0.05520,-0.15402,-0.98622,8703.17733
-0.07887,-0.10800,0.65034,0.02472,-0.05520,-0.15402,-0.98622,8703.46148
-0.07925,-0.10800,0.65034,0.02472,-0.05520,-0.15402,-0.98622,8703.93486
-0.07982,-0.10800,0.65034,0.02472,-0.05520,-0.15402,-0.98622,8704.59717
-0.08058,-0.10800,0.65034,0.02472,-0.05520,-0.15402,-0.98622,8705.44800
-0.08152,-0.10800,0.65034,0.02472,-0.05520,-0.15402,-0.98622,8706.48681
-0.08265,-0.10800,0.65034,0.02472,-0.05520,-0.15402,-0.98622,8707.71293
-0.08397,-0.10800,0.65034,0.02472,-0.05520,-0.15402,-0.98622,8709.12561
-0.08548,-0.10800,0.65034,0.02472,-0.05520,-0.15402,-0.98622,8710.72393
-0.08717,-0.10800,0.65034,0.02472,-0.05520,-0.15402,-0.98622,8712.50691
-0.08905,-0.10800,0.65034,0.02472,-0.05520,-0.15402,-0.98622,8714.47340
-0.09110,-0.10800,0.65034,0.02472,-0.05520,-0.15402,-0.98622,8716.62217
-0.09334,-0.10800,0.65034,0.02472,-0.05520,-0.15402,-0.98622,8718.95185
-0.09576,-0.10800,0.65034,0.02472,-0.05520,-0.15402,-0.98622,8721.46099
-0.09836,-0.10800,0.65034,0.02472,-0.05520,-0.15402,-0.98622,8724.14799
-0.10114,-0.10800,0.65034,0.02472,-0.05520,-0.15402,-0.98622,8727.01116
-0.10409,-0.10800,0.65034,0.02472,-0.05520,-0.15402,-0.98622,8730.04868
-0.10721,-0.10800,0.65034,0.02472,-0.05520,-0.15402,-0.98622,8733.25864
-0.11051,-0.10800,0.65034,0.02472,-0.05520,-0.15402,-0.98622,8736.63901
-0.11397,-0.10800,0.65034,0.02472,-0.05520,-0.15402,-0.98622,8740.18766
-0.11760,-0.10800,0.65034,0.02472,-0.05520,-0.15402,-0.98622,8743.90235
-0.12140,-0.10800,0.65034,0.02472,-0.05520,-0.15402,-0.98622,8747.78072
-0.12536,-0.10800,0.65034,0.02472,-0.05520,-0.15402,-0.98622,8751.82034
-0.12948,-0.10800,0.65034,0.02472,-0.05520,-0.15402,-0.98622,8756.01864
-0.13376,-0.10800,0.65034,0.02472,-0.05520,-0.15402,-0.98622,8760.37298
-0.13819,-0.10800,0.65034,0.02472,-0.05520,-0.15402,-0.98622,8764.88060
-0.14277,-0.10800,0.65034,0.02472,-0.05520,-0.15402,-0.98622,8769.53866
-0.14751,-0.10800,0.65034,0.02472,-0.05520,-0.15402,-0.98622,8774.34422
-0.15238,-0.10800,0.65034,0.02472,-0.05520,-0.15402,-0.98622,8779.29424
-0.15741,-0.10800,0.65034,0.02472,-0.05520,-0.15402,-0.98622,8784.38559
-0.16257,-0.10800,0.65034,0.02472,-0.05520,-0.15402,-0.98622,8789.61506
-0.16787,-0.10800,0.65034,0.02472,-0.05520,-0.15402,-0.98622,8794.97935
-0.17330,-0.10800,0.65034,0.02472,-0.05520,-0.15402,-0.98622,8800.47507
-0.17886,-0.10800,0.65034,0.02472,-0.05520,-0.15402,-0.98622,8806.09874
-0.18454,-0.10800,0.65034,0.02472,-0.05520,-0.15402,-0.98622,8811.84681
-0.19035,-0.10800,0.65034,0.02472,-0.05520,-0.15402,-0.98622,8817.71566
-0.19628,-0.10800,0.65034,0.02472,-0.05520,-0.15402,-0.98622,8823.70158
-0.20232,-0.10800,0.65034,0.02472,-0.05520,-0.15402,-0.98622,8829.80078
-0.20848,-0.10800,0.65034,0.02472,-0.05520,-0.15402,-0.98622,8836.00942
-0.21474,-0.10800,0.65034,0.02472,-0.05520,-0.15402,-0.98622,8842.32357
-0.22111,-0.10800,0.65034,0.02472,-0.05520,-0.15402,-0.98622,8848.73924
-0.22757,-0.10800,0.65034,0.02472,-0.05520,-0.15402,-0.98622,8855.25238
-0.23413,-0.10800,0.65034,0.02472,-0.05520,-0.15402,-0.98622,8861.85888
-0.24079,-0.10800,0.65034,0.02472,-0.05520,-0.15402,-0.98622,8868.55457
-0.24753,-0.10800,0.65034,0.02472,-0.05520,-0.15402,-0.98622,8875.33521
-0.25435,-0.10800,0.65034,0.02472,-0.05520,-0.15402,-0.98622,8882.19652
-0.26125,-0.10800,0.65034,0.02472,-0.05520,-0.15402,-0.98622,8889.13418
-0.26822,-0.10800,0.65034,0.02472,-0.05520,-0.15402,-0.98622,8896.14379
-0.27527,-0.10800,0.65034,0.02472,-0.05520,-0.15402,-0.98622,8903.22093
-0.28238,-0.10800,0.65034,0.02472,-0.05520,-0.15402,-0.98622,8910.36113
-0.28955,-0.10800,0.65034,0.02472,-0.05520,-0.15402,-0.98622,8917.55988
-0.29677,-0.10800,0.65034,0.02472,-0.05520,-0.15402,-0.98622,8924.81264
-0.30405,-0.10800,0.65034,0.02472,-0.05520,-0.15402,-0.98622,8932.11481
-0.31138,-0.10800,0.65034,0.02472,-0.05520,-0.15402,-0.98622,8939.46180
-0.31875,-0.10800,0.65034,0.02472,-0.05520,-0.15402,-0.98622,8946.84896
-0.32615,-0.10800,0.65034,0.02472,-0.05520,-0.15402,-0.98622,8954.27161
-0.33359,-0.10800,0.65034,0.02472,-0.05520,-0.15402,-0.98622,8961.72509
-0.34106,-0.10800,0.65034,0.02472,-0.05520,-0.15402,-0.98622,8969.20467
-0.34855,-0.10800,0.65034,0.02472,-0.05520,-0.15402,-0.98622,8976.70563
-0.35606,-0.10800,0.65034,0.02472,-0.05520,-0.15402,-0.98622,8984.22324
-0.36359,-0.10800,0.65034,0.02472,-0.05520,-0.15402,-0.98622,8991.75275
-0.37112,-0.10800,0.65034,0.02472,-0.05520,-0.15402,-0.98622,8999.28940
-0.37866,-0.10800,0.65034,0.02472,-0.05520,-0.15402,-0.98622,9006.82843
-0.38620,-0.10800,0.65034,0.02472,-0.05520,-0.15402,-0.98622,9014.36507
-0.39373,-0.10800,0.65034,0.02472,-0.05520,-0.15402,-0.98622,9021.89458
-0.40126,-0.10800,0.65034,0.02472,-0.05520,-0.15402,-0.98622,9029.41219
-0.40877,-0.10800,0.65034,0.02472,-0.05520,-0.15402,-0.98622,9036.91315
-0.41626,-0.10800,0.65034,0.02472,-0.05520,-0.15402,-0.98622,9044.39274
-0.42373,-0.10800,0.65034,0.02472,-0.05520,-0.15402,-0.98622,9051.84621
-0.43117,-0.10800,0.65034,0.02472,-0.05520,-0.15402,-0.98622,9059.26887
-0.43857,-0.10800,0.65034,0.02472,-0.05520,-0.15402,-0.98622,9066.65602
-0.44594,-0.10800,0.65034,0.02472,-0.05520,-0.15402,-0.98622,9074.00301
-0.45327,-0.10800,0.65034,0.02472,-0.05520,-0.15402,-0.98622,9081.30519
-0.46055,-0.10800,0.65034,0.02472,-0.05520,-0.15402,-0.98622,9088.55794
-0.46777,-0.10800,0.65034,0.02472,-0.05520,-0.15402,-0.98622,9095.75669
-0.47494,-0.10800,0.65034,0.02472,-0.05520,-0.15402,-0.98622,9102.89689
-0.48205,-0.10800,0.65034,0.02472,-0.05520,-0.15402,-0.98622,9109.97403
-0.48910,-0.10800,0.65034,0.02472,-0.05520,-0.15402,-0.98622,9116.98365
-0.49607,-0.10800,0.65034,0.02472,-0.05520,-0.15402,-0.98622,9123.92130
-0.50297,-0.10800,0.65034,0.02472,-0.05520,-0.15402,-0.98622,9130.78261
-0.50979,-0.10800,0.65034,0.02472,-0.05520,-0.15402,-0.98622,9137.56326
-0.51653,-0.10800,0.65034,0.02472,-0.05520,-0.15402,-0.98622,9144.25894
-0.52319,-0.10800,0.65034,0.02472,-0.05520,-0.15402,-0.98622,9150.86544
-0.52975,-0.10800,0.65034,0.02472,-0.05520,-0.15402,-0.98622,9157.37859
-0.53621,-0.10800,0.65034,0.02472,-0.05520,-0.15402,-0.98622,9163.79426
-0.54258,-0.10800,0.65034,0.02472,-0.05520,-0.15402,-0.98622,9170.10841
-0.54884,-0.10800,0.65034,0.02472,-0.05520,-0.15402,-0.98622,9176.31704
-0.55500,-0.10800,0.65034,0.02472,-0.05520,-0.15402,-0.98622,9182.41624
-0.56104,-0.10800,0.65034,0.02472,-0.05520,-0.15402,-0.98622,9188.40216
-0.56697,-0.10800,0.65034,0.02472,-0.05520,-0.15402,-0.98622,9194.27101
-0.57278,-0.10800,0.65034,0.02472,-0.05520,-0.15402,-0.98622,9200.01909
-0.57846,-0.10800,0.65034,0.02472,-0.05520,-0.15402,-0.98622,9205.64276
-0.58402,-0.10800,0.65034,0.02472,-0.05520,-0.15402,-0.98622,9211.13847
-0.58945,-0.10800,0.65034,0.02472,-0.05520,-0.15402,-0.98622,9216.50276
-0.59475,-0.10800,0.65034,0.02472,-0.05520,-0.15402,-0.98622,9221.73223
-0.59991,-0.10800,0.65034,0.02472,-0.05520,-0.15402,-0.98622,9226.82359
-0.60494,-0.10800,0.65034,0.02472,-0.05520,-0.15402,-0.98622,9231.77361
-0.60981,-0.10800,0.65034,0.02472,-0.05520,-0.15402,-0.98622,9236.57916
-0.61455,-0.10800,0.65034,0.02472,-0.05520,-0.15402,-0.98622,9241.23722
-0.61913,-0.10800,0.65034,0.02472,-0.05520,-0.15402,-0.98622,9245.74485
-0.62356,-0.10800,0.65034,0.02472,-0.05520,-0.15402,-0.98622,9250.09918
-0.62784,-0.10800,0.65034,0.02472,-0.05520,-0.15402,-0.98622,9254.29749
-0.63196,-0.10800,0.65034,0.02472,-0.05520,-0.15402,-0.98622,9258.33710
-0.63592,-0.10800,0.65034,0.02472,-0.05520,-0.15402,-0.98622,9262.21547
-0.63972,-0.10800,0.65034,0.02472,-0.05520,-0.15402,-0.98622,9265.93016
-0.64335,-0.10800,0.65034,0.02472,-0.05520,-0.15402,-0.98622,9269.47881
-0.64681,-0.10800,0.65034,0.02472,-0.05520,-0.15402,-0.98622,9272.85918
-0.65011,-0.10800,0.65034,0.02472,-0.05520,-0.15402,-0.98622,9276.06915
-0.65323,-0.10800,0.65034,0.02472,-0.05520,-0.15402,-0.98622,9279.10667
-0.65618,-0.10800,0.65034,0.02472,-0.05520,-0.15402,-0.98622,9281.96983
-0.65896,-0.10800,0.65034,0.02472,-0.05520,-0.15402,-0.98622,9284.65683
-0.66156,-0.10800,0.65034,0.02472,-0.05520,-0.15402,-0.98622,9287.16597
-0.66398,-0.10800,0.65034,0.02472,-0.05520,-0.15402,-0.98622,9289.49566
-0.66622,-0.10800,0.65034,0.02472,-0.05520,-0.15402,-0.98622,9291.64443
-0.66827,-0.10800,0.65034,0.02472,-0.05520,-0.15402,-0.98622,9293.61092
-0.67015,-0.10800,0.65034,0.02472,-0.05520,-0.15402,-0.98622,9295.39389
-0.67184,-0.10800,0.65034,0.02472,-0.05520,-0.15402,-0.98622,9296.99222
-0.67335,-0.10800,0.65034,0.02472,-0.05520,-0.15402,-0.98622,9298.40489
-0.67467,-0.10800,0.65034,0.02472,-0.05520,-0.15402,-0.98622,9299.63102
-0.67580,-0.10800,0.65034,0.02472,-0.05520,-0.15402,-0.98622,9300.66982
-0.67674,-0.10800,0.65034,0.02472,-0.05520,-0.15402,-0.98622,9301.52065
-0.67750,-0.10800,0.65034,0.02472,-0.05520,-0.15402,-0.98622,9302.18296
-0.67807,-0.10800,0.65034,0.02472,-0.05520,-0.15402,-0.98622,9302.65634
-0.67845,-0.10800,0.65034,0.02472,-0.05520,-0.15402,-0.98622,9302.94049
-0.67864,-0.10800,0.65034,0.02472,-0.05520,-0.15402,-0.98622,9303.03523
-0.67864,-0.10800,0.65034,0.02472,-0.05520,-0.15402,-0.98622,9303.12996
-0.67845,-0.10800,0.65034,0.02472,-0.05520,-0.15402,-0.98622,9303.41411
-0.67807,-0.10800,0.65034,0.02472,-0.05520,-0.15402,-0.98622,9303.88749
-0.67750,-0.10800,0.65034,0.02472,-0.05520,-0.15402,-0.98622,9304.54980
-0.67674,-0.10800,0.65034,0.02472,-0.05520,-0.15402,-0.98622,9305.40063
-0.67580,-0.10800,0.65034,0.02472,-0.05520,-0.15402,-0.98622,9306.43943
-0.67467,-0.10800,0.65034,0.02472,-0.05520,-0.15402,-0.98622,9307.66556
-0.67335,-0.10800,0.65034,0.02472,-0.05520,-0.15402,-0.98622,9309.07823
-0.67184,-0.10800,0.65034,0.02472,-0.05520,-0.15402,-0.98622,9310.67656
-0.67015,-0.10800,0.65034,0.02472,-0.05520,-0.15402,-0.98622,9312.45953
-0.66827,-0.10800,0.65034,0.02472,-0.05520,-0.15402,-0.98622,9314.42602
-0.66622,-0.10800,0.65034,0.02472,-0.05520,-0.15402,-0.98622,9316.57479
-0.66398,-0.10800,0.65034,0.02472,-0.05520,-0.15402,-0.98622,9318.90448
-0.66156,-0.10800,0.65034,0.02472,-0.05520,-0.15402,-0.98622,9321.41362
-0.65896,-0.10800,0.65034,0.02472,-0.05520,-0.15402,-0.98622,9324.10062
-0.65618,-0.10800,0.65034,0.02472,-0.05520,-0.15402,-0.98622,9326.96378
-0.65323,-0.10800,0.65034,0.02472,-0.05520,-0.15402,-0.98622,9330.00130
-0.65011,-0.10800,0.65034,0.02472,-0.05520,-0.15402,-0.98622,9333.21127
-0.64681,-0.10800,0.65034,0.02472,-0.05520,-0.15402,-0.98622,9336.59164
-0.64335,-0.10800,0.65034,0.02472,-0.05520,-0.15402,-0.98622,9340.14029
-0.63972,-0.10800,0.65034,0.02472,-0.05520,-0.15402,-0.98622,9343.85498
-0.63592,-0.10800,0.65034,0.02472,-0.05520,-0.15402,-0.98622,9347.73335
-0.63196,-0.10800,0.65034,0.02472,-0.05520,-0.15402,-0.98622,9351.77296
-0.62784,-0.10800,0.65034,0.02472,-0.05520,-0.15402,-0.98622,9355.97127
-0.62356,-0.10800,0.65034,0.02472,-0.05520,-0.15402,-0.98622,9360.32560
-0.61913,-0.10800,0.65034,0.02472,-0.05520,-0.15402,-0.98622,9364.83323
-0.61455,-0.10800,0.65034,0.02472,-0.05520,-0.15402,-0.98622,9369.49129
-0.60981,-0.10800,0.65034,0.02472,-0.05520,-0.15402,-0.98622,9374.29685
-0.60494,-0.10800,0.65034,0.02472,-0.05520,-0.15402,-0.98622,9379.24686
-0.59991,-0.10800,0.65034,0.02472,-0.05520,-0.15402,-0.98622,9384.33822
-0.59475,-0.10800,0.65034,0.02472,-0.05520,-0.15402,-0.98622,9389.56769
-0.58945,-0.10800,0.65034,0.02472,-0.05520,-0.15402,-0.98622,9394.93198
-0.58402,-0.10800,0.65034,0.02472,-0.05520,-0.15402,-0.98622,9400.42769
-0.57846,-0.10800,0.65034,0.02472,-0.05520,-0.15402,-0.98622,9406.05136
-0.57278,-0.10800,0.65034,0.02472,-0.05520,-0.15402,-0.98622,9411.79944
-0.56697,-0.10800,0.65034,0.02472,-0.05520,-0.15402,-0.98622,9417.66829
-0.56104,-0.10800,0.65034,0.02472,-0.05520,-0.15402,-0.98622,9423.65421
-0.55500,-0.10800,0.65034,0.02472,-0.05520,-0.15402,-0.98622,9429.75341
-0.54884,-0.10800,0.65034,0.02472,-0.05520,-0.15402,-0.98622,9435.96204
-0.54258,-0.10800,0.65034,0.02472,-0.05520,-0.15402,-0.98622,9442.27619
-0.53621,-0.10800,0.65034,0.02472,-0.05520,-0.15402,-0.98622,9448.69186
-0.52975,-0.10800,0.65034,0.02472,-0.05520,-0.15402,-0.98622,9455.20501
-0.52319,-0.10800,0.65034,0.02472,-0.05520,-0.15402,-0.98622,9461.81151
-0.51653,-0.10800,0.65034,0.02472,-0.05520,-0.15402,-0.98622,9468.50719
-0.50979,-0.10800,0.65034,0.02472,-0.05520,-0.15402,-0.98622,9475.28784
-0.50297,-0.10800,0.65034,0.02472,-0.05520,-0.15402,-0.98622,9482.14915
-0.49607,-0.10800,0.65034,0.02472,-0.05520,-0.15402,-0.98622,9489.08681
-0.48910,-0.10800,0.65034,0.02472,-0.05520,-0.15402,-0.98622,9496.09642
-0.48205,-0.10800,0.65034,0.02472,-0.05520,-0.15402,-0.98622,9503.17356
-0.47494,-0.10800,0.65034,0.02472,-0.05520,-0.15402,-0.98622,9510.31376
-0.46777,-0.10800,0.65034,0.02472,-0.05520,-0.15402,-0.98622,9517.51251
-0.46055,-0.10800,0.65034,0.02472,-0.05520,-0.15402,-0.98622,9524.76527
-0.45327,-0.10800,0.65034,0.02472,-0.05520,-0.15402,-0.98622,9532.06744
-0.44594,-0.10800,0.65034,0.02472,-0.05520,-0.15402,-0.98622,9539.41443
-0.43857,-0.10800,0.65034,0.02472,-0.05520,-0.15402,-0.98622,9546.80158
-0.43117,-0.10800,0.65034,0.02472,-0.05520,-0.15402,-0.98622,9554.22424
-0.42373,-0.10800,0.65034,0.02472,-0.05520,-0.15402,-0.98622,9561.67772
-0.41626,-0.10800,0.65034,0.02472,-0.05520,-0.15402,-0.98622,9569.15730
-0.40877,-0.10800,0.65034,0.02472,-0.05520,-0.15402,-0.98622,9576.65826
-0.40126,-0.10800,0.65034,0.02472,-0.05520,-0.15402,-0.98622,9584.17587
-0.39373,-0.10800,0.65034,0.02472,-0.05520,-0.15402,-0.98622,9591.70538
-0.38620,-0.10800,0.65034,0.02472,-0.05520,-0.15402,-0.98622,9599.24202
-0.37866,-0.10800,0.65034,0.02472,-0.05520,-0.15402,-0.98622,9606.78105
-0.37112,-0.10800,0.65034,0.02472,-0.05520,-0.15402,-0.98622,9614.31770
-0.36359,-0.10800,0.65034,0.02472,-0.05520,-0.15402,-0.98622,9621.84721
-0.35606,-0.10800,0.65034,0.02472,-0.05520,-0.15402,-0.98622,9629.36482
-0.34855,-0.10800,0.65034,0.02472,-0.05520,-0.15402,-0.98622,9636.86578
-0.34106,-0.10800,0.65034,0.02472,-0.05520,-0.15402,-0.98622,9644.34536
-0.33359,-0.10800,0.65034,0.02472,-0.05520,-0.15402,-0.98622,9651.79884
-0.32615,-0.10800,0.65034,0.02472,-0.05520,-0.15402,-0.98622,9659.22149
-0.31875,-0.10800,0.65034,0.02472,-0.05520,-0.15402,-0.98622,9666.60865
-0.31138,-0.10800,0.65034,0.02472,-0.05520,-0.15402,-0.98622,9673.95564
-0.30405,-0.10800,0.65034,0.02472,-0.05520,-0.15402,-0.98622,9681.25781
-0.29677,-0.10800,0.65034,0.02472,-0.05520,-0.15402,-0.98622,9688.51057
-0.28955,-0.10800,0.65034,0.02472,-0.05520,-0.15402,-0.98622,9695.70932
-0.28238,-0.10800,0.65034,0.02472,-0.05520,-0.15402,-0.98622,9702.84952
-0.27527,-0.10800,0.65034,0.02472,-0.05520,-0.15402,-0.98622,9709.92666
-0.26822,-0.10800,0.65034,0.02472,-0.05520,-0.15402,-0.98622,9716.93627
-0.26125,-0.10800,0.65034,0.02472,-0.05520,-0.15402,-0.98622,9723.87393
-0.25435,-0.10800,0.65034,0.02472,-0.05520,-0.15402,-0.98622,9730.73524
-0.24753,-0.10800,0.65034,0.02472,-0.05520,-0.15402,-0.98622,9737.51588
-0.24079,-0.10800,0.65034,0.02472,-0.05520,-0.15402,-0.98622,9744.21157
-0.23413,-0.10800,0.65034,0.02472,-0.05520,-0.15402,-0.98622,9750.81807
-0.22757,-0.10800,0.65034,0.02472,-0.05520,-0.15402,-0.98622,9757.33121
-0.22111,-0.10800,0.65034,0.02472,-0.05520,-0.15402,-0.98622,9763.74689
-0.21474,-0.10800,0.65034,0.02472,-0.05520,-0.15402,-0.98622,9770.06103
-0.20848,-0.10800,0.65034,0.02472,-0.05520,-0.15402,-0.98622,9776.26967
-0.20232,-0.10800,0.65034,0.02472,-0.05520,-0.15402,-0.98622,9782.36887
-0.19628,-0.10800,0.65034,0.02472,-0.05520,-0.15402,-0.98622,9788.35479
-0.19035,-0.10800,0.65034,0.02472,-0.05520,-0.15402,-0.98622,9794.22364
-0.18454,-0.10800,0.65034,0.02472,-0.05520,-0.15402,-0.98622,9799.97171
-0.17886,-0.10800,0.65034,0.02472,-0.05520,-0.15402,-0.98622,9805.59538
-0.17330,-0.10800,0.65034,0.02472,-0.05520,-0.15402,-0.98622,9811.09110
-0.16787,-0.10800,0.65034,0.02472,-0.05520,-0.15402,-0.98622,9816.45539
-0.16257,-0.10800,0.65034,0.02472,-0.05520,-0.15402,-0.98622,9821.68486
-0.15741,-0.10800,0.65034,0.02472,-0.05520,-0.15402,-0.98622,9826.77621
-0.15238,-0.10800,0.65034,0.02472,-0.05520,-0.15402,-0.98622,9831.72623
-0.14751,-0.10800,0.65034,0.02472,-0.05520,-0.15402,-0.98622,9836.53179
-0.14277,-0.10800,0.65034,0.02472,-0.05520,-0.15402,-0.98622,9841.18985
-0.13819,-0.10800,0.65034,0.02472,-0.05520,-0.15402,-0.98622,9845.69747
-0.13376,-0.10800,0.65034,0.02472,-0.05520,-0.15402,-0.98622,9850.05181
-0.12948,-0.10800,0.65034,0.02472,-0.05520,-0.15402,-0.98622,9854.25011
-0.12536,-0.10800,0.65034,0.02472,-0.05520,-0.15402,-0.98622,9858.28973
-0.12140,-0.10800,0.65034,0.02472,-0.05520,-0.15402,-0.98622,9862.16810
-0.11760,-0.10800,0.65034,0.02472,-0.05520,-0.15402,-0.98622,9865.88279
-0.11397,-0.10800,0.65034,0.02472,-0.05520,-0.15402,-0.98622,9869.43144
-0.11051,-0.10800,0.65034,0.02472,-0.05520,-0.15402,-0.98622,9872.81181
-0.10721,-0.10800,0.65034,0.02472,-0.05520,-0.15402,-0.98622,9876.02177
-0.10409,-0.10800,0.65034,0.02472,-0.05520,-0.15402,-0.98622,9879.05930
-0.10114,-0.10800,0.65034,0.02472,-0.05520,-0.15402,-0.98622,9881.92246
-0.09836,-0.10800,0.65034,0.02472,-0.05520,-0.15402,-0.98622,9884.60946
-0.09576,-0.10800,0.65034,0.02472,-0.05520,-0.15402,-0.98622,9887.11860
-0.09334,-0.10800,0.65034,0.02472,-0.05520,-0.15402,-0.98622,9889.44828
-0.09110,-0.10800,0.65034,0.02472,-0.05520,-0.15402,-0.98622,9891.59705
-0.08905,-0.10800,0.65034,0.02472,-0.05520,-0.15402,-0.98622,9893.56354
-0.08717,-0.10800,0.65034,0.02472,-0.05520,-0.15402,-0.98622,9895.34652
-0.08548,-0.10800,0.65034,0.02472,-0.05520,-0.15402,-0.98622,9896.94484
-0.08397,-0.10800,0.65034,0.02472,-0.05520,-0.15402,-0.98622,9898.35752
-0.08265,-0.10800,0.65034,0.02472,-0.05520,-0.15402,-0.98622,9899.58364
-0.08152,-0.10800,0.65034,0.02472,-0.05520,-0.15402,-0.98622,9900.62245
-0.08058,-0.10800,0.65034,0.02472,-0.05520,-0.15402,-0.98622,9901.47328
-0.07982,-0.10800,0.65034,0.02472,-0.05520,-0.15402,-0.98622,9902.13559
-0.07925,-0.10800,0.65034,0.02472,-0.05520,-0.15402,-0.98622,9902.60897
-0.07887,-0.10800,0.65034,0.02472,-0.05520,-0.15402,-0.98622,9902.89312
-0.07868,-0.10800,0.65034,0.02472,-0.05520,-0.15402,-0.98622,9902.98785
-0.07868,-0.10800,0.65034,0.02472,-0.05520,-0.15402,-0.98622,9903.08259
-0.07887,-0.10800,0.65034,0.02472,-0.05520,-0.15402,-0.98622,9903.36674
-0.07925,-0.10800,0.65034,0.02472,-0.05520,-0.15402,-0.98622,9903.84011
-0.07982,-0.10800,0.65034,0.02472,-0.05520,-0.15402,-0.98622,9904.50243
-0.08058,-0.10800,0.65034,0.02472,-0.05520,-0.15402,-0.98622,9905.35325
-0.08152,-0.10800,0.65034,0.02472,-0.05520,-0.15402,-0.98622,9906.39206
-0.08265,-0.10800,0.65034,0.02472,-0.05520,-0.15402,-0.98622,9907.61819
-0.08397,-0.10800,0.65034,0.02472,-0.05520,-0.15402,-0.98622,9909.03086
-0.08548,-0.10800,0.65034,0.02472,-0.05520,-0.15402,-0.98622,9910.62919
-0.08717,-0.10800,0.65034,0.02472,-0.05520,-0.15402,-0.98622,9912.41216
-0.08905,-0.10800,0.65034,0.02472,-0.05520,-0.15402,-0.98622,9914.37865
-0.09110,-0.10800,0.65034,0.02472,-0.05520,-0.15402,-0.98622,9916.52742
-0.09334,-0.10800,0.65034,0.02472,-0.05520,-0.15402,-0.98622,9918.85711
-0.09576,-0.10800,0.65034,0.02472,-0.05520,-0.15402,-0.98622,9921.36624
-0.09836,-0.10800,0.65034,0.02472,-0.05520,-0.15402,-0.98622,9924.05324
-0.10114,-0.10800,0.65034,0.02472,-0.05520,-0.15402,-0.98622,9926.91641
-0.10409,-0.10800,0.65034,0.02472,-0.05520,-0.15402,-0.98622,9929.95393
-0.10721,-0.10800,0.65034,0.02472,-0.05520,-0.15402,-0.98622,9933.16389
-0.11051,-0.10800,0.65034,0.02472,-0.05520,-0.15402,-0.98622,9936.54427
-0.11397,-0.10800,0.65034,0.02472,-0.05520,-0.15402,-0.98622,9940.09292
-0.11760,-0.10800,0.65034,0.02472,-0.05520,-0.15402,-0.98622,9943.80760
-0.12140,-0.10800,0.65034,0.02472,-0.05520,-0.15402,-0.98622,9947.68598
-0.12536,-0.10800,0.65034,0.02472,-0.05520,-0.15402,-0.98622,9951.72559
-0.12948,-0.10800,0.65034,0.02472,-0.05520,-0.15402,-0.98622,9955.92389
-0.13376,-0.10800,0.65034,0.02472,-0.05520,-0.15402,-0.98622,9960.27823
-0.13819,-0.10800,0.65034,0.02472,-0.05520,-0.15402,-0.98622,9964.78585
-0.14277,-0.10800,0.65034,0.02472,-0.05520,-0.15402,-0.98622,9969.44391
-0.14751,-0.10800,0.65034,0.02472,-0.05520,-0.15402,-0.98622,9974.24947
-0.15238,-0.10800,0.65034,0.02472,-0.05520,-0.15402,-0.98622,9979.19949
-0.15741,-0.10800,0.65034,0.02472,-0.05520,-0.15402,-0.98622,9984.29084
-0.16257,-0.10800,0.65034,0.02472,-0.05520,-0.15402,-0.98622,9989.52032
-0.16787,-0.10800,0.65034,0.02472,-0.05520,-0.15402,-0.98622,9994.88460
-0.17330,-0.10800,0.65034,0.02472,-0.05520,-0.15402,-0.98622,10000.38032
-0.17886,-0.10800,0.65034,0.02472,-0.05520,-0.15402,-0.98622,10006.00399
-0.18454,-0.10800,0.65034,0.02472,-0.05520,-0.15402,-0.98622,10011.75207
-0.19035,-0.10800,0.65034,0.02472,-0.05520,-0.15402,-0.98622,10017.62092
-0.19628,-0.10800,0.65034,0.02472,-0.05520,-0.15402,-0.98622,10023.60683
-0.20232,-0.10800,0.65034,0.02472,-0.05520,-0.15402,-0.98622,10029.70603
-0.20848,-0.10800,0.65034,0.02472,-0.05520,-0.15402,-0.98622,10035.91467
-0.21474,-0.10800,0.65034,0.02472,-0.05520,-0.15402,-0.98622,10042.22882
-0.22111,-0.10800,0.65034,0.02472,-0.05520,-0.15402,-0.98622,10048.64449
-0.22757,-0.10800,0.65034,0.02472,-0.05520,-0.15402,-0.98622,10055.15763
-0.23413,-0.10800,0.65034,0.02472,-0.05520,-0.15402,-0.98622,10061.76413
-0.24079,-0.10800,0.65034,0.02472,-0.05520,-0.15402,-0.98622,10068.45982
-0.24753,-0.10800,0.65034,0.02472,-0.05520,-0.15402,-0.98622,10075.24046
-0.25435,-0.10800,0.65034,0.02472,-0.05520,-0.15402,-0.98622,10082.10178
-0.26125,-0.10800,0.65034,0.02472,-0.05520,-0.15402,-0.98622,10089.03943
-0.26822,-0.10800,0.65034,0.02472,-0.05520,-0.15402,-0.98622,10096.04904
-0.27527,-0.10800,0.65034,0.02472,-0.05520,-0.15402,-0.98622,10103.12619
-0.28238,-0.10800,0.65034,0.02472,-0.05520,-0.15402,-0.98622,10110.26639
-0.28955,-0.10800,0.65034,0.02472,-0.05520,-0.15402,-0.98622,10117.46514
-0.29677,-0.10800,0.65034,0.02472,-0.05520,-0.15402,-0.98622,10124.71789
-0.30405,-0.10800,0.65034,0.02472,-0.05520,-0.15402,-0.98622,10132.02007
-0.31138,-0.10800,0.65034,0.02472,-0.05520,-0.15402,-0.98622,10139.36705
-0.31875,-0.10800,0.65034,0.02472,-0.05520,-0.15402,-0.98622,10146.75421
-0.32615,-0.10800,0.65034,0.02472,-0.05520,-0.15402,-0.98622,10154.17687
-0.33359,-0.10800,0.65034,0.02472,-0.05520,-0.15402,-0.98622,10161.63034
-0.34106,-0.10800,0.65034,0.02472,-0.05520,-0.15402,-0.98622,10169.10992
-0.34855,-0.10800,0.65034,0.02472,-0.05520,-0.15402,-0.98622,10176.61089
-0.35606,-0.10800,0.65034,0.02472,-0.05520,-0.15402,-0.98622,10184.12850
-0.36359,-0.10800,0.65034,0.02472,-0.05520,-0.15402,-0.98622,10191.65800
-0.37112,-0.10800,0.65034,0.02472,-0.05520,-0.15402,-0.98622,10199.19465
-0.37866,-0.10800,0.65034,0.02472,-0.05520,-0.15402,-0.98622,10206.73368
-0.38620,-0.10800,0.65034,0.02472,-0.05520,-0.15402,-0.98622,10214.27033
-0.39373,-0.10800,0.65034,0.02472,-0.05520,-0.15402,-0.98622,10221.79983
-0.40126,-0.10800,0.65034,0.02472,-0.05520,-0.15402,-0.98622,10229.31744
-0.40877,-0.10800,0.65034,0.02472,-0.05520,-0.15402,-0.98622,10236.81841
-0.41626,-0.10800,0.65034,0.02472,-0.05520,-0.15402,-0.98622,10244.29799
-0.42373,-0.10800,0.65034,0.02472,-0.05520,-0.15402,-0.98622,10251.75146
-0.43117,-0.10800,0.65034,0.02472,-0.05520,-0.15402,-0.98622,10259.17412
-0.43857,-0.10800,0.65034,0.02472,-0.05520,-0.15402,-0.98622,10266.56128
-0.44594,-0.10800,0.65034,0.02472,-0.05520,-0.15402,-0.98622,10273.90826
-0.45327,-0.10800,0.65034,0.02472,-0.05520,-0.15402,-0.98622,10281.21044
-0.46055,-0.10800,0.65034,0.02472,-0.05520,-0.15402,-0.98622,10288.46319
-0.46777,-0.10800,0.65034,0.02472,-0.05520,-0.15402,-0.98622,10295.66194
-0.47494,-0.10800,0.65034,0.02472,-0.05520,-0.15402,-0.98622,10302.80215
-0.48205,-0.10800,0.65034,0.02472,-0.05520,-0.15402,-0.98622,10309.87929
-0.48910,-0.10800,0.65034,0.02472,-0.05520,-0.15402,-0.98622,10316.88890
-0.49607,-0.10800,0.65034,0.02472,-0.05520,-0.15402,-0.98622,10323.82655
-0.50297,-0.10800,0.65034,0.02472,-0.05520,-0.15402,-0.98622,10330.68787
-0.50979,-0.10800,0.65034,0.02472,-0.05520,-0.15402,-0.98622,10337.46851
-0.51653,-0.10800,0.65034,0.02472,-0.05520,-0.15402,-0.98622,10344.16420
-0.52319,-0.10800,0.65034,0.02472,-0.05520,-0.15402,-0.98622,10350.77070
-0.52975,-0.10800,0.65034,0.02472,-0.05520,-0.15402,-0.98622,10357.28384
-0.53621,-0.10800,0.65034,0.02472,-0.05520,-0.15402,-0.98622,10363.69951
-0.54258,-0.10800,0.65034,0.02472,-0.05520,-0.15402,-0.98622,10370.01366
-0.54884,-0.10800,0.65034,0.02472,-0.05520,-0.15402,-0.98622,10376.22230
-0.55500,-0.10800,0.65034,0.02472,-0.05520,-0.15402,-0.98622,10382.32150
-0.56104,-0.10800,0.65034,0.02472,-0.05520,-0.15402,-0.98622,10388.30741
-0.56697,-0.10800,0.65034,0.02472,-0.05520,-0.15402,-0.98622,10394.17626
-0.57278,-0.10800,0.65034,0.02472,-0.05520,-0.15402,-0.98622,10399.92434
-0.57846,-0.10800,0.65034,0.02472,-0.05520,-0.15402,-0.98622,10405.54801
-0.58402,-0.10800,0.65034,0.02472,-0.05520,-0.15402,-0.98622,10411.04373
-0.58945,-0.10800,0.65034,0.02472,-0.05520,-0.15402,-0.98622,10416.40801
-0.59475,-0.10800,0.65034,0.02472,-0.05520,-0.15402,-0.98622,10421.63749
-0.59991,-0.10800,0.65034,0.02472,-0.05520,-0.15402,-0.98622,10426.72884
-0.60494,-0.10800,0.65034,0.02472,-0.05520,-0.15402,-0.98622,10431.67886
-0.60981,-0.10800,0.65034,0.02472,-0.05520,-0.15402,-0.98622,10436.48442
-0.61455,-0.10800,0.65034,0.02472,-0.05520,-0.15402,-0.98622,10441.14248
-0.61913,-0.10800,0.65034,0.02472,-0.05520,-0.15402,-0.98622,10445.65010
-0.62356,-0.10800,0.65034,0.02472,-0.05520,-0.15402,-0.98622,10450.00444
-0.62784,-0.10800,0.65034,0.02472,-0.05520,-0.15402,-0.98622,10454.20274
-0.63196,-0.10800,0.65034,0.02472,-0.05520,-0.15402,-0.98622,10458.24235
-0.63592,-0.10800,0.65034,0.02472,-0.05520,-0.15402,-0.98622,10462.12073
-0.63972,-0.10800,0.65034,0.02472,-0.05520,-0.15402,-0.98622,10465.83541
-0.64335,-0.10800,0.65034,0.02472,-0.05520,-0.15402,-0.98622,10469.38406
-0.64681,-0.10800,0.65034,0.02472,-0.05520,-0.15402,-0.98622,10472.76444
-0.65011,-0.10800,0.65034,0.02472,-0.05520,-0.15402,-0.98622,10475.97440
-0.65323,-0.10800,0.65034,0.02472,-0.05520,-0.15402,-0.98622,10479.01192
-0.65618,-0.10800,0.65034,0.02472,-0.05520,-0.15402,-0.98622,10481.87509
-0.65896,-0.10800,0.65034,0.02472,-0.05520,-0.15402,-0.98622,10484.56209
-0.66156,-0.10800,0.65034,0.02472,-0.05520,-0.15402,-0.98622,10487.07122
-0.66398,-0.10800,0.65034,0.02472,-0.05520,-0.15402,-0.98622,10489.40091
-0.66622,-0.10800,0.65034,0.02472,-0.05520,-0.15402,-0.98622,10491.54968
-0.66827,-0.10800,0.65034,0.02472,-0.05520,-0.15402,-0.98622,10493.51617
-0.67015,-0.10800,0.65034,0.02472,-0.05520,-0.15402,-0.98622,10495.29914
-0.67184,-0.10800,0.65034,0.02472,-0.05520,-0.15402,-0.98622,10496.89747
-0.67335,-0.10800,0.65034,0.02472,-0.05520,-0.15402,-0.98622,10498.31014
-0.67467,-0.10800,0.65034,0.02472,-0.05520,-0.15402,-0.98622,10499.53627
-0.67580,-0.10800,0.65034,0.02472,-0.05520,-0.15402,-0.98622,10500.57508
-0.67674,-0.10800,0.65034,0.02472,-0.05520,-0.15402,-0.98622,10501.42590
-0.67750,-0.10800,0.65034,0.02472,-0.05520,-0.15402,-0.98622,10502.08822
-0.67807,-0.10800,0.65034,0.02472,-0.05520,-0.15402,-0.98622,10502.56160
-0.67845,-0.10800,0.65034,0.02472,-0.05520,-0.15402,-0.98622,10502.84574
-0.67864,-0.10800,0.65034,0.02472,-0.05520,-0.15402,-0.98622,10502.94048
-0.67864,-0.10800,0.65034,0.02472,-0.05520,-0.15402,-0.98622,10503.03521
-0.67845,-0.10800,0.65034,0.02472,-0.05520,-0.15402,-0.98622,10503.31936
-0.67807,-0.10800,0.65034,0.02472,-0.05520,-0.15402,-0.98622,10503.79274
-0.67750,-0.10800,0.65034,0.02472,-0.05520,-0.15402,-0.98622,10504.45505
-0.67674,-0.10800,0.65034,0.02472,-0.05520,-0.15402,-0.98622,10505.30588
-0.67580,-0.10800,0.65034,0.02472,-0.05520,-0.15402,-0.98622,10506.34469
-0.67467,-0.10800,0.65034,0.02472,-0.05520,-0.15402,-0.98622,10507.57081
-0.67335,-0.10800,0.65034,0.02472,-0.05520,-0.15402,-0.98622,10508.98349
-0.67184,-0.10800,0.65034,0.02472,-0.05520,-0.15402,-0.98622,10510.58181
-0.67015,-0.10800,0.65034,0.02472,-0.05520,-0.15402,-0.98622,10512.36479
-0.66827,-0.10800,0.65034,0.02472,-0.05520,-0.15402,-0.98622,10514.33128
-0.66622,-0.10800,0.65034,0.02472,-0.05520,-0.15402,-0.98622,10516.48005
-0.66398,-0.10800,0.65034,0.02472,-0.05520,-0.15402,-0.98622,10518.80973
-0.66156,-0.10800,0.65034,0.02472,-0.05520,-0.15402,-0.98622,10521.31887
-0.65896,-0.10800,0.65034,0.02472,-0.05520,-0.15402,-0.98622,10524.00587
-0.65618,-0.10800,0.65034,0.02472,-0.05520,-0.15402,-0.98622,10526.86903
-0.65323,-0.10800,0.65034,0.02472,-0.05520,-0.15402,-0.98622,10529.90656
-0.65011,-0.10800,0.65034,0.02472,-0.05520,-0.15402,-0.98622,10533.11652
-0.64681,-0.10800,0.65034,0.02472,-0.05520,-0.15402,-0.98622,10536.49689
-0.64335,-0.10800,0.65034,0.02472,-0.05520,-0.15402,-0.98622,10540.04554
-0.63972,-0.10800,0.65034,0.02472,-0.05520,-0.15402,-0.98622,10543.76023
-0.63592,-0.10800,0.65034,0.02472,-0.05520,-0.15402,-0.98622,10547.63860
-0.63196,-0.10800,0.65034,0.02472,-0.05520,-0.15402,-0.98622,10551.67822
-0.62784,-0.10800,0.65034,0.02472,-0.05520,-0.15402,-0.98622,10555.87652
-0.62356,-0.10800,0.65034,0.02472,-0.05520,-0.15402,-0.98622,10560.23086
-0.61913,-0.10800,0.65034,0.02472,-0.05520,-0.15402,-0.98622,10564.73848
-0.61455,-0.10800,0.65034,0.02472,-0.05520,-0.15402,-0.98622,10569.39654
-0.60981,-0.10800,0.65034,0.02472,-0.05520,-0.15402,-0.98622,10574.20210
-0.60494,-0.10800,0.65034,0.02472,-0.05520,-0.15402,-0.98622,10579.15212
-0.59991,-0.10800,0.65034,0.02472,-0.05520,-0.15402,-0.98622,10584.24347
-0.59475,-0.10800,0.65034,0.02472,-0.05520,-0.15402,-0.98622,10589.47294
-0.58945,-0.10800,0.65034,0.02472,-0.05520,-0.15402,-0.98622,10594.83723
-0.58402,-0.10800,0.65034,0.02472,-0.05520,-0.15402,-0.98622,10600.33295
-0.57846,-0.10800,0.65034,0.02472,-0.05520,-0.15402,-0.98622,10605.95662
-0.57278,-0.10800,0.65034,0.02472,-0.05520,-0.15402,-0.98622,10611.70469
-0.56697,-0.10800,0.65034,0.02472,-0.05520,-0.15402,-0.98622,10617.57354
-0.56104,-0.10800,0.65034,0.02472,-0.05520,-0.15402,-0.98622,10623.55946
-0.55500,-0.10800,0.65034,0.02472,-0.05520,-0.15402,-0.98622,10629.65866
-0.54884,-0.10800,0.65034,0.02472,-0.05520,-0.15402,-0.98622,10635.86730
-0.54258,-0.10800,0.65034,0.02472,-0.05520,-0.15402,-0.98622,10642.18145
-0.53621,-0.10800,0.65034,0.02472,-0.05520,-0.15402,-0.98622,10648.59712
-0.52975,-0.10800,0.65034,0.02472,-0.05520,-0.15402,-0.98622,10655.11026
-0.52319,-0.10800,0.65034,0.02472,-0.05520,-0.15402,-0.98622,10661.71676
-0.51653,-0.10800,0.65034,0.02472,-0.05520,-0.15402,-0.98622,10668.41245
-0.50979,-0.10800,0.65034,0.02472,-0.05520,-0.15402,-0.98622,10675.19309
-0.50297,-0.10800,0.65034,0.02472,-0.05520,-0.15402,-0.98622,10682.05440
-0.49607,-0.10800,0.65034,0.02472,-0.05520,-0.15402,-0.98622,10688.99206
-0.48910,-0.10800,0.65034,0.02472,-0.05520,-0.15402,-0.98622,10696.00167
-0.48205,-0.10800,0.65034,0.02472,-0.05520,-0.15402,-0.98622,10703.07881
-0.47494,-0.10800,0.65034,0.02472,-0.05520,-0.15402,-0.98622,10710.21901
-0.46777,-0.10800,0.65034,0.02472,-0.05520,-0.15402,-0.98622,10717.41776
-0.46055,-0.10800,0.65034,0.02472,-0.05520,-0.15402,-0.98622,10724.67052
-0.45327,-0.10800,0.65034,0.02472,-0.05520,-0.15402,-0.98622,10731.97269
-0.44594,-0.10800,0.65034,0.02472,-0.05520,-0.15402,-0.98622,10739.31968
-0.43857,-0.10800,0.65034,0.02472,-0.05520,-0.15402,-0.98622,10746.70684
-0.43117,-0.10800,0.65034,0.02472,-0.05520,-0.15402,-0.98622,10754.12949
-0.42373,-0.10800,0.65034,0.02472,-0.05520,-0.15402,-0.98622,10761.58297
-0.41626,-0.10800,0.65034,0.02472,-0.05520,-0.15402,-0.98622,10769.06255
-0.40877,-0.10800,0.65034,0.02472,-0.05520,-0.15402,-0.98622,10776.56351
-0.40126,-0.10800,0.65034,0.02472,-0.05520,-0.15402,-0.98622,10784.08112
-0.39373,-0.10800,0.65034,0.02472,-0.05520,-0.15402,-0.98622,10791.61063
-0.38620,-0.10800,0.65034,0.02472,-0.05520,-0.15402,-0.98622,10799.14728
-0.37866,-0.10800,0.65034,0.02472,-0.05520,-0.15402,-0.98622,10806.68631
-0.37112,-0.10800,0.65034,0.02472,-0.05520,-0.15402,-0.98622,10814.22295
-0.36359,-0.10800,0.65034,0.02472,-0.05520,-0.15402,-0.98622,10821.75246
-0.35606,-0.10800,0.65034,0.02472,-0.05520,-0.15402,-0.98622,10829.27007
-0.34855,-0.10800,0.65034,0.02472,-0.05520,-0.15402,-0.98622,10836.77103
-0.34106,-0.10800,0.65034,0.02472,-0.05520,-0.15402,-0.98622,10844.25062
-0.33359,-0.10800,0.65034,0.02472,-0.05520,-0.15402,-0.98622,10851.70409
-0.32615,-0.10800,0.65034,0.02472,-0.05520,-0.15402,-0.98622,10859.12675
-0.31875,-0.10800,0.65034,0.02472,-0.05520,-0.15402,-0.98622,10866.51390
-0.31138,-0.10800,0.65034,0.02472,-0.05520,-0.15402,-0.98622,10873.86089
-0.30405,-0.10800,0.65034,0.02472,-0.05520,-0.15402,-0.98622,10881.16307
-0.29677,-0.10800,0.65034,0.02472,-0.05520,-0.15402,-0.98622,10888.41582
-0.28955,-0.10800,0.65034,0.02472,-0.05520,-0.15402,-0.98622,10895.61457
-0.28238,-0.10800,0.65034,0.02472,-0.05520,-0.15402,-0.98622,10902.75477
-0.27527,-0.10800,0.65034,0.02472,-0.05520,-0.15402,-0.98622,10909.83191
-0.26822,-0.10800,0.65034,0.02472,-0.05520,-0.15402,-0.98622,10916.84152
-0.26125,-0.10800,0.65034,0.02472,-0.05520,-0.15402,-0.98622,10923.77918
-0.25435,-0.10800,0.65034,0.02472,-0.05520,-0.15402,-0.98622,10930.64049
-0.24753,-0.10800,0.65034,0.02472,-0.05520,-0.15402,-0.98622,10937.42114
-0.24079,-0.10800,0.65034,0.02472,-0.05520,-0.15402,-0.98622,10944.11682
-0.23413,-0.10800,0.65034,0.02472,-0.05520,-0.15402,-0.98622,10950.72332
-0.22757,-0.10800,0.65034,0.02472,-0.05520,-0.15402,-0.98622,10957.23647
-0.22111,-0.10800,0.65034,0.02472,-0.05520,-0.15402,-0.98622,10963.65214
-0.21474,-0.10800,0.65034,0.02472,-0.05520,-0.15402,-0.98622,10969.96629
-0.20848,-0.10800,0.65034,0.02472,-0.05520,-0.15402,-0.98622,10976.17492
-0.20232,-0.10800,0.65034,0.02472,-0.05520,-0.15402,-0.98622,10982.27412
-0.19628,-0.10800,0.65034,0.02472,-0.05520,-0.15402,-0.98622,10988.26004
-0.19035,-0.10800,0.65034,0.02472,-0.05520,-0.15402,-0.98622,10994.12889
-0.18454,-0.10800,0.65034,0.02472,-0.05520,-0.15402,-0.98622,10999.87697
-0.17886,-0.10800,0.65034,0.02472,-0.05520,-0.15402,-0.98622,11005.50064
-0.17330,-0.10800,0.65034,0.02472,-0.05520,-0.15402,-0.98622,11010.99635
-0.16787,-0.10800,0.65034,0.02472,-0.05520,-0.15402,-0.98622,11016.36064
-0.16257,-0.10800,0.65034,0.02472,-0.05520,-0.15402,-0.98622,11021.59011
-0.15741,-0.10800,0.65034,0.02472,-0.05520,-0.15402,-0.98622,11026.68147
-0.15238,-0.10800,0.65034,0.02472,-0.05520,-0.15402,-0.98622,11031.63149
-0.14751,-0.10800,0.65034,0.02472,-0.05520,-0.15402,-0.98622,11036.43704
-0.14277,-0.10800,0.65034,0.02472,-0.05520,-0.15402,-0.98622,11041.09510
-0.13819,-0.10800,0.65034,0.02472,-0.05520,-0.15402,-0.98622,11045.60273
-0.13376,-0.10800,0.65034,0.02472,-0.05520,-0.15402,-0.98622,11049.95706
-0.12948,-0.10800,0.65034,0.02472,-0.05520,-0.15402,-0.98622,11054.15537
-0.12536,-0.10800,0.65034,0.02472,-0.05520,-0.15402,-0.98622,11058.19498
-0.12140,-0.10800,0.65034,0.02472,-0.05520,-0.15402,-0.98622,11062.07335
-0.11760,-0.10800,0.65034,0.02472,-0.05520,-0.15402,-0.98622,11065.78804
-0.11397,-0.10800,0.65034,0.02472,-0.05520,-0.15402,-0.98622,11069.33669
-0.11051,-0.10800,0.65034,0.02472,-0.05520,-0.15402,-0.98622,11072.71706
-0.10721,-0.10800,0.65034,0.02472,-0.05520,-0.15402,-0.98622,11075.92703
-0.10409,-0.10800,0.65034,0.02472,-0.05520,-0.15402,-0.98622,11078.96455
-0.10114,-0.10800,0.65034,0.02472,-0.05520,-0.15402,-0.98622,11081.82771
-0.09836,-0.10800,0.65034,0.02472,-0.05520,-0.15402,-0.98622,11084.51471
-0.09576,-0.10800,0.65034,0.02472,-0.05520,-0.15402,-0.98622,11087.02385
-0.09334,-0.10800,0.65034,0.02472,-0.05520,-0.15402,-0.98622,11089.35354
-0.09110,-0.10800,0.65034,0.02472,-0.05520,-0.15402,-0.98622,11091.50231
-0.08905,-0.10800,0.65034,0.02472,-0.05520,-0.15402,-0.98622,11093.46880
-0.08717,-0.10800,0.65034,0.02472,-0.05520,-0.15402,-0.98622,11095.25177
-0.08548,-0.10800,0.65034,0.02472,-0.05520,-0.15402,-0.98622,11096.85010
-0.08397,-0.10800,0.65034,0.02472,-0.05520,-0.15402,-0.98622,11098.26277
-0.08265,-0.10800,0.65034,0.02472,-0.05520,-0.15402,-0.98622,11099.48890
-0.08152,-0.10800,0.65034,0.02472,-0.05520,-0.15402,-0.98622,11100.52770
-0.08058,-0.10800,0.65034,0.02472,-0.05520,-0.15402,-0.98622,11101.37853
-0.07982,-0.10800,0.65034,0.02472,-0.05520,-0.15402,-0.98622,11102.04084
-0.07925,-0.10800,0.65034,0.02472,-0.05520,-0.15402,-0.98622,11102.51422
-0.07887,-0.10800,0.65034,0.02472,-0.05520,-0.15402,-0.98622,11102.79837
-0.07868,-0.10800,0.65034,0.02472,-0.05520,-0.15402,-0.98622,11102.89310
-0.07868,-0.10800,0.65034,0.02472,-0.05520,-0.15402,-0.98622,11102.98784
-0.07887,-0.10800,0.65034,0.02472,-0.05520,-0.15402,-0.98622,11103.27199
-0.07925,-0.10800,0.65034,0.02472,-0.05520,-0.15402,-0.98622,11103.74537
-0.07982,-0.10800,0.65034,0.02472,-0.05520,-0.15402,-0.98622,11104.40768
-0.08058,-0.10800,0.65034,0.02472,-0.05520,-0.15402,-0.98622,11105.25851
-0.08152,-0.10800,0.65034,0.02472,-0.05520,-0.15402,-0.98622,11106.29731
-0.08265,-0.10800,0.65034,0.02472,-0.05520,-0.15402,-0.98622,11107.52344
-0.08397,-0.10800,0.65034,0.02472,-0.05520,-0.15402,-0.98622,11108.93611
-0.08548,-0.10800,0.65034,0.02472,-0.05520,-0.15402,-0.98622,11110.53444
-0.08717,-0.10800,0.65034,0.02472,-0.05520,-0.15402,-0.98622,11112.31741
-0.08905,-0.10800,0.65034,0.02472,-0.05520,-0.15402,-0.98622,11114.28390
-0.09110,-0.10800,0.65034,0.02472,-0.05520,-0.15402,-0.98622,11116.43267
-0.09334,-0.10800,0.65034,0.02472,-0.05520,-0.15402,-0.98622,11118.76236
-0.09576,-0.10800,0.65034,0.02472,-0.05520,-0.15402,-0.98622,11121.27150
-0.09836,-0.10800,0.65034,0.02472,-0.05520,-0.15402,-0.98622,11123.95850
-0.10114,-0.10800,0.65034,0.02472,-0.05520,-0.15402,-0.98622,11126.82166
-0.10409,-0.10800,0.65034,0.02472,-0.05520,-0.15402,-0.98622,11129.85918
-0.10721,-0.10800,0.65034,0.02472,-0.05520,-0.15402,-0.98622,11133.06915
-0.11051,-0.10800,0.65034,0.02472,-0.05520,-0.15402,-0.98622,11136.44952
-0.11397,-0.10800,0.65034,0.02472,-0.05520,-0.15402,-0.98622,11139.99817
-0.11760,-0.10800,0.65034,0.02472,-0.05520,-0.15402,-0.98622,11143.71286
-0.12140,-0.10800,0.65034,0.02472,-0.05520,-0.15402,-0.98622,11147.59123
-0.12536,-0.10800,0.65034,0.02472,-0.05520,-0.15402,-0.98622,11151.63084
-0.12948,-0.10800,0.65034,0.02472,-0.05520,-0.15402,-0.98622,11155.82915
-0.13376,-0.10800,0.65034,0.02472,-0.05520,-0.15402,-0.98622,11160.18348
-0.13819,-0.10800,0.65034,0.02472,-0.05520,-0.15402,-0.98622,11164.69111
-0.14277,-0.10800,0.65034,0.02472,-0.05520,-0.15402,-0.98622,11169.34917
-0.14751,-0.10800,0.65034,0.02472,-0.05520,-0.15402,-0.98622,11174.15472
-0.15238,-0.10800,0.65034,0.02472,-0.05520,-0.15402,-0.98622,11179.10474
-0.15741,-0.10800,0.65034,0.02472,-0.05520,-0.15402,-0.98622,11184.19610
-0.16257,-0.10800,0.65034,0.02472,-0.05520,-0.15402,-0.98622,11189.42557
-0.16787,-0.10800,0.65034,0.02472,-0.05520,-0.15402,-0.98622,11194.78986
-0.17330,-0.10800,0.65034,0.02472,-0.05520,-0.15402,-0.98622,11200.28557
-0.17886,-0.10800,0.65034,0.02472,-0.05520,-0.15402,-0.98622,11205.90924
-0.18454,-0.10800,0.65034,0.02472,-0.05520,-0.15402,-0.98622,11211.65732
-0.19035,-0.10800,0.65034,0.02472,-0.05520,-0.15402,-0.98622,11217.52617
-0.19628,-0.10800,0.65034,0.02472,-0.05520,-0.15402,-0.98622,11223.51209
-0.20232,-0.10800,0.65034,0.02472,-0.05520,-0.15402,-0.98622,11229.61129
-0.20848,-0.10800,0.65034,0.02472,-0.05520,-0.15402,-0.98622,11235.81992
-0.21474,-0.10800,0.65034,0.02472,-0.05520,-0.15402,-0.98622,11242.13407
-0.22111,-0.10800,0.65034,0.02472,-0.05520,-0.15402,-0.98622,11248.54974
-0.22757,-0.10800,0.65034,0.02472,-0.05520,-0.15402,-0.98622,11255.06289
-0.23413,-0.10800,0.65034,0.02472,-0.05520,-0.15402,-0.98622,11261.66939
-0.24079,-0.10800,0.65034,0.02472,-0.05520,-0.15402,-0.98622,11268.36507
-0.24753,-0.10800,0.65034,0.02472,-0.05520,-0.15402,-0.98622,11275.14572
-0.25435,-0.10800,0.65034,0.02472,-0.05520,-0.15402,-0.98622,11282.00703
-0.26125,-0.10800,0.65034,0.02472,-0.05520,-0.15402,-0.98622,11288.94469
-0.26822,-0.10800,0.65034,0.02472,-0.05520,-0.15402,-0.98622,11295.95430
-0.27527,-0.10800,0.65034,0.02472,-0.05520,-0.15402,-0.98622,11303.03144
-0.28238,-0.10800,0.65034,0.02472,-0.05520,-0.15402,-0.98622,11310.17164
-0.28955,-0.10800,0.65034,0.02472,-0.05520,-0.15402,-0.98622,11317.37039
-0.29677,-0.10800,0.65034,0.02472,-0.05520,-0.15402,-0.98622,11324.62314
-0.30405,-0.10800,0.65034,0.02472,-0.05520,-0.15402,-0.98622,11331.92532
-0.31138,-0.10800,0.65034,0.02472,-0.05520,-0.15402,-0.98622,11339.27231
-0.31875,-0.10800,0.65034,0.02472,-0.05520,-0.15402,-0.98622,11346.65946
-0.32615,-0.10800,0.65034,0.02472,-0.05520,-0.15402,-0.98622,11354.08212
-0.33359,-0.10800,0.65034,0.02472,-0.05520,-0.15402,-0.98622,11361.53559
-0.34106,-0.10800,0.65034,0.02472,-0.05520,-0.15402,-0.98622,11369.01518
-0.34855,-0.10800,0.65034,0.02472,-0.05520,-0.15402,-0.98622,11376.51614
-0.35606,-0.10800,0.65034,0.02472,-0.05520,-0.15402,-0.98622,11384.03375
-0.36359,-0.10800,0.65034,0.02472,-0.05520,-0.15402,-0.98622,11391.56326
-0.37112,-0.10800,0.65034,0.02472,-0.05520,-0.15402,-0.98622,11399.09990
-0.37866,-0.10800,0.65034,0.02472,-0.05520,-0.15402,-0.98622,11406.63893
-0.38620,-0.10800,0.65034,0.02472,-0.05520,-0.15402,-0.98622,11414.17558
-0.39373,-0.10800,0.65034,0.02472,-0.05520,-0.15402,-0.98622,11421.70509
-0.40126,-0.10800,0.65034,0.02472,-0.05520,-0.15402,-0.98622,11429.22270
-0.40877,-0.10800,0.65034,0.02472,-0.05520,-0.15402,-0.98622,11436.72366
-0.41626,-0.10800,0.65034,0.02472,-0.05520,-0.15402,-0.98622,11444.20324
-0.42373,-0.10800,0.65034,0.02472,-0.05520,-0.15402,-0.98622,11451.65672
-0.43117,-0.10800,0.65034,0.02472,-0.05520,-0.15402,-0.98622,11459.07937
-0.43857,-0.10800,0.65034,0.02472,-0.05520,-0.15402,-0.98622,11466.46653
-0.44594,-0.10800,0.65034,0.02472,-0.05520,-0.15402,-0.98622,11473.81352
-0.45327,-0.10800,0.65034,0.02472,-0.05520,-0.15402,-0.98622,11481.11569
-0.46055,-0.10800,0.65034,0.02472,-0.05520,-0.15402,-0.98622,11488.36845
-0.46777,-0.10800,0.65034,0.02472,-0.05520,-0.15402,-0.98622,11495.56720
-0.47494,-0.10800,0.65034,0.02472,-0.05520,-0.15402,-0.98622,11502.70740
-0.48205,-0.10800,0.65034,0.02472,-0.05520,-0.15402,-0.98622,11509.78454
-0.48910,-0.10800,0.65034,0.02472,-0.05520,-0.15402,-0.98622,11516.79415
-0.49607,-0.10800,0.65034,0.02472,-0.05520,-0.15402,-0.98622,11523.73181
-0.50297,-0.10800,0.65034,0.02472,-0.05520,-0.15402,-0.98622,11530.59312
-0.50979,-0.10800,0.65034,0.02472,-0.05520,-0.15402,-0.98622,11537.37376
-0.51653,-0.10800,0.65034,0.02472,-0.05520,-0.15402,-0.98622,11544.06945
-0.52319,-0.10800,0.65034,0.02472,-0.05520,-0.15402,-0.98622,11550.67595
-0.52975,-0.10800,0.65034,0.02472,-0.05520,-0.15402,-0.98622,11557.18909
-0.53621,-0.10800,0.65034,0.02472,-0.05520,-0.15402,-0.98622,11563.60476
-0.54258,-0.10800,0.65034,0.02472,-0.05520,-0.15402,-0.98622,11569.91891
-0.54884,-0.10800,0.65034,0.02472,-0.05520,-0.15402,-0.98622,11576.12755
-0.55500,-0.10800,0.65034,0.02472,-0.05520,-0.15402,-0.98622,11582.22675
-0.56104,-0.10800,0.65034,0.02472,-0.05520,-0.15402,-0.98622,11588.21267
-0.56697,-0.10800,0.65034,0.02472,-0.05520,-0.15402,-0.98622,11594.08152
-0.57278,-0.10800,0.65034,0.02472,-0.05520,-0.15402,-0.98622,11599.82959
-0.57846,-0.10800,0.65034,0.02472,-0.05520,-0.15402,-0.98622,11605.45326
-0.58402,-0.10800,0.65034,0.02472,-0.05520,-0.15402,-0.98622,11610.94898
-0.58945,-0.10800,0.65034,0.02472,-0.05520,-0.15402,-0.98622,11616.31327
-0.59475,-0.10800,0.65034,0.02472,-0.05520,-0.15402,-0.98622,11621.54274
-0.59991,-0.10800,0.65034,0.02472,-0.05520,-0.15402,-0.98622,11626.63409
-0.60494,-0.10800,0.65034,0.02472,-0.05520,-0.15402,-0.98622,11631.58411
-0.60981,-0.10800,0.65034,0.02472,-0.05520,-0.15402,-0.98622,11636.38967
-0.61455,-0.10800,0.65034,0.02472,-0.05520,-0.15402,-0.98622,11641.04773
-0.61913,-0.10800,0.65034,0.02472,-0.05520,-0.15402,-0.98622,11645.55535
-0.62356,-0.10800,0.65034,0.02472,-0.05520,-0.15402,-0.98622,11649.90969
-0.62784,-0.10800,0.65034,0.02472,-0.05520,-0.15402,-0.98622,11654.10799
-0.63196,-0.10800,0.65034,0.02472,-0.05520,-0.15402,-0.98622,11658.14761
-0.63592,-0.10800,0.65034,0.02472,-0.05520,-0.15402,-0.98622,11662.02598
-0.63972,-0.10800,0.65034,0.02472,-0.05520,-0.15402,-0.98622,11665.74067
-0.64335,-0.10800,0.65034,0.02472,-0.05520,-0.15402,-0.98622,11669.28932
-0.64681,-0.10800,0.65034,0.02472,-0.05520,-0.15402,-0.98622,11672.66969
-0.65011,-0.10800,0.65034,0.02472,-0.05520,-0.15402,-0.98622,11675.87965
-0.65323,-0.10800,0.65034,0.02472,-0.05520,-0.15402,-0.98622,11678.91718
-0.65618,-0.10800,0.65034,0.02472,-0.05520,-0.15402,-0.98622,11681.78034
-0.65896,-0.10800,0.65034,0.02472,-0.05520,-0.15402,-0.98622,11684.46734
-0.66156,-0.10800,0.65034,0.02472,-0.05520,-0.15402,-0.98622,11686.97648
-0.66398,-0.10800,0.65034,0.02472,-0.05520,-0.15402,-0.98622,11689.30616
-0.66622,-0.10800,0.65034,0.02472,-0.05520,-0.15402,-0.98622,11691.45493
-0.66827,-0.10800,0.65034,0.02472,-0.05520,-0.15402,-0.98622,11693.42142
-0.67015,-0.10800,0.65034,0.02472,-0.05520,-0.15402,-0.98622,11695.20440
-0.67184,-0.10800,0.65034,0.02472,-0.05520,-0.15402,-0.98622,11696.80272
-0.67335,-0.10800,0.65034,0.02472,-0.05520,-0.15402,-0.98622,11698.21540
-0.67467,-0.10800,0.65034,0.02472,-0.05520,-0.15402,-0.98622,11699.44152
-0.67580,-0.10800,0.65034,0.02472,-0.05520,-0.15402,-0.98622,11700.48033
-0.67674,-0.10800,0.65034,0.02472,-0.05520,-0.15402,-0.98622,11701.33116
-0.67750,-0.10800,0.65034,0.02472,-0.05520,-0.15402,-0.98622,11701.99347
-0.67807,-0.10800,0.65034,0.02472,-0.05520,-0.15402,-0.98622,11702.46685
-0.67845,-0.10800,0.65034,0.02472,-0.05520,-0.15402,-0.98622,11702.75100
-0.67864,-0.10800,0.65034,0.02472,-0.05520,-0.15402,-0.98622,11702.84573
-0.67864,-0.10800,0.65034,0.02472,-0.05520,-0.15402,-0.98622,11702.94047
-0.67845,-0.10800,0.65034,0.02472,-0.05520,-0.15402,-0.98622,11703.22461
-0.67807,-0.10800,0.65034,0.02472,-0.05520,-0.15402,-0.98622,11703.69799
-0.67750,-0.10800,0.65034,0.02472,-0.05520,-0.15402,-0.98622,11704.36031
-0.67674,-0.10800,0.65034,0.02472,-0.05520,-0.15402,-0.98622,11705.21113
-0.67580,-0.10800,0.65034,0.02472,-0.05520,-0.15402,-0.98622,11706.24994
-0.67467,-0.10800,0.65034,0.02472,-0.05520,-0.15402,-0.98622,11707.47607
-0.67335,-0.10800,0.65034,0.02472,-0.05520,-0.15402,-0.98622,11708.88874
-0.67184,-0.10800,0.65034,0.02472,-0.05520,-0.15402,-0.98622,11710.48707
-0.67015,-0.10800,0.65034,0.02472,-0.05520,-0.15402,-0.98622,11712.27004
-0.66827,-0.10800,0.65034,0.02472,-0.05520,-0.15402,-0.98622,11714.23653
-0.66622,-0.10800,0.65034,0.02472,-0.05520,-0.15402,-0.98622,11716.38530
-0.66398,-0.10800,0.65034,0.02472,-0.05520,-0.15402,-0.98622,11718.71499
-0.66156,-0.10800,0.65034,0.02472,-0.05520,-0.15402,-0.98622,11721.22412
-0.65896,-0.10800,0.65034,0.02472,-0.05520,-0.15402,-0.98622,11723.91112
-0.65618,-0.10800,0.65034,0.02472,-0.05520,-0.15402,-0.98622,11726.77429
-0.65323,-0.10800,0.65034,0.02472,-0.05520,-0.15402,-0.98622,11729.81181
-0.65011,-0.10800,0.65034,0.02472,-0.05520,-0.15402,-0.98622,11733.02177
-0.64681,-0.10800,0.65034,0.02472,-0.05520,-0.15402,-0.98622,11736.40215
-0.64335,-0.10800,0.65034,0.02472,-0.05520,-0.15402,-0.98622,11739.95080
-0.63972,-0.10800,0.65034,0.02472,-0.05520,-0.15402,-0.98622,11743.66548
-0.63592,-0.10800,0.65034,0.02472,-0.05520,-0.15402,-0.98622,11747.54386
-0.63196,-0.10800,0.65034,0.02472,-0.05520,-0.15402,-0.98622,11751.58347
-0.62784,-0.10800,0.65034,0.02472,-0.05520,-0.15402,-0.98622,11755.78177
-0.62356,-0.10800,0.65034,0.02472,-0.05520,-0.15402,-0.98622,11760.13611
-0.61913,-0.10800,0.65034,0.02472,-0.05520,-0.15402,-0.98622,11764.64373
-0.61455,-0.10800,0.65034,0.02472,-0.05520,-0.15402,-0.98622,11769.30179
-0.60981,-0.10800,0.65034,0.02472,-0.05520,-0.15402,-0.98622,11774.10735
-0.60494,-0.10800,0.65034,0.02472,-0.05520,-0.15402,-0.98622,11779.05737
-0.59991,-0.10800,0.65034,0.02472,-0.05520,-0.15402,-0.98622,11784.14872
-0.59475,-0.10800,0.65034,0.02472,-0.05520,-0.15402,-0.98622,11789.37820
-0.58945,-0.10800,0.65034,0.02472,-0.05520,-0.15402,-0.98622,11794.74248
-0.58402,-0.10800,0.65034,0.02472,-0.05520,-0.15402,-0.98622,11800.23820
-0.57846,-0.10800,0.65034,0.02472,-0.05520,-0.15402,-0.98622,11805.86187
-0.57278,-0.10800,0.65034,0.02472,-0.05520,-0.15402,-0.98622,11811.60995
-0.56697,-0.10800,0.65034,0.02472,-0.05520,-0.15402,-0.98622,11817.47880
-0.56104,-0.10800,0.65034,0.02472,-0.05520,-0.15402,-0.98622,11823.46471
-0.55500,-0.10800,0.65034,0.02472,-0.05520,-0.15402,-0.98622,11829.56391
-0.54884,-0.10800,0.65034,0.02472,-0.05520,-0.15402,-0.98622,11835.77255
-0.54258,-0.10800,0.65034,0.02472,-0.05520,-0.15402,-0.98622,11842.08670
-0.53621,-0.10800,0.65034,0.02472,-0.05520,-0.15402,-0.98622,11848.50237
-0.52975,-0.10800,0.65034,0.02472,-0.05520,-0.15402,-0.98622,11855.01551
-0.52319,-0.10800,0.65034,0.02472,-0.05520,-0.15402,-0.98622,11861.62201
-0.51653,-0.10800,0.65034,0.02472,-0.05520,-0.15402,-0.98622,11868.31770
-0.50979,-0.10800,0.65034,0.02472,-0.05520,-0.15402,-0.98622,11875.09834
-0.50297,-0.10800,0.65034,0.02472,-0.05520,-0.15402,-0.98622,11881.95966
-0.49607,-0.10800,0.65034,0.02472,-0.05520,-0.15402,-0.98622,11888.89731
-0.48910,-0.10800,0.65034,0.02472,-0.05520,-0.15402,-0.98622,11895.90692
-0.48205,-0.10800,0.65034,0.02472,-0.05520,-0.15402,-0.98622,11902.98406
-0.47494,-0.10800,0.65034,0.02472,-0.05520,-0.15402,-0.98622,11910.12427
-0.46777,-0.10800,0.65034,0.02472,-0.05520,-0.15402,-0.98622,11917.32302
-0.46055,-0.10800,0.65034,0.02472,-0.05520,-0.15402,-0.98622,11924.57577
-0.45327,-0.10800,0.65034,0.02472,-0.05520,-0.15402,-0.98622,11931.87795
-0.44594,-0.10800,0.65034,0.02472,-0.05520,-0.15402,-0.98622,11939.22493
-0.43857,-0.10800,0.65034,0.02472,-0.05520,-0.15402,-0.98622,11946.61209
-0.43117,-0.10800,0.65034,0.02472,-0.05520,-0.15402,-0.98622,11954.03475
-0.42373,-0.10800,0.65034,0.02472,-0.05520,-0.15402,-0.98622,11961.48822
-0.41626,-0.10800,0.65034,0.02472,-0.05520,-0.15402,-0.98622,11968.96780
-0.40877,-0.10800,0.65034,0.02472,-0.05520,-0.15402,-0.98622,11976.46877
-0.40126,-0.10800,0.65034,0.02472,-0.05520,-0.15402,-0.98622,11983.98638
-0.39373,-0.10800,0.65034,0.02472,-0.05520,-0.15402,-0.98622,11991.51588
-0.38620,-0.10800,0.65034,0.02472,-0.05520,-0.15402,-0.98622,11999.05253
-0.37866,-0.10800,0.65034,0.02472,-0.05520,-0.15402,-0.98622,12006.59156
