x,y,z,px,py,pz,pw,u
0.18843,0.20530,0.37228,0.99974,0.00956,0.02072,0.00189,0.00400
0.18843,0.20530,0.37229,0.99974,0.00956,0.02072,0.00189,0.01200
0.18843,0.20530,0.37230,0.99974,0.00956,0.02072,0.00189,0.02400
0.18843,0.20530,0.37232,0.99974,0.00956,0.02072,0.00189,0.04000
0.18843,0.20530,0.37234,0.99974,0.00956,0.02072,0.00189,0.06000
0.18843,0.20530,0.37236,0.99974,0.00956,0.02072,0.00189,0.08400
0.18843,0.20530,0.37239,0.99974,0.00956,0.02072,0.00189,0.11200
0.18843,0.20530,0.37242,0.99974,0.00956,0.02072,0.00189,0.14400
0.18843,0.20530,0.37246,0.99974,0.00956,0.02072,0.00189,0.18000
0.18843,0.20530,0.37250,0.99974,0.00956,0.02072,0.00189,0.22000
0.18843,0.20530,0.37254,0.99974,0.00956,0.02072,0.00189,0.26400
0.18843,0.20530,0.37259,0.99974,0.00956,0.02072,0.00189,0.31200
0.18843,0.20530,0.37264,0.99974,0.00956,0.02072,0.00189,0.36400
0.18843,0.20530,0.37270,0.99974,0.00956,0.02072,0.00189,0.42000
0.18843,0.20530,0.37276,0.99974,0.00956,0.02072,0.00189,0.48000
0.18843,0.20530,0.37282,0.99974,0.00956,0.02072,0.00189,0.54400
0.18843,0.20530,0.37289,0.99974,0.00956,0.02072,0.00189,0.61200
0.18843,0.20530,0.37296,0.99974,0.00956,0.02072,0.00189,0.68400
0.18843,0.20530,0.37304,0.99974,0.00956,0.02072,0.00189,0.76000
0.18843,0.20530,0.37312,0.99974,0.00956,0.02072,0.00189,0.84000
0.18843,0.20530,0.37320,0.99974,0.00956,0.02072,0.00189,0.92400
0.18843,0.20530,0.37329,0.99974,0.00956,0.02072,0.00189,1.01200
0.18843,0.20530,0.37338,0.99974,0.00956,0.02072,0.00189,1.10400
0.18843,0.20530,0.37348,0.99974,0.00956,0.02072,0.00189,1.20000
0.18843,0.20530,0.37358,0.99974,0.00956,0.02072,0.00189,1.30000
0.18843,0.20530,0.37368,0.99974,0.00956,0.02072,0.00189,1.40400
0.18843,0.20530,0.37379,0.99974,0.00956,0.02072,0.00189,1.51200
0.18843,0.20530,0.37390,0.99974,0.00956,0.02072,0.00189,1.62400
0.18843,0.20530,0.37402,0.99974,0.00956,0.02072,0.00189,1.74000
0.18843,0.20530,0.37414,0.99974,0.00956,0.02072,0.00189,1.86000
0.18843,0.20530,0.37426,0.99974,0.00956,0.02072,0.00189,1.98400
0.18843,0.20530,0.37439,0.99974,0.00956,0.02072,0.00189,2.11200
0.18843,0.20530,0.37452,0.99974,0.00956,0.02072,0.00189,2.24400
0.18843,0.20530,0.37466,0.99974,0.00956,0.02072,0.00189,2.38000
0.18843,0.20530,0.37480,0.99974,0.00956,0.02072,0.00189,2.52000
0.18843,0.20530,0.37494,0.99974,0.00956,0.02072,0.00189,2.66400
0.18843,0.20530,0.37509,0.99974,0.00956,0.02072,0.00189,2.81200
0.18843,0.20530,0.37524,0.99974,0.00956,0.02072,0.00189,2.96400
0.18843,0.20530,0.37540,0.99974,0.00956,0.02072,0.00189,3.12000
0.18843,0.20530,0.37556,0.99974,0.00956,0.02072,0.00189,3.28000
0.18843,0.20530,0.37572,0.99974,0.00956,0.02072,0.00189,3.44400
0.18843,0.20530,0.37589,0.99974,0.00956,0.02072,0.00189,3.61200
0.18843,0.20530,0.37606,0.99974,0.00956,0.02072,0.00189,3.78400
0.18843,0.20530,0.37624,0.99974,0.00956,0.02072,0.00189,3.96000
0.18843,0.20530,0.37642,0.99974,0.00956,0.02072,0.00189,4.14000
0.18843,0.20530,0.37660,0.99974,0.00956,0.02072,0.00189,4.32400
0.18843,0.20530,0.37679,0.99974,0.00956,0.02072,0.00189,4.51200
0.18843,0.20530,0.37698,0.99974,0.00956,0.02072,0.00189,4.70400
0.18843,0.20530,0.37718,0.99974,0.00956,0.02072,0.00189,4.90000
0.18843,0.20530,0.37738,0.99974,0.00956,0.02072,0.00189,5.10000
0.18843,0.20530,0.37758,0.99974,0.00956,0.02072,0.00189,5.30000
0.18843,0.20530,0.37778,0.99974,0.00956,0.02072,0.00189,5.50000
0.18843,0.20530,0.37798,0.99974,0.00956,0.02072,0.00189,5.70000
0.18843,0.20530,0.37818,0.99974,0.00956,0.02072,0.00189,5.90000
0.18843,0.20530,0.37838,0.99974,0.00956,0.02072,0.00189,6.10000
0.18843,0.20530,0.37858,0.99974,0.00956,0.02072,0.00189,6.30000
0.18843,0.20530,0.37878,0.99974,0.00956,0.02072,0.00189,6.50000
0.18843,0.20530,0.37898,0.99974,0.00956,0.02072,0.00189,6.70000
0.18843,0.20530,0.37918,0.99974,0.00956,0.02072,0.00189,6.90000
0.18843,0.20530,0.37938,0.99974,0.00956,0.02072,0.00189,7.10000
0.18843,0.20530,0.37958,0.99974,0.00956,0.02072,0.00189,7.30000
0.18843,0.20530,0.37978,0.99974,0.00956,0.02072,0.00189,7.50000
0.18843,0.20530,0.37998,0.99974,0.00956,0.02072,0.00189,7.70000
0.18843,0.20530,0.38018,0.99974,0.00956,0.02072,0.00189,7.90000
0.18843,0.20530,0.38038,0.99974,0.00956,0.02072,0.00189,8.10000
0.18843,0.20530,0.38058,0.99974,0.00956,0.02072,0.00189,8.30000
0.18843,0.20530,0.38078,0.99974,0.00956,0.02072,0.00189,8.50000
0.18843,0.20530,0.38098,0.99974,0.00956,0.02072,0.00189,8.70000
0.18843,0.20530,0.38118,0.99974,0.00956,0.02072,0.00189,8.90000
0.18843,0.20530,0.38138,0.99974,0.00956,0.02072,0.00189,9.10000
0.18843,0.20530,0.38158,0.99974,0.00956,0.02072,0.00189,9.30000
0.18843,0.20530,0.38178,0.99974,0.00956,0.02072,0.00189,9.50000
0.18843,0.20530,0.38198,0.99974,0.00956,0.02072,0.00189,9.70000
0.18843,0.20530,0.38218,0.99974,0.00956,0.02072,0.00189,9.90000
0.18843,0.20530,0.38238,0.99974,0.00956,0.02072,0.00189,10.10000
0.18843,0.20530,0.38258,0.99974,0.00956,0.02072,0.00189,10.30000
0.18843,0.20530,0.38278,0.99974,0.00956,0.02072,0.00189,10.50000
0.18843,0.20530,0.38298,0.99974,0.00956,0.02072,0.00189,10.70000
0.18843,0.20530,0.38318,0.99974,0.00956,0.02072,0.00189,10.90000
0.18843,0.20530,0.38338,0.99974,0.00956,0.02072,0.00189,11.10000
0.18843,0.20530,0.38358,0.99974,0.00956,0.02072,0.00189,11.30000
0.18843,0.20530,0.38378,0.99974,0.00956,0.02072,0.00189,11.50000
0.18843,0.20530,0.38398,0.99974,0.00956,0.02072,0.00189,11.70000
0.18843,0.20530,0.38418,0.99974,0.00956,0.02072,0.00189,11.90000
0.18843,0.20530,0.38438,0.99974,0.00956,0.02072,0.00189,12.10000
0.18843,0.20530,0.38458,0.99974,0.00956,0.02072,0.00189,12.30000
0.18843,0.20530,0.38478,0.99974,0.00956,0.02072,0.00189,12.50000
0.18843,0.20530,0.38498,0.99974,0.00956,0.02072,0.00189,12.70000
0.18843,0.20530,0.38518,0.99974,0.00956,0.02072,0.00189,12.90000
0.18843,0.20530,0.38538,0.99974,0.00956,0.02072,0.00189,13.10000
0.18843,0.20530,0.38558,0.99974,0.00956,0.02072,0.00189,13.30000
0.18843,0.20530,0.38578,0.99974,0.00956,0.02072,0.00189,13.50000
0.18843,0.20530,0.38598,0.99974,0.00956,0.02072,0.00189,13.70000
0.18843,0.20530,0.38618,0.99974,0.00956,0.02072,0.00189,13.90000
0.18843,0.20530,0.38638,0.99974,0.00956,0.02072,0.00189,14.10000
0.18843,0.20530,0.38658,0.99974,0.00956,0.02072,0.00189,14.30000
0.18843,0.20530,0.38678,0.99974,0.00956,0.02072,0.00189,14.50000
0.18843,0.20530,0.38698,0.99974,0.00956,0.02072,0.00189,14.70000
0.18843,0.20530,0.38718,0.99974,0.00956,0.02072,0.00189,14.90000
0.18843,0.20530,0.38738,0.99974,0.00956,0.02072,0.00189,15.10000
0.18843,0.20530,0.38758,0.99974,0.00956,0.02072,0.00189,15.30000
0.18843,0.20530,0.38778,0.99974,0.00956,0.02072,0.00189,15.50000
0.18843,0.20530,0.38798,0.99974,0.00956,0.02072,0.00189,15.70000
0.18843,0.20530,0.38818,0.99974,0.00956,0.02072,0.00189,15.90000
0.18843,0.20530,0.38838,0.99974,0.00956,0.02072,0.00189,16.10000
0.18843,0.20530,0.38858,0.99974,0.00956,0.02072,0.00189,16.30000
0.18843,0.20530,0.38878,0.99974,0.00956,0.02072,0.00189,16.50000
0.18843,0.20530,0.38898,0.99974,0.00956,0.02072,0.00189,16.70000
0.18843,0.20530,0.38918,0.99974,0.00956,0.02072,0.00189,16.90000
0.18843,0.20530,0.38938,0.99974,0.00956,0.02072,0.00189,17.10000
0.18843,0.20530,0.38958,0.99974,0.00956,0.02072,0.00189,17.30000
0.18843,0.20530,0.38978,0.99974,0.00956,0.02072,0.00189,17.50000
0.18843,0.20530,0.38998,0.99974,0.00956,0.02072,0.00189,17.70000
0.18843,0.20530,0.39018,0.99974,0.00956,0.02072,0.00189,17.90000
0.18843,0.20530,0.39038,0.99974,0.00956,0.02072,0.00189,18.10000
0.18843,0.20530,0.39058,0.99974,0.00956,0.02072,0.00189,18.30000
0.18843,0.20530,0.39078,0.99974,0.00956,0.02072,0.00189,18.50000
0.18843,0.20530,0.39098,0.99974,0.00956,0.02072,0.00189,18.70000
0.18843,0.20530,0.39118,0.99974,0.00956,0.02072,0.00189,18.90000
0.18843,0.20530,0.39138,0.99974,0.00956,0.02072,0.00189,19.10000
0.18843,0.20530,0.39158,0.99974,0.00956,0.02072,0.00189,19.30000
0.18843,0.20530,0.39178,0.99974,0.00956,0.02072,0.00189,19.50000
0.18843,0.20530,0.39198,0.99974,0.00956,0.02072,0.00189,19.70000
0.18843,0.20530,0.39218,0.99974,0.00956,0.02072,0.00189,19.90000
0.18843,0.20530,0.39238,0.99974,0.00956,0.02072,0.00189,20.10000
0.18843,0.20530,0.39258,0.99974,0.00956,0.02072,0.00189,20.30000
0.18843,0.20530,0.39278,0.99974,0.00956,0.02072,0.00189,20.50000
0.18843,0.20530,0.39298,0.99974,0.00956,0.02072,0.00189,20.70000
0.18843,0.20530,0.39318,0.99974,0.00956,0.02072,0.00189,20.90000
0.18843,0.20530,0.39338,0.99974,0.00956,0.02072,0.00189,21.10000
0.18843,0.20530,0.39358,0.99974,0.00956,0.02072,0.00189,21.30000
0.18843,0.20530,0.39378,0.99974,0.00956,0.02072,0.00189,21.50000
0.18843,0.20530,0.39398,0.99974,0.00956,0.02072,0.00189,21.70000
0.18843,0.20530,0.39418,0.99974,0.00956,0.02072,0.00189,21.90000
0.18843,0.20530,0.39438,0.99974,0.00956,0.02072,0.00189,22.10000
0.18843,0.20530,0.39458,0.99974,0.00956,0.02072,0.00189,22.30000
0.18843,0.20530,0.39478,0.99974,0.00956,0.02072,0.00189,22.50000
0.18843,0.20530,0.39498,0.99974,0.00956,0.02072,0.00189,22.70000
0.18843,0.20530,0.39518,0.99974,0.00956,0.02072,0.00189,22.90000
0.18843,0.20530,0.39538,0.99974,0.00956,0.02072,0.00189,23.10000
0.18843,0.20530,0.39558,0.99974,0.00956,0.02072,0.00189,23.30000
0.18843,0.20530,0.39578,0.99974,0.00956,0.02072,0.00189,23.50000
0.18843,0.20530,0.39598,0.99974,0.00956,0.02072,0.00189,23.70000
0.18843,0.20530,0.39618,0.99974,0.00956,0.02072,0.00189,23.90000
0.18843,0.20530,0.39638,0.99974,0.00956,0.02072,0.00189,24.10000
0.18843,0.20530,0.39658,0.99974,0.00956,0.02072,0.00189,24.30000
0.18843,0.20530,0.39678,0.99974,0.00956,0.02072,0.00189,24.50000
0.18843,0.20530,0.39698,0.99974,0.00956,0.02072,0.00189,24.70000
0.18843,0.20530,0.39718,0.99974,0.00956,0.02072,0.00189,24.90000
0.18843,0.20530,0.39738,0.99974,0.00956,0.02072,0.00189,25.10000
0.18843,0.20530,0.39758,0.99974,0.00956,0.02072,0.00189,25.30000
0.18843,0.20530,0.39778,0.99974,0.00956,0.02072,0.00189,25.50000
0.18843,0.20530,0.39798,0.99974,0.00956,0.02072,0.00189,25.70000
0.18843,0.20530,0.39818,0.99974,0.00956,0.02072,0.00189,25.90000
0.18843,0.20530,0.39838,0.99974,0.00956,0.02072,0.00189,26.10000
0.18843,0.20530,0.39858,0.99974,0.00956,0.02072,0.00189,26.30000
0.18843,0.20530,0.39878,0.99974,0.00956,0.02072,0.00189,26.50000
0.18843,0.20530,0.39898,0.99974,0.00956,0.02072,0.00189,26.70000
0.18843,0.20530,0.39918,0.99974,0.00956,0.02072,0.00189,26.90000
0.18843,0.20530,0.39938,0.99974,0.00956,0.02072,0.00189,27.10000
0.18843,0.20530,0.39958,0.99974,0.00956,0.02072,0.00189,27.30000
0.18843,0.20530,0.39978,0.99974,0.00956,0.02072,0.00189,27.50000
0.18843,0.20530,0.39998,0.99974,0.00956,0.02072,0.00189,27.70000
0.18843,0.20530,0.40018,0.99974,0.00956,0.02072,0.00189,27.90000
0.18843,0.20530,0.40038,0.99974,0.00956,0.02072,0.00189,28.10000
0.18843,0.20530,0.40058,0.99974,0.00956,0.02072,0.00189,28.30000
0.18843,0.20530,0.40078,0.99974,0.00956,0.02072,0.00189,28.50000
0.18843,0.20530,0.40098,0.99974,0.00956,0.02072,0.00189,28.70000
0.18843,0.20530,0.40118,0.99974,0.00956,0.02072,0.00189,28.90000
0.18843,0.20530,0.40138,0.99974,0.00956,0.02072,0.00189,29.10000
0.18843,0.20530,0.40158,0.99974,0.00956,0.02072,0.00189,29.30000
0.18843,0.20530,0.40178,0.99974,0.00956,0.02072,0.00189,29.50000
0.18843,0.20530,0.40198,0.99974,0.00956,0.02072,0.00189,29.70000
0.18843,0.20530,0.40218,0.99974,0.00956,0.02072,0.00189,29.90000
0.18843,0.20530,0.40238,0.99974,0.00956,0.02072,0.00189,30.10000
0.18843,0.20530,0.40258,0.99974,0.00956,0.02072,0.00189,30.30000
0.18843,0.20530,0.40278,0.99974,0.00956,0.02072,0.00189,30.50000
0.18843,0.20530,0.40298,0.99974,0.00956,0.02072,0.00189,30.70000
0.18843,0.20530,0.40318,0.99974,0.00956,0.02072,0.00189,30.90000
0.18843,0.20530,0.40338,0.99974,0.00956,0.02072,0.00189,31.10000
0.18843,0.20530,0.40358,0.99974,0.00956,0.02072,0.00189,31.30000
0.18843,0.20530,0.40378,0.99974,0.00956,0.02072,0.00189,31.50000
0.18843,0.20530,0.40398,0.99974,0.00956,0.02072,0.00189,31.70000
0.18843,0.20530,0.40418,0.99974,0.00956,0.02072,0.00189,31.90000
0.18843,0.20530,0.40438,0.99974,0.00956,0.02072,0.00189,32.10000
0.18843,0.20530,0.40458,0.99974,0.00956,0.02072,0.00189,32.30000
0.18843,0.20530,0.40478,0.99974,0.00956,0.02072,0.00189,32.50000
0.18843,0.20530,0.40498,0.99974,0.00956,0.02072,0.00189,32.70000
0.18843,0.20530,0.40518,0.99974,0.00956,0.02072,0.00189,32.90000
0.18843,0.20530,0.40538,0.99974,0.00956,0.02072,0.00189,33.10000
0.18843,0.20530,0.40558,0.99974,0.00956,0.02072,0.00189,33.30000
0.18843,0.20530,0.40578,0.99974,0.00956,0.02072,0.00189,33.50000
0.18843,0.20530,0.40598,0.99974,0.00956,0.02072,0.00189,33.70000
0.18843,0.20530,0.40618,0.99974,0.00956,0.02072,0.00189,33.90000
0.18843,0.20530,0.40638,0.99974,0.00956,0.02072,0.00189,34.10000
0.18843,0.20530,0.40658,0.99974,0.00956,0.02072,0.00189,34.30000
0.18843,0.20530,0.40678,0.99974,0.00956,0.02072,0.00189,34.50000
0.18843,0.20530,0.40698,0.99974,0.00956,0.02072,0.00189,34.70000
0.18843,0.20530,0.40718,0.99974,0.00956,0.02072,0.00189,34.90000
0.18843,0.20530,0.40738,0.99974,0.00956,0.02072,0.00189,35.10000
0.18843,0.20530,0.40758,0.99974,0.00956,0.02072,0.00189,35.30000
0.18843,0.20530,0.40778,0.99974,0.00956,0.02072,0.00189,35.50000
0.18843,0.20530,0.40798,0.99974,0.00956,0.02072,0.00189,35.70000
0.18843,0.20530,0.40818,0.99974,0.00956,0.02072,0.00189,35.90000
0.18843,0.20530,0.40838,0.99974,0.00956,0.02072,0.00189,36.10000
0.18843,0.20530,0.40858,0.99974,0.00956,0.02072,0.00189,36.30000
0.18843,0.20530,0.40878,0.99974,0.00956,0.02072,0.00189,36.50000
0.18843,0.20530,0.40898,0.99974,0.00956,0.02072,0.00189,36.70000
0.18843,0.20530,0.40918,0.99974,0.00956,0.02072,0.00189,36.90000
0.18843,0.20530,0.40938,0.99974,0.00956,0.02072,0.00189,37.10000
0.18843,0.20530,0.40958,0.99974,0.00956,0.02072,0.00189,37.30000
0.18843,0.20530,0.40978,0.99974,0.00956,0.02072,0.00189,37.50000
0.18843,0.20530,0.40998,0.99974,0.00956,0.02072,0.00189,37.70000
0.18843,0.20530,0.41018,0.99974,0.00956,0.02072,0.00189,37.90000
0.18843,0.20530,0.41038,0.99974,0.00956,0.02072,0.00189,38.10000
0.18843,0.20530,0.41058,0.99974,0.00956,0.02072,0.00189,38.30000
0.18843,0.20530,0.41078,0.99974,0.00956,0.02072,0.00189,38.50000
0.18843,0.20530,0.41098,0.99974,0.00956,0.02072,0.00189,38.70000
0.18843,0.20530,0.41118,0.99974,0.00956,0.02072,0.00189,38.90000
0.18843,0.20530,0.41138,0.99974,0.00956,0.02072,0.00189,39.10000
0.18843,0.20530,0.41158,0.99974,0.00956,0.02072,0.00189,39.30000
0.18843,0.20530,0.41178,0.99974,0.00956,0.02072,0.00189,39.50000
0.18843,0.20530,0.41198,0.99974,0.00956,0.02072,0.00189,39.70000
0.18843,0.20530,0.41218,0.99974,0.00956,0.02072,0.00189,39.90000
0.18843,0.20530,0.41238,0.99974,0.00956,0.02072,0.00189,40.10000
0.18843,0.20530,0.41258,0.99974,0.00956,0.02072,0.00189,40.30000
0.18843,0.20530,0.41278,0.99974,0.00956,0.02072,0.00189,40.50000
0.18843,0.20530,0.41298,0.99974,0.00956,0.02072,0.00189,40.70000
0.18843,0.20530,0.41318,0.99974,0.00956,0.02072,0.00189,40.90000
0.18843,0.20530,0.41338,0.99974,0.00956,0.02072,0.00189,41.10000
0.18843,0.20530,0.41358,0.99974,0.00956,0.02072,0.00189,41.30000
0.18843,0.20530,0.41378,0.99974,0.00956,0.02072,0.00189,41.50000
0.18843,0.20530,0.41398,0.99974,0.00956,0.02072,0.00189,41.70000
0.18843,0.20530,0.41418,0.99974,0.00956,0.02072,0.00189,41.90000
0.18843,0.20530,0.41438,0.99974,0.00956,0.02072,0.00189,42.10000
0.18843,0.20530,0.41458,0.99974,0.00956,0.02072,0.00189,42.30000
0.18843,0.20530,0.41478,0.99974,0.00956,0.02072,0.00189,42.50000
0.18843,0.20530,0.41498,0.99974,0.00956,0.02072,0.00189,42.70000
0.18843,0.20530,0.41518,0.99974,0.00956,0.02072,0.00189,42.90000
0.18843,0.20530,0.41538,0.99974,0.00956,0.02072,0.00189,43.10000
0.18843,0.20530,0.41558,0.99974,0.00956,0.02072,0.00189,43.30000
0.18843,0.20530,0.41578,0.99974,0.00956,0.02072,0.00189,43.50000
0.18843,0.20530,0.41598,0.99974,0.00956,0.02072,0.00189,43.70000
0.18843,0.20530,0.41618,0.99974,0.00956,0.02072,0.00189,43.90000
0.18843,0.20530,0.41638,0.99974,0.00956,0.02072,0.00189,44.10000
0.18843,0.20530,0.41658,0.99974,0.00956,0.02072,0.00189,44.30000
0.18843,0.20530,0.41678,0.99974,0.00956,0.02072,0.00189,44.50000
0.18843,0.20530,0.41698,0.99974,0.00956,0.02072,0.00189,44.70000
0.18843,0.20530,0.41718,0.99974,0.00956,0.02072,0.00189,44.90000
0.18843,0.20530,0.41738,0.99974,0.00956,0.02072,0.00189,45.10000
0.18843,0.20530,0.41758,0.99974,0.00956,0.02072,0.00189,45.30000
0.18843,0.20530,0.41778,0.99974,0.00956,0.02072,0.00189,45.50000
0.18843,0.20530,0.41798,0.99974,0.00956,0.02072,0.00189,45.70000
0.18843,0.20530,0.41818,0.99974,0.00956,0.02072,0.00189,45.90000
0.18843,0.20530,0.41838,0.99974,0.00956,0.02072,0.00189,46.10000
0.18843,0.20530,0.41858,0.99974,0.00956,0.02072,0.00189,46.30000
0.18843,0.20530,0.41878,0.99974,0.00956,0.02072,0.00189,46.50000
0.18843,0.20530,0.41898,0.99974,0.00956,0.02072,0.00189,46.70000
0.18843,0.20530,0.41918,0.99974,0.00956,0.02072,0.00189,46.90000
0.18843,0.20530,0.41938,0.99974,0.00956,0.02072,0.00189,47.10000
0.18843,0.20530,0.41958,0.99974,0.00956,0.02072,0.00189,47.30000
0.18843,0.20530,0.41978,0.99974,0.00956,0.02072,0.00189,47.50000
0.18843,0.20530,0.41998,0.99974,0.00956,0.02072,0.00189,47.70000
0.18843,0.20530,0.42018,0.99974,0.00956,0.02072,0.00189,47.90000
0.18843,0.20530,0.42038,0.99974,0.00956,0.02072,0.00189,48.10000
0.18843,0.20530,0.42058,0.99974,0.00956,0.02072,0.00189,48.30000
0.18843,0.20530,0.42078,0.99974,0.00956,0.02072,0.00189,48.50000
0.18843,0.20530,0.42098,0.99974,0.00956,0.02072,0.00189,48.70000
0.18843,0.20530,0.42118,0.99974,0.00956,0.02072,0.00189,48.90000
0.18843,0.20530,0.42138,0.99974,0.00956,0.02072,0.00189,49.10000
0.18843,0.20530,0.42158,0.99974,0.00956,0.02072,0.00189,49.30000
0.18843,0.20530,0.42178,0.99974,0.00956,0.02072,0.00189,49.50000
0.18843,0.20530,0.42198,0.99974,0.00956,0.02072,0.00189,49.70000
0.18843,0.20530,0.42218,0.99974,0.00956,0.02072,0.00189,49.90000
0.18843,0.20530,0.42238,0.99974,0.00956,0.02072,0.00189,50.10000
0.18843,0.20530,0.42258,0.99974,0.00956,0.02072,0.00189,50.30000
0.18843,0.20530,0.42278,0.99974,0.00956,0.02072,0.00189,50.50000
0.18843,0.20530,0.42298,0.99974,0.00956,0.02072,0.00189,50.70000
0.18843,0.20530,0.42318,0.99974,0.00956,0.02072,0.00189,50.90000
0.18843,0.20530,0.42338,0.99974,0.00956,0.02072,0.00189,51.10000
0.18843,0.20530,0.42358,0.99974,0.00956,0.02072,0.00189,51.30000
0.18843,0.20530,0.42378,0.99974,0.00956,0.02072,0.00189,51.50000
0.18843,0.20530,0.42398,0.99974,0.00956,0.02072,0.00189,51.70000
0.18843,0.20530,0.42418,0.99974,0.00956,0.02072,0.00189,51.90000
0.18843,0.20530,0.42438,0.99974,0.00956,0.02072,0.00189,52.10000
0.18843,0.20530,0.42458,0.99974,0.00956,0.02072,0.00189,52.30000
0.18843,0.20530,0.42478,0.99974,0.00956,0.02072,0.00189,52.50000
0.18843,0.20530,0.42498,0.99974,0.00956,0.02072,0.00189,52.70000
0.18843,0.20530,0.42518,0.99974,0.00956,0.02072,0.00189,52.90000
0.18843,0.20530,0.42538,0.99974,0.00956,0.02072,0.00189,53.10000
0.18843,0.20530,0.42558,0.99974,0.00956,0.02072,0.00189,53.30000
0.18843,0.20530,0.42578,0.99974,0.00956,0.02072,0.00189,53.50000
0.18843,0.20530,0.42598,0.99974,0.00956,0.02072,0.00189,53.70000
0.18843,0.20530,0.42618,0.99974,0.00956,0.02072,0.00189,53.90000
0.18843,0.20530,0.42638,0.99974,0.00956,0.02072,0.00189,54.10000
0.18843,0.20530,0.42658,0.99974,0.00956,0.02072,0.00189,54.30000
0.18843,0.20530,0.42678,0.99974,0.00956,0.02072,0.00189,54.50000
0.18843,0.20530,0.42698,0.99974,0.00956,0.02072,0.00189,54.70000
0.18843,0.20530,0.42718,0.99974,0.00956,0.02072,0.00189,54.90000
0.18843,0.20530,0.42738,0.99974,0.00956,0.02072,0.00189,55.10000
0.18843,0.20530,0.42758,0.99974,0.00956,0.02072,0.00189,55.30000
0.18843,0.20530,0.42778,0.99974,0.00956,0.02072,0.00189,55.50000
0.18843,0.20530,0.42798,0.99974,0.00956,0.02072,0.00189,55.70000
0.18843,0.20530,0.42818,0.99974,0.00956,0.02072,0.00189,55.90000
0.18843,0.20530,0.42838,0.99974,0.00956,0.02072,0.00189,56.10000
0.18843,0.20530,0.42858,0.99974,0.00956,0.02072,0.00189,56.30000
0.18843,0.20530,0.42878,0.99974,0.00956,0.02072,0.00189,56.50000
0.18843,0.20530,0.42898,0.99974,0.00956,0.02072,0.00189,56.70000
0.18843,0.20530,0.42918,0.99974,0.00956,0.02072,0.00189,56.90000
0.18843,0.20530,0.42938,0.99974,0.00956,0.02072,0.00189,57.10000
0.18843,0.20530,0.42958,0.99974,0.00956,0.02072,0.00189,57.30000
0.18843,0.20530,0.42978,0.99974,0.00956,0.02072,0.00189,57.50000
0.18843,0.20530,0.42998,0.99974,0.00956,0.02072,0.00189,57.70000
0.18843,0.20530,0.43018,0.99974,0.00956,0.02072,0.00189,57.90000
0.18843,0.20530,0.43038,0.99974,0.00956,0.02072,0.00189,58.10000
0.18843,0.20530,0.43058,0.99974,0.00956,0.02072,0.00189,58.30000
0.18843,0.20530,0.43078,0.99974,0.00956,0.02072,0.00189,58.50000
0.18843,0.20530,0.43098,0.99974,0.00956,0.02072,0.00189,58.70000
0.18843,0.20530,0.43118,0.99974,0.00956,0.02072,0.00189,58.90000
0.18843,0.20530,0.43138,0.99974,0.00956,0.02072,0.00189,59.10000
0.18843,0.20530,0.43158,0.99974,0.00956,0.02072,0.00189,59.30000
0.18843,0.20530,0.43178,0.99974,0.00956,0.02072,0.00189,59.50000
0.18843,0.20530,0.43198,0.99974,0.00956,0.02072,0.00189,59.70000
0.18843,0.20530,0.43218,0.99974,0.00956,0.02072,0.00189,59.90000
0.18843,0.20530,0.43238,0.99974,0.00956,0.02072,0.00189,60.10000
0.18843,0.20530,0.43258,0.99974,0.00956,0.02072,0.00189,60.30000
0.18843,0.20530,0.43278,0.99974,0.00956,0.02072,0.00189,60.50000
0.18843,0.20530,0.43298,0.99974,0.00956,0.02072,0.00189,60.70000
0.18843,0.20530,0.43318,0.99974,0.00956,0.02072,0.00189,60.90000
0.18843,0.20530,0.43338,0.99974,0.00956,0.02072,0.00189,61.10000
0.18843,0.20530,0.43358,0.99974,0.00956,0.02072,0.00189,61.30000
0.18843,0.20530,0.43378,0.99974,0.00956,0.02072,0.00189,61.50000
0.18843,0.20530,0.43398,0.99974,0.00956,0.02072,0.00189,61.70000
0.18843,0.20530,0.43418,0.99974,0.00956,0.02072,0.00189,61.90000
0.18843,0.20530,0.43438,0.99974,0.00956,0.02072,0.00189,62.10000
0.18843,0.20530,0.43458,0.99974,0.00956,0.02072,0.00189,62.30000
0.18843,0.20530,0.43478,0.99974,0.00956,0.02072,0.00189,62.50000
0.18843,0.20530,0.43498,0.99974,0.00956,0.02072,0.00189,62.70000
0.18843,0.20530,0.43518,0.99974,0.00956,0.02072,0.00189,62.90000
0.18843,0.20530,0.43538,0.99974,0.00956,0.02072,0.00189,63.10000
0.18843,0.20530,0.43558,0.99974,0.00956,0.02072,0.00189,63.30000
0.18843,0.20530,0.43578,0.99974,0.00956,0.02072,0.00189,63.50000
0.18843,0.20530,0.43598,0.99974,0.00956,0.02072,0.00189,63.70000
0.18843,0.20530,0.43618,0.99974,0.00956,0.02072,0.00189,63.90000
0.18843,0.20530,0.43638,0.99974,0.00956,0.02072,0.00189,64.10000
0.18843,0.20530,0.43658,0.99974,0.00956,0.02072,0.00189,64.30000
0.18843,0.20530,0.43678,0.99974,0.00956,0.02072,0.00189,64.50000
0.18843,0.20530,0.43698,0.99974,0.00956,0.02072,0.00189,64.70000
0.18843,0.20530,0.43718,0.99974,0.00956,0.02072,0.00189,64.90000
0.18843,0.20530,0.43738,0.99974,0.00956,0.02072,0.00189,65.10000
0.18843,0.20530,0.43758,0.99974,0.00956,0.02072,0.00189,65.30000
0.18843,0.20530,0.43778,0.99974,0.00956,0.02072,0.00189,65.50000
0.18843,0.20530,0.43798,0.99974,0.00956,0.02072,0.00189,65.70000
0.18843,0.20530,0.43818,0.99974,0.00956,0.02072,0.00189,65.90000
0.18843,0.20530,0.43838,0.99974,0.00956,0.02072,0.00189,66.10000
0.18843,0.20530,0.43858,0.99974,0.00956,0.02072,0.00189,66.30000
0.18843,0.20530,0.43878,0.99974,0.00956,0.02072,0.00189,66.50000
0.18843,0.20530,0.43898,0.99974,0.00956,0.02072,0.00189,66.70000
0.18843,0.20530,0.43918,0.99974,0.00956,0.02072,0.00189,66.90000
0.18843,0.20530,0.43938,0.99974,0.00956,0.02072,0.00189,67.10000
0.18843,0.20530,0.43958,0.99974,0.00956,0.02072,0.00189,67.30000
0.18843,0.20530,0.43978,0.99974,0.00956,0.02072,0.00189,67.50000
0.18843,0.20530,0.43998,0.99974,0.00956,0.02072,0.00189,67.70000
0.18843,0.20530,0.44018,0.99974,0.00956,0.02072,0.00189,67.90000
0.18843,0.20530,0.44038,0.99974,0.00956,0.02072,0.00189,68.10000
0.18843,0.20530,0.44058,0.99974,0.00956,0.02072,0.00189,68.30000
0.18843,0.20530,0.44078,0.99974,0.00956,0.02072,0.00189,68.50000
0.18843,0.20530,0.44098,0.99974,0.00956,0.02072,0.00189,68.70000
0.18843,0.20530,0.44118,0.99974,0.00956,0.02072,0.00189,68.90000
0.18843,0.20530,0.44138,0.99974,0.00956,0.02072,0.00189,69.10000
0.18843,0.20530,0.44158,0.99974,0.00956,0.02072,0.00189,69.30000
0.18843,0.20530,0.44178,0.99974,0.00956,0.02072,0.00189,69.50000
0.18843,0.20530,0.44198,0.99974,0.00956,0.02072,0.00189,69.70000
0.18843,0.20530,0.44218,0.99974,0.00956,0.02072,0.00189,69.90000
0.18843,0.20530,0.44238,0.99974,0.00956,0.02072,0.00189,70.10000
0.18843,0.20530,0.44258,0.99974,0.00956,0.02072,0.00189,70.30000
0.18843,0.20530,0.44278,0.99974,0.00956,0.02072,0.00189,70.50000
0.18843,0.20530,0.44298,0.99974,0.00956,0.02072,0.00189,70.70000
0.18843,0.20530,0.44318,0.99974,0.00956,0.02072,0.00189,70.90000
0.18843,0.20530,0.44338,0.99974,0.00956,0.02072,0.00189,71.10000
0.18843,0.20530,0.44358,0.99974,0.00956,0.02072,0.00189,71.30000
0.18843,0.20530,0.44378,0.99974,0.00956,0.02072,0.00189,71.50000
0.18843,0.20530,0.44398,0.99974,0.00956,0.02072,0.00189,71.70000
0.18843,0.20530,0.44418,0.99974,0.00956,0.02072,0.00189,71.90000
0.18843,0.20530,0.44438,0.99974,0.00956,0.02072,0.00189,72.10000
0.18843,0.20530,0.44458,0.99974,0.00956,0.02072,0.00189,72.30000
0.18843,0.20530,0.44478,0.99974,0.00956,0.02072,0.00189,72.50000
0.18843,0.20530,0.44498,0.99974,0.00956,0.02072,0.00189,72.70000
0.18843,0.20530,0.44518,0.99974,0.00956,0.02072,0.00189,72.90000
0.18843,0.20530,0.44538,0.99974,0.00956,0.02072,0.00189,73.10000
0.18843,0.20530,0.44558,0.99974,0.00956,0.02072,0.00189,73.30000
0.18843,0.20530,0.44578,0.99974,0.00956,0.02072,0.00189,73.50000
0.18843,0.20530,0.44598,0.99974,0.00956,0.02072,0.00189,73.70000
0.18843,0.20530,0.44618,0.99974,0.00956,0.02072,0.00189,73.90000
0.18843,0.20530,0.44638,0.99974,0.00956,0.02072,0.00189,74.10000
0.18843,0.20530,0.44658,0.99974,0.00956,0.02072,0.00189,74.30000
0.18843,0.20530,0.44678,0.99974,0.00956,0.02072,0.00189,74.50000
0.18843,0.20530,0.44698,0.99974,0.00956,0.02072,0.00189,74.70000
0.18843,0.20530,0.44718,0.99974,0.00956,0.02072,0.00189,74.90000
0.18843,0.20530,0.44738,0.99974,0.00956,0.02072,0.00189,75.10000
0.18843,0.20530,0.44758,0.99974,0.00956,0.02072,0.00189,75.30000
0.18843,0.20530,0.44778,0.99974,0.00956,0.02072,0.00189,75.50000
0.18843,0.20530,0.44798,0.99974,0.00956,0.02072,0.00189,75.70000
0.18843,0.20530,0.44818,0.99974,0.00956,0.02072,0.00189,75.90000
0.18843,0.20530,0.44838,0.99974,0.00956,0.02072,0.00189,76.10000
0.18843,0.20530,0.44858,0.99974,0.00956,0.02072,0.00189,76.30000
0.18843,0.20530,0.44878,0.99974,0.00956,0.02072,0.00189,76.50000
0.18843,0.20530,0.44898,0.99974,0.00956,0.02072,0.00189,76.70000
0.18843,0.20530,0.44918,0.99974,0.00956,0.02072,0.00189,76.90000
0.18843,0.20530,0.44938,0.99974,0.00956,0.02072,0.00189,77.10000
0.18843,0.20530,0.44958,0.99974,0.00956,0.02072,0.00189,77.30000
0.18843,0.20530,0.44978,0.99974,0.00956,0.02072,0.00189,77.50000
0.18843,0.20530,0.44998,0.99974,0.00956,0.02072,0.00189,77.70000
0.18843,0.20530,0.45018,0.99974,0.00956,0.02072,0.00189,77.90000
0.18843,0.20530,0.45038,0.99974,0.00956,0.02072,0.00189,78.10000
0.18843,0.20530,0.45058,0.99974,0.00956,0.02072,0.00189,78.30000
0.18843,0.20530,0.45078,0.99974,0.00956,0.02072,0.00189,78.50000
0.18843,0.20530,0.45098,0.99974,0.00956,0.02072,0.00189,78.70000
0.18843,0.20530,0.45118,0.99974,0.00956,0.02072,0.00189,78.90000
0.18843,0.20530,0.45138,0.99974,0.00956,0.02072,0.00189,79.10000
0.18843,0.20530,0.45158,0.99974,0.00956,0.02072,0.00189,79.30000
0.18843,0.20530,0.45178,0.99974,0.00956,0.02072,0.00189,79.50000
0.18843,0.20530,0.45198,0.99974,0.00956,0.02072,0.00189,79.70000
0.18843,0.20530,0.45218,0.99974,0.00956,0.02072,0.00189,79.90000
0.18843,0.20530,0.45238,0.99974,0.00956,0.02072,0.00189,80.10000
0.18843,0.20530,0.45258,0.99974,0.00956,0.02072,0.00189,80.30000
0.18843,0.20530,0.45278,0.99974,0.00956,0.02072,0.00189,80.50000
0.18843,0.20530,0.45298,0.99974,0.00956,0.02072,0.00189,80.70000
0.18843,0.20530,0.45318,0.99974,0.00956,0.02072,0.00189,80.90000
0.18843,0.20530,0.45338,0.99974,0.00956,0.02072,0.00189,81.10000
0.18843,0.20530,0.45358,0.99974,0.00956,0.02072,0.00189,81.30000
0.18843,0.20530,0.45378,0.99974,0.00956,0.02072,0.00189,81.50000
0.18843,0.20530,0.45398,0.99974,0.00956,0.02072,0.00189,81.70000
0.18843,0.20530,0.45418,0.99974,0.00956,0.02072,0.00189,81.90000
0.18843,0.20530,0.45438,0.99974,0.00956,0.02072,0.00189,82.10000
0.18843,0.20530,0.45458,0.99974,0.00956,0.02072,0.00189,82.30000
0.18843,0.20530,0.45478,0.99974,0.00956,0.02072,0.00189,82.50000
0.18843,0.20530,0.45498,0.99974,0.00956,0.02072,0.00189,82.70000
0.18843,0.20530,0.45518,0.99974,0.00956,0.02072,0.00189,82.90000
0.18843,0.20530,0.45538,0.99974,0.00956,0.02072,0.00189,83.10000
0.18843,0.20530,0.45558,0.99974,0.00956,0.02072,0.00189,83.30000
0.18843,0.20530,0.45578,0.99974,0.00956,0.02072,0.00189,83.50000
0.18843,0.20530,0.45598,0.99974,0.00956,0.02072,0.00189,83.70000
0.18843,0.20530,0.45618,0.99974,0.00956,0.02072,0.00189,83.90000
0.18843,0.20530,0.45638,0.99974,0.00956,0.02072,0.00189,84.10000
0.18843,0.20530,0.45658,0.99974,0.00956,0.02072,0.00189,84.30000
0.18843,0.20530,0.45678,0.99974,0.00956,0.02072,0.00189,84.50000
0.18843,0.20530,0.45698,0.99974,0.00956,0.02072,0.00189,84.70000
0.18843,0.20530,0.45718,0.99974,0.00956,0.02072,0.00189,84.90000
0.18843,0.20530,0.45738,0.99974,0.00956,0.02072,0.00189,85.10000
0.18843,0.20530,0.45758,0.99974,0.00956,0.02072,0.00189,85.30000
0.18843,0.20530,0.45778,0.99974,0.00956,0.02072,0.00189,85.50000
0.18843,0.20530,0.45798,0.99974,0.00956,0.02072,0.00189,85.70000
0.18843,0.20530,0.45818,0.99974,0.00956,0.02072,0.00189,85.90000
0.18843,0.20530,0.45838,0.99974,0.00956,0.02072,0.00189,86.10000
0.18843,0.20530,0.45858,0.99974,0.00956,0.02072,0.00189,86.30000
0.18843,0.20530,0.45878,0.99974,0.00956,0.02072,0.00189,86.50000
0.18843,0.20530,0.45898,0.99974,0.00956,0.02072,0.00189,86.70000
0.18843,0.20530,0.45918,0.99974,0.00956,0.02072,0.00189,86.90000
0.18843,0.20530,0.45938,0.99974,0.00956,0.02072,0.00189,87.10000
0.18843,0.20530,0.45958,0.99974,0.00956,0.02072,0.00189,87.30000
0.18843,0.20530,0.45978,0.99974,0.00956,0.02072,0.00189,87.50000
0.18843,0.20530,0.45998,0.99974,0.00956,0.02072,0.00189,87.70000
0.18843,0.20530,0.46018,0.99974,0.00956,0.02072,0.00189,87.90000
0.18843,0.20530,0.46038,0.99974,0.00956,0.02072,0.00189,88.10000
0.18843,0.20530,0.46058,0.99974,0.00956,0.02072,0.00189,88.30000
0.18843,0.20530,0.46078,0.99974,0.00956,0.02072,0.00189,88.50000
0.18843,0.20530,0.46098,0.99974,0.00956,0.02072,0.00189,88.70000
0.18843,0.20530,0.46118,0.99974,0.00956,0.02072,0.00189,88.90000
0.18843,0.20530,0.46138,0.99974,0.00956,0.02072,0.00189,89.10000
0.18843,0.20530,0.46158,0.99974,0.00956,0.02072,0.00189,89.30000
0.18843,0.20530,0.46178,0.99974,0.00956,0.02072,0.00189,89.50000
0.18843,0.20530,0.46198,0.99974,0.00956,0.02072,0.00189,89.70000
0.18843,0.20530,0.46218,0.99974,0.00956,0.02072,0.00189,89.90000
0.18843,0.20530,0.46238,0.99974,0.00956,0.02072,0.00189,90.10000
0.18843,0.20530,0.46258,0.99974,0.00956,0.02072,0.00189,90.30000
0.18843,0.20530,0.46278,0.99974,0.00956,0.02072,0.00189,90.50000
0.18843,0.20530,0.46298,0.99974,0.00956,0.02072,0.00189,90.70000
0.18843,0.20530,0.46318,0.99974,0.00956,0.02072,0.00189,90.90000
0.18843,0.20530,0.46338,0.99974,0.00956,0.02072,0.00189,91.10000
0.18843,0.20530,0.46358,0.99974,0.00956,0.02072,0.00189,91.30000
0.18843,0.20530,0.46378,0.99974,0.00956,0.02072,0.00189,91.50000
0.18843,0.20530,0.46398,0.99974,0.00956,0.02072,0.00189,91.70000
0.18843,0.20530,0.46418,0.99974,0.00956,0.02072,0.00189,91.90000
0.18843,0.20530,0.46438,0.99974,0.00956,0.02072,0.00189,92.10000
0.18843,0.20530,0.46458,0.99974,0.00956,0.02072,0.00189,92.30000
0.18843,0.20530,0.46478,0.99974,0.00956,0.02072,0.00189,92.50000
0.18843,0.20530,0.46498,0.99974,0.00956,0.02072,0.00189,92.70000
0.18843,0.20530,0.46518,0.99974,0.00956,0.02072,0.00189,92.90000
0.18843,0.20530,0.46538,0.99974,0.00956,0.02072,0.00189,93.10000
0.18843,0.20530,0.46558,0.99974,0.00956,0.02072,0.00189,93.30000
0.18843,0.20530,0.46578,0.99974,0.00956,0.02072,0.00189,93.50000
0.18843,0.20530,0.46598,0.99974,0.00956,0.02072,0.00189,93.70000
0.18843,0.20530,0.46618,0.99974,0.00956,0.02072,0.00189,93.90000
0.18843,0.20530,0.46638,0.99974,0.00956,0.02072,0.00189,94.10000
0.18843,0.20530,0.46658,0.99974,0.00956,0.02072,0.00189,94.30000
0.18843,0.20530,0.46678,0.99974,0.00956,0.02072,0.00189,94.50000
0.18843,0.20530,0.46698,0.99974,0.00956,0.02072,0.00189,94.70000
0.18843,0.20530,0.46718,0.99974,0.00956,0.02072,0.00189,94.90000
0.18843,0.20530,0.46738,0.99974,0.00956,0.02072,0.00189,95.10000
0.18843,0.20530,0.46758,0.99974,0.00956,0.02072,0.00189,95.30000
0.18843,0.20530,0.46778,0.99974,0.00956,0.02072,0.00189,95.50000
0.18843,0.20530,0.46798,0.99974,0.00956,0.02072,0.00189,95.70000
0.18843,0.20530,0.46818,0.99974,0.00956,0.02072,0.00189,95.90000
0.18843,0.20530,0.46838,0.99974,0.00956,0.02072,0.00189,96.10000
0.18843,0.20530,0.46858,0.99974,0.00956,0.02072,0.00189,96.30000
0.18843,0.20530,0.46878,0.99974,0.00956,0.02072,0.00189,96.50000
0.18843,0.20530,0.46898,0.99974,0.00956,0.02072,0.00189,96.70000
0.18843,0.20530,0.46918,0.99974,0.00956,0.02072,0.00189,96.90000
0.18843,0.20530,0.46938,0.99974,0.00956,0.02072,0.00189,97.10000
0.18843,0.20530,0.46958,0.99974,0.00956,0.02072,0.00189,97.30000
0.18843,0.20530,0.46978,0.99974,0.00956,0.02072,0.00189,97.50000
0.18843,0.20530,0.46998,0.99974,0.00956,0.02072,0.00189,97.70000
0.18843,0.20530,0.47018,0.99974,0.00956,0.02072,0.00189,97.90000
0.18843,0.20530,0.47038,0.99974,0.00956,0.02072,0.00189,98.10000
0.18843,0.20530,0.47058,0.99974,0.00956,0.02072,0.00189,98.30000
0.18843,0.20530,0.47078,0.99974,0.00956,0.02072,0.00189,98.50000
0.18843,0.20530,0.47098,0.99974,0.00956,0.02072,0.00189,98.70000
0.18843,0.20530,0.47118,0.99974,0.00956,0.02072,0.00189,98.90000
0.18843,0.20530,0.47138,0.99974,0.00956,0.02072,0.00189,99.10000
0.18843,0.20530,0.47158,0.99974,0.00956,0.02072,0.00189,99.30000
0.18843,0.20530,0.47178,0.99974,0.00956,0.02072,0.00189,99.50000
0.18843,0.20530,0.47198,0.99974,0.00956,0.02072,0.00189,99.70000
0.18843,0.20530,0.47218,0.99974,0.00956,0.02072,0.00189,99.90000
0.18843,0.20530,0.47238,0.99974,0.00956,0.02072,0.00189,100.10000
0.18843,0.20530,0.47258,0.99974,0.00956,0.02072,0.00189,100.30000
0.18843,0.20530,0.47278,0.99974,0.00956,0.02072,0.00189,100.50000
0.18843,0.20530,0.47298,0.99974,0.00956,0.02072,0.00189,100.70000
0.18843,0.20530,0.47318,0.99974,0.00956,0.02072,0.00189,100.90000
0.18843,0.20530,0.47338,0.99974,0.00956,0.02072,0.00189,101.10000
0.18843,0.20530,0.47358,0.99974,0.00956,0.02072,0.00189,101.30000
0.18843,0.20530,0.47378,0.99974,0.00956,0.02072,0.00189,101.50000
0.18843,0.20530,0.47398,0.99974,0.00956,0.02072,0.00189,101.70000
0.18843,0.20530,0.47418,0.99974,0.00956,0.02072,0.00189,101.90000
0.18843,0.20530,0.47438,0.99974,0.00956,0.02072,0.00189,102.10000
0.18843,0.20530,0.47458,0.99974,0.00956,0.02072,0.00189,102.30000
0.18843,0.20530,0.47478,0.99974,0.00956,0.02072,0.00189,102.50000
0.18843,0.20530,0.47498,0.99974,0.00956,0.02072,0.00189,102.70000
0.18843,0.20530,0.47518,0.99974,0.00956,0.02072,0.00189,102.90000
0.18843,0.20530,0.47538,0.99974,0.00956,0.02072,0.00189,103.10000
0.18843,0.20530,0.47558,0.99974,0.00956,0.02072,0.00189,103.30000
0.18843,0.20530,0.47578,0.99974,0.00956,0.02072,0.00189,103.50000
0.18843,0.20530,0.47598,0.99974,0.00956,0.02072,0.00189,103.70000
0.18843,0.20530,0.47618,0.99974,0.00956,0.02072,0.00189,103.90000
0.18843,0.20530,0.47638,0.99974,0.00956,0.02072,0.00189,104.10000
0.18843,0.20530,0.47658,0.99974,0.00956,0.02072,0.00189,104.30000
0.18843,0.20530,0.47678,0.99974,0.00956,0.02072,0.00189,104.50000
0.18843,0.20530,0.47698,0.99974,0.00956,0.02072,0.00189,104.70000
0.18843,0.20530,0.47718,0.99974,0.00956,0.02072,0.00189,104.90000
0.18843,0.20530,0.47738,0.99974,0.00956,0.02072,0.00189,105.10000
0.18843,0.20530,0.47758,0.99974,0.00956,0.02072,0.00189,105.30000
0.18843,0.20530,0.47778,0.99974,0.00956,0.02072,0.00189,105.50000
0.18843,0.20530,0.47798,0.99974,0.00956,0.02072,0.00189,105.70000
0.18843,0.20530,0.47818,0.99974,0.00956,0.02072,0.00189,105.90000
0.18843,0.20530,0.47838,0.99974,0.00956,0.02072,0.00189,106.10000
0.18843,0.20530,0.47858,0.99974,0.00956,0.02072,0.00189,106.30000
0.18843,0.20530,0.47878,0.99974,0.00956,0.02072,0.00189,106.50000
0.18843,0.20530,0.47898,0.99974,0.00956,0.02072,0.00189,106.70000
0.18843,0.20530,0.47918,0.99974,0.00956,0.02072,0.00189,106.90000
0.18843,0.20530,0.47938,0.99974,0.00956,0.02072,0.00189,107.10000
0.18843,0.20530,0.47958,0.99974,0.00956,0.02072,0.00189,107.30000
0.18843,0.20530,0.47978,0.99974,0.00956,0.02072,0.00189,107.50000
0.18843,0.20530,0.47998,0.99974,0.00956,0.02072,0.00189,107.70000
0.18843,0.20530,0.48018,0.99974,0.00956,0.02072,0.00189,107.90000
0.18843,0.20530,0.48038,0.99974,0.00956,0.02072,0.00189,108.10000
0.18843,0.20530,0.48058,0.99974,0.00956,0.02072,0.00189,108.30000
0.18843,0.20530,0.48078,0.99974,0.00956,0.02072,0.00189,108.50000
0.18843,0.20530,0.48098,0.99974,0.00956,0.02072,0.00189,108.70000
0.18843,0.20530,0.48118,0.99974,0.00956,0.02072,0.00189,108.90000
0.18843,0.20530,0.48138,0.99974,0.00956,0.02072,0.00189,109.10000
0.18843,0.20530,0.48158,0.99974,0.00956,0.02072,0.00189,109.30000
0.18843,0.20530,0.48178,0.99974,0.00956,0.02072,0.00189,109.50000
0.18843,0.20530,0.48198,0.99974,0.00956,0.02072,0.00189,109.70000
0.18843,0.20530,0.48218,0.99974,0.00956,0.02072,0.00189,109.90000
0.18843,0.20530,0.48238,0.99974,0.00956,0.02072,0.00189,110.10000
0.18843,0.20530,0.48258,0.99974,0.00956,0.02072,0.00189,110.30000
0.18843,0.20530,0.48278,0.99974,0.00956,0.02072,0.00189,110.50000
0.18843,0.20530,0.48298,0.99974,0.00956,0.02072,0.00189,110.70000
0.18843,0.20530,0.48318,0.99974,0.00956,0.02072,0.00189,110.90000
0.18843,0.20530,0.48338,0.99974,0.00956,0.02072,0.00189,111.10000
0.18843,0.20530,0.48358,0.99974,0.00956,0.02072,0.00189,111.30000
0.18843,0.20530,0.48378,0.99974,0.00956,0.02072,0.00189,111.50000
0.18843,0.20530,0.48398,0.99974,0.00956,0.02072,0.00189,111.70000
0.18843,0.20530,0.48418,0.99974,0.00956,0.02072,0.00189,111.90000
0.18843,0.20530,0.48438,0.99974,0.00956,0.02072,0.00189,112.10000
0.18843,0.20530,0.48458,0.99974,0.00956,0.02072,0.00189,112.30000
0.18843,0.20530,0.48478,0.99974,0.00956,0.02072,0.00189,112.50000
0.18843,0.20530,0.48498,0.99974,0.00956,0.02072,0.00189,112.70000
0.18843,0.20530,0.48518,0.99974,0.00956,0.02072,0.00189,112.90000
0.18843,0.20530,0.48538,0.99974,0.00956,0.02072,0.00189,113.10000
0.18843,0.20530,0.48558,0.99974,0.00956,0.02072,0.00189,113.30000
0.18843,0.20530,0.48578,0.99974,0.00956,0.02072,0.00189,113.50000
0.18843,0.20530,0.48598,0.99974,0.00956,0.02072,0.00189,113.70000
0.18843,0.20530,0.48618,0.99974,0.00956,0.02072,0.00189,113.90000
0.18843,0.20530,0.48638,0.99974,0.00956,0.02072,0.00189,114.10000
0.18843,0.20530,0.48658,0.99974,0.00956,0.02072,0.00189,114.30000
0.18843,0.20530,0.48678,0.99974,0.00956,0.02072,0.00189,114.50000
0.18843,0.20530,0.48698,0.99974,0.00956,0.02072,0.00189,114.70000
0.18843,0.20530,0.48718,0.99974,0.00956,0.02072,0.00189,114.90000
0.18843,0.20530,0.48738,0.99974,0.00956,0.02072,0.00189,115.10000
0.18843,0.20530,0.48758,0.99974,0.00956,0.02072,0.00189,115.30000
0.18843,0.20530,0.48778,0.99974,0.00956,0.02072,0.00189,115.50000
0.18843,0.20530,0.48798,0.99974,0.00956,0.02072,0.00189,115.70000
0.18843,0.20530,0.48818,0.99974,0.00956,0.02072,0.00189,115.90000
0.18843,0.20530,0.48838,0.99974,0.00956,0.02072,0.00189,116.10000
0.18843,0.20530,0.48858,0.99974,0.00956,0.02072,0.00189,116.30000
0.18843,0.20530,0.48878,0.99974,0.00956,0.02072,0.00189,116.50000
0.18843,0.20530,0.48898,0.99974,0.00956,0.02072,0.00189,116.70000
0.18843,0.20530,0.48918,0.99974,0.00956,0.02072,0.00189,116.90000
0.18843,0.20530,0.48938,0.99974,0.00956,0.02072,0.00189,117.10000
0.18843,0.20530,0.48958,0.99974,0.00956,0.02072,0.00189,117.30000
0.18843,0.20530,0.48978,0.99974,0.00956,0.02072,0.00189,117.50000
0.18843,0.20530,0.48998,0.99974,0.00956,0.02072,0.00189,117.70000
0.18843,0.20530,0.49018,0.99974,0.00956,0.02072,0.00189,117.90000
0.18843,0.20530,0.49038,0.99974,0.00956,0.02072,0.00189,118.10000
0.18843,0.20530,0.49058,0.99974,0.00956,0.02072,0.00189,118.30000
0.18843,0.20530,0.49078,0.99974,0.00956,0.02072,0.00189,118.50000
0.18843,0.20530,0.49098,0.99974,0.00956,0.02072,0.00189,118.70000
0.18843,0.20530,0.49118,0.99974,0.00956,0.02072,0.00189,118.90000
0.18843,0.20530,0.49138,0.99974,0.00956,0.02072,0.00189,119.10000
0.18843,0.20530,0.49158,0.99974,0.00956,0.02072,0.00189,119.30000
0.18843,0.20530,0.49178,0.99974,0.00956,0.02072,0.00189,119.50000
0.18843,0.20530,0.49198,0.99974,0.00956,0.02072,0.00189,119.70000
0.18843,0.20530,0.49218,0.99974,0.00956,0.02072,0.00189,119.90000
0.18843,0.20530,0.49238,0.99974,0.00956,0.02072,0.00189,120.10000
0.18843,0.20530,0.49258,0.99974,0.00956,0.02072,0.00189,120.30000
0.18843,0.20530,0.49278,0.99974,0.00956,0.02072,0.00189,120.50000
0.18843,0.20530,0.49298,0.99974,0.00956,0.02072,0.00189,120.70000
0.18843,0.20530,0.49318,0.99974,0.00956,0.02072,0.00189,120.90000
0.18843,0.20530,0.49338,0.99974,0.00956,0.02072,0.00189,121.10000
0.18843,0.20530,0.49358,0.99974,0.00956,0.02072,0.00189,121.30000
0.18843,0.20530,0.49378,0.99974,0.00956,0.02072,0.00189,121.50000
0.18843,0.20530,0.49398,0.99974,0.00956,0.02072,0.00189,121.70000
0.18843,0.20530,0.49418,0.99974,0.00956,0.02072,0.00189,121.90000
0.18843,0.20530,0.49438,0.99974,0.00956,0.02072,0.00189,122.10000
0.18843,0.20530,0.49458,0.99974,0.00956,0.02072,0.00189,122.30000
0.18843,0.20530,0.49478,0.99974,0.00956,0.02072,0.00189,122.50000
0.18843,0.20530,0.49498,0.99974,0.00956,0.02072,0.00189,122.70000
0.18843,0.20530,0.49518,0.99974,0.00956,0.02072,0.00189,122.90000
0.18843,0.20530,0.49538,0.99974,0.00956,0.02072,0.00189,123.10000
0.18843,0.20530,0.49558,0.99974,0.00956,0.02072,0.00189,123.30000
0.18843,0.20530,0.49578,0.99974,0.00956,0.02072,0.00189,123.50000
0.18843,0.20530,0.49598,0.99974,0.00956,0.02072,0.00189,123.70000
0.18843,0.20530,0.49618,0.99974,0.00956,0.02072,0.00189,123.90000
0.18843,0.20530,0.49638,0.99974,0.00956,0.02072,0.00189,124.10000
0.18843,0.20530,0.49658,0.99974,0.00956,0.02072,0.00189,124.30000
0.18843,0.20530,0.49678,0.99974,0.00956,0.02072,0.00189,124.50000
0.18843,0.20530,0.49698,0.99974,0.00956,0.02072,0.00189,124.70000
0.18843,0.20530,0.49718,0.99974,0.00956,0.02072,0.00189,124.90000
0.18843,0.20530,0.49738,0.99974,0.00956,0.02072,0.00189,125.10000
0.18843,0.20530,0.49758,0.99974,0.00956,0.02072,0.00189,125.30000
0.18843,0.20530,0.49778,0.99974,0.00956,0.02072,0.00189,125.50000
0.18843,0.20530,0.49798,0.99974,0.00956,0.02072,0.00189,125.70000
0.18843,0.20530,0.49818,0.99974,0.00956,0.02072,0.00189,125.90000
0.18843,0.20530,0.49838,0.99974,0.00956,0.02072,0.00189,126.10000
0.18843,0.20530,0.49858,0.99974,0.00956,0.02072,0.00189,126.30000
0.18843,0.20530,0.49878,0.99974,0.00956,0.02072,0.00189,126.50000
0.18843,0.20530,0.49898,0.99974,0.00956,0.02072,0.00189,126.70000
0.18843,0.20530,0.49918,0.99974,0.00956,0.02072,0.00189,126.90000
0.18843,0.20530,0.49938,0.99974,0.00956,0.02072,0.00189,127.10000
0.18843,0.20530,0.49958,0.99974,0.00956,0.02072,0.00189,127.30000
0.18843,0.20530,0.49978,0.99974,0.00956,0.02072,0.00189,127.50000
0.18843,0.20530,0.49998,0.99974,0.00956,0.02072,0.00189,127.70000
0.18843,0.20530,0.50018,0.99974,0.00956,0.02072,0.00189,127.90000
0.18843,0.20530,0.50038,0.99974,0.00956,0.02072,0.00189,128.10000
0.18843,0.20530,0.50058,0.99974,0.00956,0.02072,0.00189,128.30000
0.18843,0.20530,0.50078,0.99974,0.00956,0.02072,0.00189,128.50000
0.18843,0.20530,0.50098,0.99974,0.00956,0.02072,0.00189,128.70000
0.18843,0.20530,0.50118,0.99974,0.00956,0.02072,0.00189,128.90000
0.18843,0.20530,0.50138,0.99974,0.00956,0.02072,0.00189,129.10000
0.18843,0.20530,0.50158,0.99974,0.00956,0.02072,0.00189,129.30000
0.18843,0.20530,0.50178,0.99974,0.00956,0.02072,0.00189,129.50000
0.18843,0.20530,0.50198,0.99974,0.00956,0.02072,0.00189,129.70000
0.18843,0.20530,0.50218,0.99974,0.00956,0.02072,0.00189,129.90000
0.18843,0.20530,0.50238,0.99974,0.00956,0.02072,0.00189,130.10000
0.18843,0.20530,0.50258,0.99974,0.00956,0.02072,0.00189,130.30000
0.18843,0.20530,0.50278,0.99974,0.00956,0.02072,0.00189,130.50000
0.18843,0.20530,0.50298,0.99974,0.00956,0.02072,0.00189,130.70000
0.18843,0.20530,0.50318,0.99974,0.00956,0.02072,0.00189,130.90000
0.18843,0.20530,0.50338,0.99974,0.00956,0.02072,0.00189,131.10000
0.18843,0.20530,0.50358,0.99974,0.00956,0.02072,0.00189,131.30000
0.18843,0.20530,0.50378,0.99974,0.00956,0.02072,0.00189,131.50000
0.18843,0.20530,0.50398,0.99974,0.00956,0.02072,0.00189,131.70000
0.18843,0.20530,0.50418,0.99974,0.00956,0.02072,0.00189,131.90000
0.18843,0.20530,0.50438,0.99974,0.00956,0.02072,0.00189,132.10000
0.18843,0.20530,0.50458,0.99974,0.00956,0.02072,0.00189,132.30000
0.18843,0.20530,0.50478,0.99974,0.00956,0.02072,0.00189,132.50000
0.18843,0.20530,0.50498,0.99974,0.00956,0.02072,0.00189,132.70000
0.18843,0.20530,0.50518,0.99974,0.00956,0.02072,0.00189,132.90000
0.18843,0.20530,0.50538,0.99974,0.00956,0.02072,0.00189,133.10000
0.18843,0.20530,0.50558,0.99974,0.00956,0.02072,0.00189,133.30000
0.18843,0.20530,0.50578,0.99974,0.00956,0.02072,0.00189,133.50000
0.18843,0.20530,0.50598,0.99974,0.00956,0.02072,0.00189,133.70000
0.18843,0.20530,0.50618,0.99974,0.00956,0.02072,0.00189,133.90000
0.18843,0.20530,0.50638,0.99974,0.00956,0.02072,0.00189,134.10000
0.18843,0.20530,0.50658,0.99974,0.00956,0.02072,0.00189,134.30000
0.18843,0.20530,0.50678,0.99974,0.00956,0.02072,0.00189,134.50000
0.18843,0.20530,0.50698,0.99974,0.00956,0.02072,0.00189,134.70000
0.18843,0.20530,0.50718,0.99974,0.00956,0.02072,0.00189,134.90000
0.18843,0.20530,0.50738,0.99974,0.00956,0.02072,0.00189,135.10000
0.18843,0.20530,0.50758,0.99974,0.00956,0.02072,0.00189,135.30000
0.18843,0.20530,0.50778,0.99974,0.00956,0.02072,0.00189,135.50000
0.18843,0.20530,0.50798,0.99974,0.00956,0.02072,0.00189,135.70000
0.18843,0.20530,0.50818,0.99974,0.00956,0.02072,0.00189,135.90000
0.18843,0.20530,0.50838,0.99974,0.00956,0.02072,0.00189,136.10000
0.18843,0.20530,0.50858,0.99974,0.00956,0.02072,0.00189,136.30000
0.18843,0.20530,0.50878,0.99974,0.00956,0.02072,0.00189,136.50000
0.18843,0.20530,0.50898,0.99974,0.00956,0.02072,0.00189,136.70000
0.18843,0.20530,0.50918,0.99974,0.00956,0.02072,0.00189,136.90000
0.18843,0.20530,0.50938,0.99974,0.00956,0.02072,0.00189,137.10000
0.18843,0.20530,0.50958,0.99974,0.00956,0.02072,0.00189,137.30000
0.18843,0.20530,0.50978,0.99974,0.00956,0.02072,0.00189,137.50000
0.18843,0.20530,0.50998,0.99974,0.00956,0.02072,0.00189,137.70000
0.18843,0.20530,0.51018,0.99974,0.00956,0.02072,0.00189,137.90000
0.18843,0.20530,0.51038,0.99974,0.00956,0.02072,0.00189,138.10000
0.18843,0.20530,0.51058,0.99974,0.00956,0.02072,0.00189,138.30000
0.18843,0.20530,0.51078,0.99974,0.00956,0.02072,0.00189,138.50000
0.18843,0.20530,0.51098,0.99974,0.00956,0.02072,0.00189,138.70000
0.18843,0.20530,0.51118,0.99974,0.00956,0.02072,0.00189,138.90000
0.18843,0.20530,0.51138,0.99974,0.00956,0.02072,0.00189,139.10000
0.18843,0.20530,0.51158,0.99974,0.00956,0.02072,0.00189,139.30000
0.18843,0.20530,0.51178,0.99974,0.00956,0.02072,0.00189,139.50000
0.18843,0.20530,0.51198,0.99974,0.00956,0.02072,0.00189,139.70000
0.18843,0.20530,0.51218,0.99974,0.00956,0.02072,0.00189,139.90000
0.18843,0.20530,0.51238,0.99974,0.00956,0.02072,0.00189,140.10000
0.18843,0.20530,0.51258,0.99974,0.00956,0.02072,0.00189,140.30000
0.18843,0.20530,0.51278,0.99974,0.00956,0.02072,0.00189,140.50000
0.18843,0.20530,0.51298,0.99974,0.00956,0.02072,0.00189,140.70000
0.18843,0.20530,0.51318,0.99974,0.00956,0.02072,0.00189,140.90000
0.18843,0.20530,0.51338,0.99974,0.00956,0.02072,0.00189,141.10000
0.18843,0.20530,0.51358,0.99974,0.00956,0.02072,0.00189,141.30000
0.18843,0.20530,0.51378,0.99974,0.00956,0.02072,0.00189,141.50000
0.18843,0.20530,0.51398,0.99974,0.00956,0.02072,0.00189,141.70000
0.18843,0.20530,0.51418,0.99974,0.00956,0.02072,0.00189,141.90000
0.18843,0.20530,0.51438,0.99974,0.00956,0.02072,0.00189,142.10000
0.18843,0.20530,0.51458,0.99974,0.00956,0.02072,0.00189,142.30000
0.18843,0.20530,0.51478,0.99974,0.00956,0.02072,0.00189,142.50000
0.18843,0.20530,0.51498,0.99974,0.00956,0.02072,0.00189,142.70000
0.18843,0.20530,0.51518,0.99974,0.00956,0.02072,0.00189,142.90000
0.18843,0.20530,0.51538,0.99974,0.00956,0.02072,0.00189,143.10000
0.18843,0.20530,0.51558,0.99974,0.00956,0.02072,0.00189,143.30000
0.18843,0.20530,0.51578,0.99974,0.00956,0.02072,0.00189,143.50000
0.18843,0.20530,0.51598,0.99974,0.00956,0.02072,0.00189,143.70000
0.18843,0.20530,0.51618,0.99974,0.00956,0.02072,0.00189,143.90000
0.18843,0.20530,0.51638,0.99974,0.00956,0.02072,0.00189,144.10000
0.18843,0.20530,0.51658,0.99974,0.00956,0.02072,0.00189,144.30000
0.18843,0.20530,0.51678,0.99974,0.00956,0.02072,0.00189,144.50000
0.18843,0.20530,0.51698,0.99974,0.00956,0.02072,0.00189,144.70000
0.18843,0.20530,0.51718,0.99974,0.00956,0.02072,0.00189,144.90000
0.18843,0.20530,0.51738,0.99974,0.00956,0.02072,0.00189,145.10000
0.18843,0.20530,0.51758,0.99974,0.00956,0.02072,0.00189,145.30000
0.18843,0.20530,0.51778,0.99974,0.00956,0.02072,0.00189,145.50000
0.18843,0.20530,0.51798,0.99974,0.00956,0.02072,0.00189,145.70000
0.18843,0.20530,0.51818,0.99974,0.00956,0.02072,0.00189,145.90000
0.18843,0.20530,0.51838,0.99974,0.00956,0.02072,0.00189,146.10000
0.18843,0.20530,0.51858,0.99974,0.00956,0.02072,0.00189,146.30000
0.18843,0.20530,0.51878,0.99974,0.00956,0.02072,0.00189,146.50000
0.18843,0.20530,0.51898,0.99974,0.00956,0.02072,0.00189,146.70000
0.18843,0.20530,0.51918,0.99974,0.00956,0.02072,0.00189,146.90000
0.18843,0.20530,0.51938,0.99974,0.00956,0.02072,0.00189,147.10000
0.18843,0.20530,0.51958,0.99974,0.00956,0.02072,0.00189,147.30000
0.18843,0.20530,0.51978,0.99974,0.00956,0.02072,0.00189,147.50000
0.18843,0.20530,0.51998,0.99974,0.00956,0.02072,0.00189,147.70000
0.18843,0.20530,0.52018,0.99974,0.00956,0.02072,0.00189,147.90000
0.18843,0.20530,0.52038,0.99974,0.00956,0.02072,0.00189,148.10000
0.18843,0.20530,0.52058,0.99974,0.00956,0.02072,0.00189,148.30000
0.18843,0.20530,0.52078,0.99974,0.00956,0.02072,0.00189,148.50000
0.18843,0.20530,0.52098,0.99974,0.00956,0.02072,0.00189,148.70000
0.18843,0.20530,0.52118,0.99974,0.00956,0.02072,0.00189,148.90000
0.18843,0.20530,0.52138,0.99974,0.00956,0.02072,0.00189,149.10000
0.18843,0.20530,0.52158,0.99974,0.00956,0.02072,0.00189,149.30000
0.18843,0.20530,0.52178,0.99974,0.00956,0.02072,0.00189,149.50000
0.18843,0.20530,0.52198,0.99974,0.00956,0.02072,0.00189,149.70000
0.18843,0.20530,0.52218,0.99974,0.00956,0.02072,0.00189,149.90000
0.18843,0.20530,0.52238,0.99974,0.00956,0.02072,0.00189,150.10000
0.18843,0.20530,0.52258,0.99974,0.00956,0.02072,0.00189,150.30000
0.18843,0.20530,0.52278,0.99974,0.00956,0.02072,0.00189,150.50000
0.18843,0.20530,0.52298,0.99974,0.00956,0.02072,0.00189,150.70000
0.18843,0.20530,0.52318,0.99974,0.00956,0.02072,0.00189,150.90000
0.18843,0.20530,0.52338,0.99974,0.00956,0.02072,0.00189,151.10000
0.18843,0.20530,0.52358,0.99974,0.00956,0.02072,0.00189,151.30000
0.18843,0.20530,0.52378,0.99974,0.00956,0.02072,0.00189,151.50000
0.18843,0.20530,0.52398,0.99974,0.00956,0.02072,0.00189,151.70000
0.18843,0.20530,0.52418,0.99974,0.00956,0.02072,0.00189,151.90000
0.18843,0.20530,0.52438,0.99974,0.00956,0.02072,0.00189,152.10000
0.18843,0.20530,0.52458,0.99974,0.00956,0.02072,0.00189,152.30000
0.18843,0.20530,0.52478,0.99974,0.00956,0.02072,0.00189,152.50000
0.18843,0.20530,0.52498,0.99974,0.00956,0.02072,0.00189,152.70000
0.18843,0.20530,0.52518,0.99974,0.00956,0.02072,0.00189,152.90000
0.18843,0.20530,0.52538,0.99974,0.00956,0.02072,0.00189,153.10000
0.18843,0.20530,0.52558,0.99974,0.00956,0.02072,0.00189,153.30000
0.18843,0.20530,0.52578,0.99974,0.00956,0.02072,0.00189,153.50000
0.18843,0.20530,0.52598,0.99974,0.00956,0.02072,0.00189,153.70000
0.18843,0.20530,0.52618,0.99974,0.00956,0.02072,0.00189,153.90000
0.18843,0.20530,0.52638,0.99974,0.00956,0.02072,0.00189,154.10000
0.18843,0.20530,0.52658,0.99974,0.00956,0.02072,0.00189,154.30000
0.18843,0.20530,0.52678,0.99974,0.00956,0.02072,0.00189,154.50000
0.18843,0.20530,0.52698,0.99974,0.00956,0.02072,0.00189,154.70000
0.18843,0.20530,0.52718,0.99974,0.00956,0.02072,0.00189,154.90000
0.18843,0.20530,0.52738,0.99974,0.00956,0.02072,0.00189,155.10000
0.18843,0.20530,0.52758,0.99974,0.00956,0.02072,0.00189,155.30000
0.18843,0.20530,0.52778,0.99974,0.00956,0.02072,0.00189,155.50000
0.18843,0.20530,0.52798,0.99974,0.00956,0.02072,0.00189,155.70000
0.18843,0.20530,0.52818,0.99974,0.00956,0.02072,0.00189,155.90000
0.18843,0.20530,0.52838,0.99974,0.00956,0.02072,0.00189,156.10000
0.18843,0.20530,0.52858,0.99974,0.00956,0.02072,0.00189,156.30000
0.18843,0.20530,0.52878,0.99974,0.00956,0.02072,0.00189,156.50000
0.18843,0.20530,0.52898,0.99974,0.00956,0.02072,0.00189,156.70000
0.18843,0.20530,0.52918,0.99974,0.00956,0.02072,0.00189,156.90000
0.18843,0.20530,0.52938,0.99974,0.00956,0.02072,0.00189,157.10000
0.18843,0.20530,0.52958,0.99974,0.00956,0.02072,0.00189,157.30000
0.18843,0.20530,0.52978,0.99974,0.00956,0.02072,0.00189,157.50000
0.18843,0.20530,0.52998,0.99974,0.00956,0.02072,0.00189,157.70000
0.18843,0.20530,0.53018,0.99974,0.00956,0.02072,0.00189,157.90000
0.18843,0.20530,0.53038,0.99974,0.00956,0.02072,0.00189,158.10000
0.18843,0.20530,0.53058,0.99974,0.00956,0.02072,0.00189,158.30000
0.18843,0.20530,0.53078,0.99974,0.00956,0.02072,0.00189,158.50000
0.18843,0.20530,0.53098,0.99974,0.00956,0.02072,0.00189,158.70000
0.18843,0.20530,0.53118,0.99974,0.00956,0.02072,0.00189,158.90000
0.18843,0.20530,0.53138,0.99974,0.00956,0.02072,0.00189,159.10000
0.18843,0.20530,0.53158,0.99974,0.00956,0.02072,0.00189,159.30000
0.18843,0.20530,0.53178,0.99974,0.00956,0.02072,0.00189,159.50000
0.18843,0.20530,0.53198,0.99974,0.00956,0.02072,0.00189,159.70000
0.18843,0.20530,0.53218,0.99974,0.00956,0.02072,0.00189,159.90000
0.18843,0.20530,0.53238,0.99974,0.00956,0.02072,0.00189,160.10000
0.18843,0.20530,0.53258,0.99974,0.00956,0.02072,0.00189,160.30000
0.18843,0.20530,0.53278,0.99974,0.00956,0.02072,0.00189,160.50000
0.18843,0.20530,0.53298,0.99974,0.00956,0.02072,0.00189,160.70000
0.18843,0.20530,0.53318,0.99974,0.00956,0.02072,0.00189,160.90000
0.18843,0.20530,0.53338,0.99974,0.00956,0.02072,0.00189,161.10000
0.18843,0.20530,0.53358,0.99974,0.00956,0.02072,0.00189,161.30000
0.18843,0.20530,0.53378,0.99974,0.00956,0.02072,0.00189,161.50000
0.18843,0.20530,0.53398,0.99974,0.00956,0.02072,0.00189,161.70000
0.18843,0.20530,0.53418,0.99974,0.00956,0.02072,0.00189,161.90000
0.18843,0.20530,0.53438,0.99974,0.00956,0.02072,0.00189,162.10000
0.18843,0.20530,0.53458,0.99974,0.00956,0.02072,0.00189,162.30000
0.18843,0.20530,0.53478,0.99974,0.00956,0.02072,0.00189,162.50000
0.18843,0.20530,0.53498,0.99974,0.00956,0.02072,0.00189,162.70000
0.18843,0.20530,0.53518,0.99974,0.00956,0.02072,0.00189,162.90000
0.18843,0.20530,0.53538,0.99974,0.00956,0.02072,0.00189,163.10000
0.18843,0.20530,0.53558,0.99974,0.00956,0.02072,0.00189,163.30000
0.18843,0.20530,0.53578,0.99974,0.00956,0.02072,0.00189,163.50000
0.18843,0.20530,0.53598,0.99974,0.00956,0.02072,0.00189,163.70000
0.18843,0.20530,0.53618,0.99974,0.00956,0.02072,0.00189,163.90000
0.18843,0.20530,0.53638,0.99974,0.00956,0.02072,0.00189,164.10000
0.18843,0.20530,0.53658,0.99974,0.00956,0.02072,0.00189,164.30000
0.18843,0.20530,0.53678,0.99974,0.00956,0.02072,0.00189,164.50000
0.18843,0.20530,0.53698,0.99974,0.00956,0.02072,0.00189,164.70000
0.18843,0.20530,0.53718,0.99974,0.00956,0.02072,0.00189,164.90000
0.18843,0.20530,0.53738,0.99974,0.00956,0.02072,0.00189,165.10000
0.18843,0.20530,0.53758,0.99974,0.00956,0.02072,0.00189,165.30000
0.18843,0.20530,0.53778,0.99974,0.00956,0.02072,0.00189,165.50000
0.18843,0.20530,0.53798,0.99974,0.00956,0.02072,0.00189,165.70000
0.18843,0.20530,0.53818,0.99974,0.00956,0.02072,0.00189,165.90000
0.18843,0.20530,0.53838,0.99974,0.00956,0.02072,0.00189,166.10000
0.18843,0.20530,0.53858,0.99974,0.00956,0.02072,0.00189,166.30000
0.18843,0.20530,0.53878,0.99974,0.00956,0.02072,0.00189,166.50000
0.18843,0.20530,0.53898,0.99974,0.00956,0.02072,0.00189,166.70000
0.18843,0.20530,0.53918,0.99974,0.00956,0.02072,0.00189,166.90000
0.18843,0.20530,0.53938,0.99974,0.00956,0.02072,0.00189,167.10000
0.18843,0.20530,0.53958,0.99974,0.00956,0.02072,0.00189,167.30000
0.18843,0.20530,0.53978,0.99974,0.00956,0.02072,0.00189,167.50000
0.18843,0.20530,0.53998,0.99974,0.00956,0.02072,0.00189,167.70000
0.18843,0.20530,0.54018,0.99974,0.00956,0.02072,0.00189,167.90000
0.18843,0.20530,0.54038,0.99974,0.00956,0.02072,0.00189,168.10000
0.18843,0.20530,0.54058,0.99974,0.00956,0.02072,0.00189,168.30000
0.18843,0.20530,0.54078,0.99974,0.00956,0.02072,0.00189,168.50000
0.18843,0.20530,0.54098,0.99974,0.00956,0.02072,0.00189,168.70000
0.18843,0.20530,0.54118,0.99974,0.00956,0.02072,0.00189,168.90000
0.18843,0.20530,0.54138,0.99974,0.00956,0.02072,0.00189,169.10000
0.18843,0.20530,0.54158,0.99974,0.00956,0.02072,0.00189,169.30000
0.18843,0.20530,0.54178,0.99974,0.00956,0.02072,0.00189,169.50000
0.18843,0.20530,0.54198,0.99974,0.00956,0.02072,0.00189,169.70000
0.18843,0.20530,0.54218,0.99974,0.00956,0.02072,0.00189,169.90000
0.18843,0.20530,0.54238,0.99974,0.00956,0.02072,0.00189,170.10000
0.18843,0.20530,0.54258,0.99974,0.00956,0.02072,0.00189,170.30000
0.18843,0.20530,0.54278,0.99974,0.00956,0.02072,0.00189,170.50000
0.18843,0.20530,0.54298,0.99974,0.00956,0.02072,0.00189,170.70000
0.18843,0.20530,0.54318,0.99974,0.00956,0.02072,0.00189,170.90000
0.18843,0.20530,0.54338,0.99974,0.00956,0.02072,0.00189,171.10000
0.18843,0.20530,0.54358,0.99974,0.00956,0.02072,0.00189,171.30000
0.18843,0.20530,0.54378,0.99974,0.00956,0.02072,0.00189,171.50000
0.18843,0.20530,0.54398,0.99974,0.00956,0.02072,0.00189,171.70000
0.18843,0.20530,0.54418,0.99974,0.00956,0.02072,0.00189,171.90000
0.18843,0.20530,0.54438,0.99974,0.00956,0.02072,0.00189,172.10000
0.18843,0.20530,0.54458,0.99974,0.00956,0.02072,0.00189,172.30000
0.18843,0.20529,0.54478,0.99974,0.00956,0.02072,0.00189,172.50000
0.18843,0.20529,0.54498,0.99974,0.00956,0.02072,0.00189,172.70000
0.18843,0.20529,0.54518,0.99974,0.00956,0.02072,0.00189,172.90000
0.18843,0.20529,0.54538,0.99974,0.00956,0.02072,0.00189,173.10000
0.18843,0.20529,0.54558,0.99974,0.00956,0.02072,0.00189,173.30000
0.18843,0.20529,0.54578,0.99974,0.00956,0.02072,0.00189,173.50000
0.18843,0.20529,0.54598,0.99974,0.00956,0.02072,0.00189,173.70000
0.18843,0.20529,0.54618,0.99974,0.00956,0.02072,0.00189,173.90000
0.18843,0.20529,0.54638,0.99974,0.00956,0.02072,0.00189,174.10000
0.18843,0.20529,0.54658,0.99974,0.00956,0.02072,0.00189,174.30000
0.18843,0.20529,0.54678,0.99974,0.00956,0.02072,0.00189,174.50000
0.18843,0.20529,0.54698,0.99974,0.00956,0.02072,0.00189,174.70000
0.18843,0.20529,0.54718,0.99974,0.00956,0.02072,0.00189,174.90000
0.18843,0.20529,0.54738,0.99974,0.00956,0.02072,0.00189,175.10000
0.18843,0.20529,0.54758,0.99974,0.00956,0.02072,0.00189,175.30000
0.18843,0.20529,0.54778,0.99974,0.00956,0.02072,0.00189,175.50000
0.18843,0.20529,0.54798,0.99974,0.00956,0.02072,0.00189,175.70000
0.18843,0.20529,0.54818,0.99974,0.00956,0.02072,0.00189,175.90000
0.18843,0.20529,0.54838,0.99974,0.00956,0.02072,0.00189,176.10000
0.18843,0.20529,0.54858,0.99974,0.00956,0.02072,0.00189,176.30000
0.18843,0.20529,0.54878,0.99974,0.00956,0.02072,0.00189,176.50000
0.18843,0.20529,0.54898,0.99974,0.00956,0.02072,0.00189,176.70000
0.18843,0.20529,0.54918,0.99974,0.00956,0.02072,0.00189,176.90000
0.18843,0.20529,0.54938,0.99974,0.00956,0.02072,0.00189,177.10000
0.18843,0.20529,0.54958,0.99974,0.00956,0.02072,0.00189,177.30000
0.18843,0.20529,0.54978,0.99974,0.00956,0.02072,0.00189,177.50000
0.18843,0.20529,0.54998,0.99974,0.00956,0.02072,0.00189,177.70000
0.18843,0.20529,0.55018,0.99974,0.00956,0.02072,0.00189,177.90000
0.18843,0.20529,0.55038,0.99974,0.00956,0.02072,0.00189,178.10000
0.18843,0.20529,0.55058,0.99974,0.00956,0.02072,0.00189,178.30000
0.18843,0.20529,0.55078,0.99974,0.00956,0.02072,0.00189,178.50000
0.18843,0.20529,0.55098,0.99974,0.00956,0.02072,0.00189,178.70000
0.18843,0.20529,0.55118,0.99974,0.00956,0.02072,0.00189,178.90000
0.18843,0.20529,0.55138,0.99974,0.00956,0.02072,0.00189,179.10000
0.18843,0.20529,0.55158,0.99974,0.00956,0.02072,0.00189,179.30000
0.18843,0.20529,0.55178,0.99974,0.00956,0.02072,0.00189,179.50000
0.18843,0.20529,0.55198,0.99974,0.00956,0.02072,0.00189,179.70000
0.18843,0.20529,0.55218,0.99974,0.00956,0.02072,0.00189,179.90000
0.18843,0.20529,0.55238,0.99974,0.00956,0.02072,0.00189,180.10000
0.18843,0.20529,0.55258,0.99974,0.00956,0.02072,0.00189,180.30000
0.18843,0.20529,0.55278,0.99974,0.00956,0.02072,0.00189,180.50000
0.18843,0.20529,0.55298,0.99974,0.00956,0.02072,0.00189,180.70000
0.18843,0.20529,0.55318,0.99974,0.00956,0.02072,0.00189,180.90000
0.18843,0.20529,0.55338,0.99974,0.00956,0.02072,0.00189,181.10000
0.18843,0.20529,0.55358,0.99974,0.00956,0.02072,0.00189,181.30000
0.18843,0.20529,0.55378,0.99974,0.00956,0.02072,0.00189,181.50000
0.18843,0.20529,0.55398,0.99974,0.00956,0.02072,0.00189,181.70000
0.18843,0.20529,0.55418,0.99974,0.00956,0.02072,0.00189,181.90000
0.18843,0.20529,0.55438,0.99974,0.00956,0.02072,0.00189,182.10000
0.18843,0.20529,0.55458,0.99974,0.00956,0.02072,0.00189,182.30000
0.18843,0.20529,0.55478,0.99974,0.00956,0.02072,0.00189,182.50000
0.18843,0.20529,0.55498,0.99974,0.00956,0.02072,0.00189,182.70000
0.18843,0.20529,0.55518,0.99974,0.00956,0.02072,0.00189,182.90000
0.18843,0.20529,0.55538,0.99974,0.00956,0.02072,0.00189,183.10000
0.18843,0.20529,0.55558,0.99974,0.00956,0.02072,0.00189,183.30000
0.18843,0.20529,0.55578,0.99974,0.00956,0.02072,0.00189,183.50000
0.18843,0.20529,0.55598,0.99974,0.00956,0.02072,0.00189,183.70000
0.18843,0.20529,0.55618,0.99974,0.00956,0.02072,0.00189,183.90000
0.18843,0.20529,0.55638,0.99974,0.00956,0.02072,0.00189,184.10000
0.18843,0.20529,0.55658,0.99974,0.00956,0.02072,0.00189,184.30000
0.18843,0.20529,0.55678,0.99974,0.00956,0.02072,0.00189,184.50000
0.18843,0.20529,0.55698,0.99974,0.00956,0.02072,0.00189,184.70000
0.18843,0.20529,0.55718,0.99974,0.00956,0.02072,0.00189,184.90000
0.18843,0.20529,0.55738,0.99974,0.00956,0.02072,0.00189,185.10000
0.18843,0.20529,0.55758,0.99974,0.00956,0.02072,0.00189,185.30000
0.18843,0.20529,0.55778,0.99974,0.00956,0.02072,0.00189,185.50000
0.18843,0.20529,0.55798,0.99974,0.00956,0.02072,0.00189,185.70000
0.18843,0.20529,0.55818,0.99974,0.00956,0.02072,0.00189,185.90000
0.18843,0.20529,0.55838,0.99974,0.00956,0.02072,0.00189,186.10000
0.18843,0.20529,0.55858,0.99974,0.00956,0.02072,0.00189,186.30000
0.18843,0.20529,0.55878,0.99974,0.00956,0.02072,0.00189,186.50000
0.18843,0.20529,0.55898,0.99974,0.00956,0.02072,0.00189,186.70000
0.18843,0.20529,0.55918,0.99974,0.00956,0.02072,0.00189,186.90000
0.18843,0.20529,0.55938,0.99974,0.00956,0.02072,0.00189,187.10000
0.18843,0.20529,0.55958,0.99974,0.00956,0.02072,0.00189,187.30000
0.18843,0.20529,0.55978,0.99974,0.00956,0.02072,0.00189,187.50000
0.18843,0.20529,0.55998,0.99974,0.00956,0.02072,0.00189,187.70000
0.18843,0.20529,0.56018,0.99974,0.00956,0.02072,0.00189,187.90000
0.18843,0.20529,0.56038,0.99974,0.00956,0.02072,0.00189,188.10000
0.18843,0.20529,0.56058,0.99974,0.00956,0.02072,0.00189,188.30000
0.18843,0.20529,0.56078,0.99974,0.00956,0.02072,0.00189,188.50000
0.18843,0.20529,0.56098,0.99974,0.00956,0.02072,0.00189,188.70000
0.18843,0.20529,0.56118,0.99974,0.00956,0.02072,0.00189,188.90000
0.18843,0.20529,0.56138,0.99974,0.00956,0.02072,0.00189,189.10000
0.18843,0.20529,0.56158,0.99974,0.00956,0.02072,0.00189,189.30000
0.18843,0.20529,0.56178,0.99974,0.00956,0.02072,0.00189,189.50000
0.18843,0.20529,0.56198,0.99974,0.00956,0.02072,0.00189,189.70000
0.18843,0.20529,0.56218,0.99974,0.00956,0.02072,0.00189,189.90000
0.18843,0.20529,0.56238,0.99974,0.00956,0.02072,0.00189,190.10000
0.18843,0.20529,0.56258,0.99974,0.00956,0.02072,0.00189,190.30000
0.18843,0.20529,0.56278,0.99974,0.00956,0.02072,0.00189,190.50000
0.18843,0.20529,0.56298,0.99974,0.00956,0.02072,0.00189,190.70000
0.18843,0.20529,0.56318,0.99974,0.00956,0.02072,0.00189,190.90000
0.18843,0.20529,0.56338,0.99974,0.00956,0.02072,0.00189,191.10000
0.18843,0.20529,0.56358,0.99974,0.00956,0.02072,0.00189,191.30000
0.18843,0.20529,0.56378,0.99974,0.00956,0.02072,0.00189,191.50000
0.18843,0.20529,0.56398,0.99974,0.00956,0.02072,0.00189,191.70000
0.18843,0.20529,0.56418,0.99974,0.00956,0.02072,0.00189,191.90000
0.18843,0.20529,0.56438,0.99974,0.00956,0.02072,0.00189,192.10000
0.18843,0.20529,0.56458,0.99974,0.00956,0.02072,0.00189,192.30000
0.18843,0.20529,0.56478,0.99974,0.00956,0.02072,0.00189,192.50000
0.18843,0.20529,0.56498,0.99974,0.00956,0.02072,0.00189,192.70000
0.18843,0.20529,0.56518,0.99974,0.00956,0.02072,0.00189,192.90000
0.18843,0.20529,0.56538,0.99974,0.00956,0.02072,0.00189,193.10000
0.18843,0.20529,0.56558,0.99974,0.00956,0.02072,0.00189,193.30000
0.18843,0.20529,0.56578,0.99974,0.00956,0.02072,0.00189,193.50000
0.18843,0.20529,0.56598,0.99974,0.00956,0.02072,0.00189,193.70000
0.18843,0.20529,0.56618,0.99974,0.00956,0.02072,0.00189,193.90000
0.18843,0.20529,0.56638,0.99974,0.00956,0.02072,0.00189,194.10000
0.18843,0.20529,0.56658,0.99974,0.00956,0.02072,0.00189,194.30000
0.18843,0.20529,0.56678,0.99974,0.00956,0.02072,0.00189,194.50000
0.18843,0.20529,0.56698,0.99974,0.00956,0.02072,0.00189,194.70000
0.18843,0.20529,0.56718,0.99974,0.00956,0.02072,0.00189,194.90000
0.18843,0.20529,0.56738,0.99974,0.00956,0.02072,0.00189,195.10000
0.18843,0.20529,0.56758,0.99974,0.00956,0.02072,0.00189,195.30000
0.18843,0.20529,0.56778,0.99974,0.00956,0.02072,0.00189,195.50000
0.18843,0.20529,0.56798,0.99974,0.00956,0.02072,0.00189,195.70000
0.18843,0.20529,0.56818,0.99974,0.00956,0.02072,0.00189,195.90000
0.18843,0.20529,0.56838,0.99974,0.00956,0.02072,0.00189,196.10000
0.18843,0.20529,0.56858,0.99974,0.00956,0.02072,0.00189,196.30000
0.18843,0.20529,0.56878,0.99974,0.00956,0.02072,0.00189,196.50000
0.18843,0.20529,0.56898,0.99974,0.00956,0.02072,0.00189,196.70000
0.18843,0.20529,0.56918,0.99974,0.00956,0.02072,0.00189,196.90000
0.18843,0.20529,0.56938,0.99974,0.00956,0.02072,0.00189,197.10000
0.18843,0.20529,0.56958,0.99974,0.00956,0.02072,0.00189,197.30000
0.18843,0.20529,0.56978,0.99974,0.00956,0.02072,0.00189,197.50000
0.18843,0.20529,0.56998,0.99974,0.00956,0.02072,0.00189,197.70000
0.18843,0.20529,0.57018,0.99974,0.00956,0.02072,0.00189,197.90000
0.18843,0.20529,0.57038,0.99974,0.00956,0.02072,0.00189,198.10000
0.18843,0.20529,0.57058,0.99974,0.00956,0.02072,0.00189,198.30000
0.18843,0.20529,0.57078,0.99974,0.00956,0.02072,0.00189,198.50000
0.18843,0.20529,0.57098,0.99974,0.00956,0.02072,0.00189,198.70000
0.18843,0.20529,0.57118,0.99974,0.00956,0.02072,0.00189,198.90000
0.18843,0.20529,0.57138,0.99974,0.00956,0.02072,0.00189,199.10000
0.18843,0.20529,0.57158,0.99974,0.00956,0.02072,0.00189,199.30000
0.18843,0.20529,0.57178,0.99974,0.00956,0.02072,0.00189,199.50000
0.18843,0.20529,0.57198,0.99974,0.00956,0.02072,0.00189,199.70000
0.18843,0.20529,0.57218,0.99974,0.00956,0.02072,0.00189,199.90000
0.18843,0.20529,0.57238,0.99974,0.00956,0.02072,0.00189,200.10000
0.18843,0.20529,0.57258,0.99974,0.00956,0.02072,0.00189,200.30000
0.18843,0.20529,0.57278,0.99974,0.00956,0.02072,0.00189,200.50000
0.18843,0.20529,0.57298,0.99974,0.00956,0.02072,0.00189,200.70000
0.18843,0.20529,0.57318,0.99974,0.00956,0.02072,0.00189,200.90000
0.18843,0.20529,0.57338,0.99974,0.00956,0.02072,0.00189,201.10000
0.18843,0.20529,0.57358,0.99974,0.00956,0.02072,0.00189,201.30000
0.18843,0.20529,0.57378,0.99974,0.00956,0.02072,0.00189,201.50000
0.18843,0.20529,0.57398,0.99974,0.00956,0.02072,0.00189,201.70000
0.18843,0.20529,0.57418,0.99974,0.00956,0.02072,0.00189,201.90000
0.18843,0.20529,0.57438,0.99974,0.00956,0.02072,0.00189,202.10000
0.18843,0.20529,0.57458,0.99974,0.00956,0.02072,0.00189,202.30000
0.18843,0.20529,0.57478,0.99974,0.00956,0.02072,0.00189,202.50000
0.18843,0.20529,0.57498,0.99974,0.00956,0.02072,0.00189,202.70000
0.18843,0.20529,0.57518,0.99974,0.00956,0.02072,0.00189,202.90000
0.18843,0.20529,0.57538,0.99974,0.00956,0.02072,0.00189,203.10000
0.18843,0.20529,0.57558,0.99974,0.00956,0.02072,0.00189,203.30000
0.18843,0.20529,0.57578,0.99974,0.00956,0.02072,0.00189,203.50000
0.18843,0.20529,0.57598,0.99974,0.00956,0.02072,0.00189,203.70000
0.18843,0.20529,0.57618,0.99974,0.00956,0.02072,0.00189,203.90000
0.18843,0.20529,0.57638,0.99974,0.00956,0.02072,0.00189,204.10000
0.18843,0.20529,0.57658,0.99974,0.00956,0.02072,0.00189,204.30000
0.18843,0.20529,0.57678,0.99974,0.00956,0.02072,0.00189,204.50000
0.18843,0.20529,0.57698,0.99974,0.00956,0.02072,0.00189,204.70000
0.18843,0.20529,0.57718,0.99974,0.00956,0.02072,0.00189,204.90000
0.18843,0.20529,0.57738,0.99974,0.00956,0.02072,0.00189,205.10000
0.18843,0.20529,0.57758,0.99974,0.00956,0.02072,0.00189,205.30000
0.18843,0.20529,0.57778,0.99974,0.00956,0.02072,0.00189,205.50000
0.18843,0.20529,0.57798,0.99974,0.00956,0.02072,0.00189,205.70000
0.18843,0.20529,0.57818,0.99974,0.00956,0.02072,0.00189,205.90000
0.18843,0.20529,0.57838,0.99974,0.00956,0.02072,0.00189,206.10000
0.18843,0.20529,0.57858,0.99974,0.00956,0.02072,0.00189,206.30000
0.18843,0.20529,0.57878,0.99974,0.00956,0.02072,0.00189,206.50000
0.18843,0.20529,0.57898,0.99974,0.00956,0.02072,0.00189,206.70000
0.18843,0.20529,0.57918,0.99974,0.00956,0.02072,0.00189,206.90000
0.18843,0.20529,0.57938,0.99974,0.00956,0.02072,0.00189,207.10000
0.18843,0.20529,0.57958,0.99974,0.00956,0.02072,0.00189,207.30000
0.18843,0.20529,0.57978,0.99974,0.00956,0.02072,0.00189,207.50000
0.18843,0.20529,0.57998,0.99974,0.00956,0.02072,0.00189,207.70000
0.18843,0.20529,0.58018,0.99974,0.00956,0.02072,0.00189,207.90000
0.18843,0.20529,0.58038,0.99974,0.00956,0.02072,0.00189,208.10000
0.18843,0.20529,0.58058,0.99974,0.00956,0.02072,0.00189,208.30000
0.18843,0.20529,0.58078,0.99974,0.00956,0.02072,0.00189,208.50000
0.18843,0.20529,0.58098,0.99974,0.00956,0.02072,0.00189,208.70000
0.18843,0.20529,0.58118,0.99974,0.00956,0.02072,0.00189,208.90000
0.18843,0.20529,0.58138,0.99974,0.00956,0.02072,0.00189,209.10000
0.18843,0.20529,0.58158,0.99974,0.00956,0.02072,0.00189,209.30000
0.18843,0.20529,0.58178,0.99974,0.00956,0.02072,0.00189,209.50000
0.18843,0.20529,0.58198,0.99974,0.00956,0.02072,0.00189,209.70000
0.18843,0.20529,0.58218,0.99974,0.00956,0.02072,0.00189,209.90000
0.18843,0.20529,0.58238,0.99974,0.00956,0.02072,0.00189,210.10000
0.18843,0.20529,0.58258,0.99974,0.00956,0.02072,0.00189,210.30000
0.18843,0.20529,0.58278,0.99974,0.00956,0.02072,0.00189,210.50000
0.18843,0.20529,0.58298,0.99974,0.00956,0.02072,0.00189,210.70000
0.18843,0.20529,0.58318,0.99974,0.00956,0.02072,0.00189,210.90000
0.18843,0.20529,0.58338,0.99974,0.00956,0.02072,0.00189,211.10000
0.18843,0.20529,0.58358,0.99974,0.00956,0.02072,0.00189,211.30000
0.18843,0.20529,0.58378,0.99974,0.00956,0.02072,0.00189,211.50000
0.18843,0.20529,0.58398,0.99974,0.00956,0.02072,0.00189,211.70000
0.18843,0.20529,0.58418,0.99974,0.00956,0.02072,0.00189,211.90000
0.18843,0.20529,0.58438,0.99974,0.00956,0.02072,0.00189,212.10000
0.18843,0.20529,0.58458,0.99974,0.00956,0.02072,0.00189,212.30000
0.18843,0.20529,0.58478,0.99974,0.00956,0.02072,0.00189,212.50000
0.18843,0.20529,0.58498,0.99974,0.00956,0.02072,0.00189,212.70000
0.18843,0.20529,0.58518,0.99974,0.00956,0.02072,0.00189,212.90000
0.18843,0.20529,0.58538,0.99974,0.00956,0.02072,0.00189,213.10000
0.18843,0.20529,0.58558,0.99974,0.00956,0.02072,0.00189,213.30000
0.18843,0.20529,0.58578,0.99974,0.00956,0.02072,0.00189,213.50000
0.18843,0.20529,0.58598,0.99974,0.00956,0.02072,0.00189,213.70000
0.18843,0.20529,0.58618,0.99974,0.00956,0.02072,0.00189,213.90000
0.18843,0.20529,0.58638,0.99974,0.00956,0.02072,0.00189,214.10000
0.18843,0.20529,0.58658,0.99974,0.00956,0.02072,0.00189,214.30000
0.18843,0.20529,0.58678,0.99974,0.00956,0.02072,0.00189,214.50000
0.18843,0.20529,0.58698,0.99974,0.00956,0.02072,0.00189,214.70000
0.18843,0.20529,0.58718,0.99974,0.00956,0.02072,0.00189,214.90000
0.18843,0.20529,0.58738,0.99974,0.00956,0.02072,0.00189,215.10000
0.18843,0.20529,0.58758,0.99974,0.00956,0.02072,0.00189,215.30000
0.18843,0.20529,0.58778,0.99974,0.00956,0.02072,0.00189,215.50000
0.18843,0.20529,0.58798,0.99974,0.00956,0.02072,0.00189,215.70000
0.18843,0.20529,0.58818,0.99974,0.00956,0.02072,0.00189,215.90000
0.18843,0.20529,0.58838,0.99974,0.00956,0.02072,0.00189,216.10000
0.18843,0.20529,0.58858,0.99974,0.00956,0.02072,0.00189,216.30000
0.18843,0.20529,0.58878,0.99974,0.00956,0.02072,0.00189,216.50000
0.18843,0.20529,0.58898,0.99974,0.00956,0.02072,0.00189,216.70000
0.18843,0.20529,0.58918,0.99974,0.00956,0.02072,0.00189,216.90000
0.18843,0.20529,0.58938,0.99974,0.00956,0.02072,0.00189,217.10000
0.18843,0.20529,0.58958,0.99974,0.00956,0.02072,0.00189,217.30000
0.18843,0.20529,0.58978,0.99974,0.00956,0.02072,0.00189,217.50000
0.18843,0.20529,0.58998,0.99974,0.00956,0.02072,0.00189,217.70000
0.18843,0.20529,0.59018,0.99974,0.00956,0.02072,0.00189,217.90000
0.18843,0.20529,0.59038,0.99974,0.00956,0.02072,0.00189,218.10000
0.18843,0.20529,0.59058,0.99974,0.00956,0.02072,0.00189,218.30000
0.18843,0.20529,0.59078,0.99974,0.00956,0.02072,0.00189,218.50000
0.18843,0.20529,0.59098,0.99974,0.00956,0.02072,0.00189,218.70000
0.18843,0.20529,0.59118,0.99974,0.00956,0.02072,0.00189,218.90000
0.18843,0.20529,0.59138,0.99974,0.00956,0.02072,0.00189,219.10000
0.18843,0.20529,0.59158,0.99974,0.00956,0.02072,0.00189,219.30000
0.18843,0.20529,0.59178,0.99974,0.00956,0.02072,0.00189,219.50000
0.18843,0.20529,0.59198,0.99974,0.00956,0.02072,0.00189,219.70000
0.18843,0.20529,0.59218,0.99974,0.00956,0.02072,0.00189,219.90000
0.18843,0.20529,0.59238,0.99974,0.00956,0.02072,0.00189,220.10000
0.18843,0.20529,0.59258,0.99974,0.00956,0.02072,0.00189,220.30000
0.18843,0.20529,0.59278,0.99974,0.00956,0.02072,0.00189,220.50000
0.18843,0.20529,0.59298,0.99974,0.00956,0.02072,0.00189,220.70000
0.18843,0.20529,0.59318,0.99974,0.00956,0.02072,0.00189,220.90000
0.18843,0.20529,0.59338,0.99974,0.00956,0.02072,0.00189,221.10000
0.18843,0.20529,0.59358,0.99974,0.00956,0.02072,0.00189,221.30000
0.18843,0.20529,0.59378,0.99974,0.00956,0.02072,0.00189,221.50000
0.18843,0.20529,0.59398,0.99974,0.00956,0.02072,0.00189,221.70000
0.18843,0.20529,0.59418,0.99974,0.00956,0.02072,0.00189,221.90000
0.18843,0.20529,0.59438,0.99974,0.00956,0.02072,0.00189,222.10000
0.18843,0.20529,0.59458,0.99974,0.00956,0.02072,0.00189,222.30000
0.18843,0.20529,0.59478,0.99974,0.00956,0.02072,0.00189,222.50000
0.18843,0.20529,0.59498,0.99974,0.00956,0.02072,0.00189,222.70000
0.18843,0.20529,0.59518,0.99974,0.00956,0.02072,0.00189,222.90000
0.18843,0.20529,0.59538,0.99974,0.00956,0.02072,0.00189,223.10000
0.18843,0.20529,0.59558,0.99974,0.00956,0.02072,0.00189,223.30000
0.18843,0.20529,0.59578,0.99974,0.00956,0.02072,0.00189,223.50000
0.18843,0.20529,0.59598,0.99974,0.00956,0.02072,0.00189,223.70000
0.18843,0.20529,0.59618,0.99974,0.00956,0.02072,0.00189,223.90000
0.18843,0.20529,0.59638,0.99974,0.00956,0.02072,0.00189,224.10000
0.18843,0.20529,0.59658,0.99974,0.00956,0.02072,0.00189,224.30000
0.18843,0.20529,0.59678,0.99974,0.00956,0.02072,0.00189,224.50000
0.18843,0.20529,0.59698,0.99974,0.00956,0.02072,0.00189,224.70000
0.18843,0.20529,0.59718,0.99974,0.00956,0.02072,0.00189,224.90000
0.18843,0.20529,0.59738,0.99974,0.00956,0.02072,0.00189,225.10000
0.18843,0.20529,0.59758,0.99974,0.00956,0.02072,0.00189,225.30000
0.18843,0.20529,0.59778,0.99974,0.00956,0.02072,0.00189,225.50000
0.18843,0.20529,0.59798,0.99974,0.00956,0.02072,0.00189,225.70000
0.18843,0.20529,0.59818,0.99974,0.00956,0.02072,0.00189,225.90000
0.18843,0.20529,0.59838,0.99974,0.00956,0.02072,0.00189,226.10000
0.18843,0.20529,0.59858,0.99974,0.00956,0.02072,0.00189,226.30000
0.18843,0.20529,0.59878,0.99974,0.00956,0.02072,0.00189,226.50000
0.18843,0.20529,0.59898,0.99974,0.00956,0.02072,0.00189,226.70000
0.18843,0.20529,0.59918,0.99974,0.00956,0.02072,0.00189,226.90000
0.18843,0.20529,0.59938,0.99974,0.00956,0.02072,0.00189,227.10000
0.18843,0.20529,0.59958,0.99974,0.00956,0.02072,0.00189,227.30000
0.18843,0.20529,0.59978,0.99974,0.00956,0.02072,0.00189,227.50000
0.18843,0.20529,0.59998,0.99974,0.00956,0.02072,0.00189,227.70000
0.18843,0.20529,0.60018,0.99974,0.00956,0.02072,0.00189,227.90000
0.18843,0.20529,0.60038,0.99974,0.00956,0.02072,0.00189,228.10000
0.18843,0.20529,0.60058,0.99974,0.00956,0.02072,0.00189,228.30000
0.18843,0.20529,0.60078,0.99974,0.00956,0.02072,0.00189,228.50000
0.18843,0.20529,0.60098,0.99974,0.00956,0.02072,0.00189,228.70000
0.18843,0.20529,0.60118,0.99974,0.00956,0.02072,0.00189,228.90000
0.18843,0.20529,0.60138,0.99974,0.00956,0.02072,0.00189,229.10000
0.18843,0.20529,0.60158,0.99974,0.00956,0.02072,0.00189,229.30000
0.18843,0.20529,0.60178,0.99974,0.00956,0.02072,0.00189,229.50000
0.18843,0.20529,0.60198,0.99974,0.00956,0.02072,0.00189,229.70000
0.18843,0.20529,0.60218,0.99974,0.00956,0.02072,0.00189,229.90000
0.18843,0.20529,0.60238,0.99974,0.00956,0.02072,0.00189,230.10000
0.18843,0.20529,0.60258,0.99974,0.00956,0.02072,0.00189,230.30000
0.18843,0.20529,0.60278,0.99974,0.00956,0.02072,0.00189,230.50000
0.18843,0.20529,0.60298,0.99974,0.00956,0.02072,0.00189,230.70000
0.18843,0.20529,0.60318,0.99974,0.00956,0.02072,0.00189,230.90000
0.18843,0.20529,0.60338,0.99974,0.00956,0.02072,0.00189,231.10000
0.18843,0.20529,0.60358,0.99974,0.00956,0.02072,0.00189,231.30000
0.18843,0.20529,0.60378,0.99974,0.00956,0.02072,0.00189,231.50000
0.18843,0.20529,0.60398,0.99974,0.00956,0.02072,0.00189,231.70000
0.18843,0.20529,0.60418,0.99974,0.00956,0.02072,0.00189,231.90000
0.18843,0.20529,0.60438,0.99974,0.00956,0.02072,0.00189,232.10000
0.18843,0.20529,0.60458,0.99974,0.00956,0.02072,0.00189,232.30000
0.18843,0.20529,0.60478,0.99974,0.00956,0.02072,0.00189,232.50000
0.18843,0.20529,0.60498,0.99974,0.00956,0.02072,0.00189,232.70000
0.18843,0.20529,0.60518,0.99974,0.00956,0.02072,0.00189,232.90000
0.18843,0.20529,0.60538,0.99974,0.00956,0.02072,0.00189,233.10000
0.18843,0.20529,0.60558,0.99974,0.00956,0.02072,0.00189,233.30000
0.18843,0.20529,0.60578,0.99974,0.00956,0.02072,0.00189,233.50000
0.18843,0.20529,0.60598,0.99974,0.00956,0.02072,0.00189,233.70000
0.18843,0.20529,0.60618,0.99974,0.00956,0.02072,0.00189,233.90000
0.18843,0.20529,0.60638,0.99974,0.00956,0.02072,0.00189,234.10000
0.18843,0.20529,0.60658,0.99974,0.00956,0.02072,0.00189,234.30000
0.18843,0.20529,0.60678,0.99974,0.00956,0.02072,0.00189,234.50000
0.18843,0.20529,0.60698,0.99974,0.00956,0.02072,0.00189,234.70000
0.18843,0.20529,0.60718,0.99974,0.00956,0.02072,0.00189,234.90000
0.18843,0.20529,0.60738,0.99974,0.00956,0.02072,0.00189,235.10000
0.18843,0.20529,0.60758,0.99974,0.00956,0.02072,0.00189,235.30000
0.18843,0.20529,0.60778,0.99974,0.00956,0.02072,0.00189,235.50000
0.18843,0.20529,0.60798,0.99974,0.00956,0.02072,0.00189,235.70000
0.18843,0.20529,0.60818,0.99974,0.00956,0.02072,0.00189,235.90000
0.18843,0.20529,0.60838,0.99974,0.00956,0.02072,0.00189,236.10000
0.18843,0.20529,0.60858,0.99974,0.00956,0.02072,0.00189,236.30000
0.18843,0.20529,0.60878,0.99974,0.00956,0.02072,0.00189,236.50000
0.18843,0.20529,0.60898,0.99974,0.00956,0.02072,0.00189,236.70000
0.18843,0.20529,0.60918,0.99974,0.00956,0.02072,0.00189,236.90000
0.18843,0.20529,0.60938,0.99974,0.00956,0.02072,0.00189,237.10000
0.18843,0.20529,0.60958,0.99974,0.00956,0.02072,0.00189,237.30000
0.18843,0.20529,0.60978,0.99974,0.00956,0.02072,0.00189,237.50000
0.18843,0.20529,0.60998,0.99974,0.00956,0.02072,0.00189,237.70000
0.18843,0.20529,0.61018,0.99974,0.00956,0.02072,0.00189,237.90000
0.18843,0.20529,0.61038,0.99974,0.00956,0.02072,0.00189,238.10000
0.18843,0.20529,0.61058,0.99974,0.00956,0.02072,0.00189,238.30000
0.18843,0.20529,0.61078,0.99974,0.00956,0.02072,0.00189,238.50000
0.18843,0.20529,0.61098,0.99974,0.00956,0.02072,0.00189,238.70000
0.18843,0.20529,0.61118,0.99974,0.00956,0.02072,0.00189,238.90000
0.18843,0.20529,0.61138,0.99974,0.00956,0.02072,0.00189,239.10000
0.18843,0.20529,0.61158,0.99974,0.00956,0.02072,0.00189,239.30000
0.18843,0.20529,0.61178,0.99974,0.00956,0.02072,0.00189,239.50000
0.18843,0.20529,0.61198,0.99974,0.00956,0.02072,0.00189,239.70000
0.18843,0.20529,0.61218,0.99974,0.00956,0.02072,0.00189,239.90000
0.18843,0.20529,0.61238,0.99974,0.00956,0.02072,0.00189,240.10000
0.18843,0.20529,0.61258,0.99974,0.00956,0.02072,0.00189,240.30000
0.18843,0.20529,0.61278,0.99974,0.00956,0.02072,0.00189,240.50000
0.18843,0.20529,0.61298,0.99974,0.00956,0.02072,0.00189,240.70000
0.18843,0.20529,0.61318,0.99974,0.00956,0.02072,0.00189,240.90000
0.18843,0.20529,0.61338,0.99974,0.00956,0.02072,0.00189,241.10000
0.18843,0.20529,0.61358,0.99974,0.00956,0.02072,0.00189,241.30000
0.18843,0.20529,0.61378,0.99974,0.00956,0.02072,0.00189,241.50000
0.18843,0.20529,0.61398,0.99974,0.00956,0.02072,0.00189,241.70000
0.18843,0.20529,0.61418,0.99974,0.00956,0.02072,0.00189,241.90000
0.18843,0.20529,0.61438,0.99974,0.00956,0.02072,0.00189,242.10000
0.18843,0.20529,0.61458,0.99974,0.00956,0.02072,0.00189,242.30000
0.18843,0.20529,0.61478,0.99974,0.00956,0.02072,0.00189,242.50000
0.18843,0.20529,0.61498,0.99974,0.00956,0.02072,0.00189,242.70000
0.18843,0.20529,0.61518,0.99974,0.00956,0.02072,0.00189,242.90000
0.18843,0.20529,0.61538,0.99974,0.00956,0.02072,0.00189,243.10000
0.18843,0.20529,0.61558,0.99974,0.00956,0.02072,0.00189,243.30000
0.18843,0.20529,0.61578,0.99974,0.00956,0.02072,0.00189,243.50000
0.18843,0.20529,0.61598,0.99974,0.00956,0.02072,0.00189,243.70000
0.18843,0.20529,0.61618,0.99974,0.00956,0.02072,0.00189,243.90000
0.18843,0.20529,0.61638,0.99974,0.00956,0.02072,0.00189,244.10000
0.18843,0.20529,0.61658,0.99974,0.00956,0.02072,0.00189,244.30000
0.18843,0.20529,0.61678,0.99974,0.00956,0.02072,0.00189,244.50000
0.18843,0.20529,0.61698,0.99974,0.00956,0.02072,0.00189,244.70000
0.18843,0.20529,0.61718,0.99974,0.00956,0.02072,0.00189,244.90000
0.18843,0.20529,0.61738,0.99974,0.00956,0.02072,0.00189,245.10000
0.18843,0.20529,0.61758,0.99974,0.00956,0.02072,0.00189,245.30000
0.18843,0.20529,0.61778,0.99974,0.00956,0.02072,0.00189,245.50000
0.18843,0.20529,0.61798,0.99974,0.00956,0.02072,0.00189,245.70000
0.18843,0.20529,0.61818,0.99974,0.00956,0.02072,0.00189,245.90000
0.18843,0.20529,0.61838,0.99974,0.00956,0.02072,0.00189,246.10000
0.18843,0.20529,0.61858,0.99974,0.00956,0.02072,0.00189,246.30000
0.18843,0.20529,0.61878,0.99974,0.00956,0.02072,0.00189,246.50000
0.18843,0.20529,0.61898,0.99974,0.00956,0.02072,0.00189,246.70000
0.18843,0.20529,0.61918,0.99974,0.00956,0.02072,0.00189,246.90000
0.18843,0.20529,0.61938,0.99974,0.00956,0.02072,0.00189,247.10000
0.18843,0.20529,0.61958,0.99974,0.00956,0.02072,0.00189,247.30000
0.18843,0.20529,0.61978,0.99974,0.00956,0.02072,0.00189,247.50000
0.18843,0.20529,0.61998,0.99974,0.00956,0.02072,0.00189,247.70000
0.18843,0.20529,0.62018,0.99974,0.00956,0.02072,0.00189,247.90000
0.18843,0.20529,0.62038,0.99974,0.00956,0.02072,0.00189,248.10000
0.18843,0.20529,0.62058,0.99974,0.00956,0.02072,0.00189,248.30000
0.18843,0.20529,0.62078,0.99974,0.00956,0.02072,0.00189,248.50000
0.18843,0.20529,0.62098,0.99974,0.00956,0.02072,0.00189,248.70000
0.18843,0.20529,0.62118,0.99974,0.00956,0.02072,0.00189,248.90000
0.18843,0.20529,0.62138,0.99974,0.00956,0.02072,0.00189,249.10000
0.18843,0.20529,0.62158,0.99974,0.00956,0.02072,0.00189,249.30000
0.18843,0.20529,0.62178,0.99974,0.00956,0.02072,0.00189,249.50000
0.18843,0.20529,0.62198,0.99974,0.00956,0.02072,0.00189,249.70000
0.18843,0.20529,0.62218,0.99974,0.00956,0.02072,0.00189,249.90000
0.18843,0.20529,0.62238,0.99974,0.00956,0.02072,0.00189,250.10000
0.18843,0.20529,0.62258,0.99974,0.00956,0.02072,0.00189,250.30000
0.18843,0.20529,0.62278,0.99974,0.00956,0.02072,0.00189,250.50000
0.18843,0.20529,0.62298,0.99974,0.00956,0.02072,0.00189,250.70000
0.18843,0.20529,0.62318,0.99974,0.00956,0.02072,0.00189,250.90000
0.18843,0.20529,0.62338,0.99974,0.00956,0.02072,0.00189,251.10000
0.18843,0.20529,0.62358,0.99974,0.00956,0.02072,0.00189,251.30000
0.18843,0.20529,0.62378,0.99974,0.00956,0.02072,0.00189,251.50000
0.18843,0.20529,0.62398,0.99974,0.00956,0.02072,0.00189,251.70000
0.18843,0.20529,0.62418,0.99974,0.00956,0.02072,0.00189,251.90000
0.18843,0.20529,0.62438,0.99974,0.00956,0.02072,0.00189,252.10000
0.18843,0.20529,0.62458,0.99974,0.00956,0.02072,0.00189,252.30000
0.18843,0.20529,0.62478,0.99974,0.00956,0.02072,0.00189,252.50000
0.18843,0.20529,0.62498,0.99974,0.00956,0.02072,0.00189,252.70000
0.18843,0.20529,0.62518,0.99974,0.00956,0.02072,0.00189,252.90000
0.18843,0.20529,0.62538,0.99974,0.00956,0.02072,0.00189,253.10000
0.18843,0.20529,0.62558,0.99974,0.00956,0.02072,0.00189,253.30000
0.18843,0.20529,0.62578,0.99974,0.00956,0.02072,0.00189,253.50000
0.18843,0.20529,0.62598,0.99974,0.00956,0.02072,0.00189,253.70000
0.18843,0.20529,0.62618,0.99974,0.00956,0.02072,0.00189,253.90000
0.18843,0.20529,0.62638,0.99974,0.00956,0.02072,0.00189,254.10000
0.18843,0.20529,0.62658,0.99974,0.00956,0.02072,0.00189,254.30000
0.18843,0.20529,0.62678,0.99974,0.00956,0.02072,0.00189,254.50000
0.18843,0.20529,0.62698,0.99974,0.00956,0.02072,0.00189,254.70000
0.18843,0.20529,0.62718,0.99974,0.00956,0.02072,0.00189,254.90000
0.18843,0.20529,0.62738,0.99974,0.00956,0.02072,0.00189,255.10000
0.18843,0.20529,0.62758,0.99974,0.00956,0.02072,0.00189,255.30000
0.18843,0.20529,0.62778,0.99974,0.00956,0.02072,0.00189,255.50000
0.18843,0.20529,0.62798,0.99974,0.00956,0.02072,0.00189,255.70000
0.18843,0.20529,0.62818,0.99974,0.00956,0.02072,0.00189,255.90000
0.18843,0.20529,0.62838,0.99974,0.00956,0.02072,0.00189,256.10000
0.18843,0.20529,0.62858,0.99974,0.00956,0.02072,0.00189,256.30000
0.18843,0.20529,0.62878,0.99974,0.00956,0.02072,0.00189,256.50000
0.18843,0.20529,0.62898,0.99974,0.00956,0.02072,0.00189,256.70000
0.18843,0.20529,0.62918,0.99974,0.00956,0.02072,0.00189,256.90000
0.18843,0.20529,0.62938,0.99974,0.00956,0.02072,0.00189,257.10000
0.18843,0.20529,0.62958,0.99974,0.00956,0.02072,0.00189,257.30000
0.18843,0.20529,0.62978,0.99974,0.00956,0.02072,0.00189,257.50000
0.18843,0.20529,0.62998,0.99974,0.00956,0.02072,0.00189,257.70000
0.18843,0.20529,0.63018,0.99974,0.00956,0.02072,0.00189,257.90000
0.18843,0.20529,0.63038,0.99974,0.00956,0.02072,0.00189,258.10000
0.18843,0.20529,0.63058,0.99974,0.00956,0.02072,0.00189,258.30000
0.18843,0.20529,0.63078,0.99974,0.00956,0.02072,0.00189,258.50000
0.18843,0.20529,0.63098,0.99974,0.00956,0.02072,0.00189,258.70000
0.18843,0.20529,0.63118,0.99974,0.00956,0.02072,0.00189,258.90000
0.18843,0.20529,0.63138,0.99974,0.00956,0.02072,0.00189,259.10000
0.18843,0.20529,0.63158,0.99974,0.00956,0.02072,0.00189,259.30000
0.18843,0.20529,0.63178,0.99974,0.00956,0.02072,0.00189,259.50000
0.18843,0.20529,0.63198,0.99974,0.00956,0.02072,0.00189,259.70000
0.18843,0.20529,0.63218,0.99974,0.00956,0.02072,0.00189,259.90000
0.18843,0.20529,0.63238,0.99974,0.00956,0.02072,0.00189,260.10000
0.18843,0.20529,0.63258,0.99974,0.00956,0.02072,0.00189,260.30000
0.18843,0.20529,0.63278,0.99974,0.00956,0.02072,0.00189,260.50000
0.18843,0.20529,0.63298,0.99974,0.00956,0.02072,0.00189,260.70000
0.18843,0.20529,0.63318,0.99974,0.00956,0.02072,0.00189,260.90000
0.18843,0.20529,0.63338,0.99974,0.00956,0.02072,0.00189,261.10000
0.18843,0.20529,0.63358,0.99974,0.00956,0.02072,0.00189,261.30000
0.18843,0.20529,0.63378,0.99974,0.00956,0.02072,0.00189,261.50000
0.18843,0.20529,0.63398,0.99974,0.00956,0.02072,0.00189,261.70000
0.18843,0.20529,0.63418,0.99974,0.00956,0.02072,0.00189,261.90000
0.18843,0.20529,0.63438,0.99974,0.00956,0.02072,0.00189,262.10000
0.18843,0.20529,0.63458,0.99974,0.00956,0.02072,0.00189,262.30000
0.18843,0.20529,0.63478,0.99974,0.00956,0.02072,0.00189,262.50000
0.18843,0.20529,0.63498,0.99974,0.00956,0.02072,0.00189,262.70000
0.18843,0.20529,0.63518,0.99974,0.00956,0.02072,0.00189,262.90000
0.18843,0.20529,0.63538,0.99974,0.00956,0.02072,0.00189,263.10000
0.18843,0.20529,0.63558,0.99974,0.00956,0.02072,0.00189,263.30000
0.18843,0.20529,0.63578,0.99974,0.00956,0.02072,0.00189,263.50000
0.18843,0.20529,0.63598,0.99974,0.00956,0.02072,0.00189,263.70000
0.18843,0.20529,0.63618,0.99974,0.00956,0.02072,0.00189,263.90000
0.18843,0.20529,0.63638,0.99974,0.00956,0.02072,0.00189,264.10000
0.18843,0.20529,0.63658,0.99974,0.00956,0.02072,0.00189,264.30000
0.18843,0.20529,0.63678,0.99974,0.00956,0.02072,0.00189,264.50000
0.18843,0.20529,0.63698,0.99974,0.00956,0.02072,0.00189,264.70000
0.18843,0.20529,0.63718,0.99974,0.00956,0.02072,0.00189,264.90000
0.18843,0.20529,0.63738,0.99974,0.00956,0.02072,0.00189,265.10000
0.18843,0.20529,0.63758,0.99974,0.00956,0.02072,0.00189,265.30000
0.18843,0.20529,0.63778,0.99974,0.00956,0.02072,0.00189,265.50000
0.18843,0.20529,0.63798,0.99974,0.00956,0.02072,0.00189,265.70000
0.18843,0.20529,0.63818,0.99974,0.00956,0.02072,0.00189,265.90000
0.18843,0.20529,0.63838,0.99974,0.00956,0.02072,0.00189,266.10000
0.18843,0.20529,0.63858,0.99974,0.00956,0.02072,0.00189,266.30000
0.18843,0.20529,0.63878,0.99974,0.00956,0.02072,0.00189,266.50000
0.18843,0.20529,0.63898,0.99974,0.00956,0.02072,0.00189,266.70000
0.18843,0.20529,0.63918,0.99974,0.00956,0.02072,0.00189,266.90000
0.18843,0.20529,0.63938,0.99974,0.00956,0.02072,0.00189,267.10000
0.18843,0.20529,0.63958,0.99974,0.00956,0.02072,0.00189,267.30000
0.18843,0.20529,0.63978,0.99974,0.00956,0.02072,0.00189,267.50000
0.18843,0.20529,0.63998,0.99974,0.00956,0.02072,0.00189,267.70000
0.18843,0.20529,0.64018,0.99974,0.00956,0.02072,0.00189,267.90000
0.18843,0.20529,0.64038,0.99974,0.00956,0.02072,0.00189,268.10000
0.18843,0.20529,0.64058,0.99974,0.00956,0.02072,0.00189,268.30000
0.18843,0.20529,0.64078,0.99974,0.00956,0.02072,0.00189,268.50000
0.18843,0.20529,0.64098,0.99974,0.00956,0.02072,0.00189,268.70000
0.18843,0.20529,0.64118,0.99974,0.00956,0.02072,0.00189,268.90000
0.18843,0.20529,0.64138,0.99974,0.00956,0.02072,0.00189,269.10000
0.18843,0.20529,0.64158,0.99974,0.00956,0.02072,0.00189,269.30000
0.18843,0.20529,0.64178,0.99974,0.00956,0.02072,0.00189,269.50000
0.18843,0.20529,0.64198,0.99974,0.00956,0.02072,0.00189,269.70000
0.18843,0.20529,0.64218,0.99974,0.00956,0.02072,0.00189,269.90000
0.18843,0.20529,0.64238,0.99974,0.00956,0.02072,0.00189,270.10000
0.18843,0.20529,0.64258,0.99974,0.00956,0.02072,0.00189,270.30000
0.18843,0.20529,0.64278,0.99974,0.00956,0.02072,0.00189,270.50000
0.18843,0.20529,0.64298,0.99974,0.00956,0.02072,0.00189,270.70000
0.18843,0.20529,0.64318,0.99974,0.00956,0.02072,0.00189,270.90000
0.18843,0.20529,0.64338,0.99974,0.00956,0.02072,0.00189,271.10000
0.18843,0.20529,0.64358,0.99974,0.00956,0.02072,0.00189,271.30000
0.18843,0.20529,0.64378,0.99974,0.00956,0.02072,0.00189,271.50000
0.18843,0.20529,0.64398,0.99974,0.00956,0.02072,0.00189,271.70000
0.18843,0.20529,0.64418,0.99974,0.00956,0.02072,0.00189,271.90000
0.18843,0.20529,0.64438,0.99974,0.00956,0.02072,0.00189,272.10000
0.18843,0.20529,0.64458,0.99974,0.00956,0.02072,0.00189,272.30000
0.18843,0.20529,0.64478,0.99974,0.00956,0.02072,0.00189,272.50000
0.18843,0.20529,0.64498,0.99974,0.00956,0.02072,0.00189,272.70000
0.18843,0.20529,0.64518,0.99974,0.00956,0.02072,0.00189,272.90000
0.18843,0.20529,0.64538,0.99974,0.00956,0.02072,0.00189,273.10000
0.18843,0.20529,0.64558,0.99974,0.00956,0.02072,0.00189,273.30000
0.18843,0.20529,0.64578,0.99974,0.00956,0.02072,0.00189,273.50000
0.18843,0.20529,0.64598,0.99974,0.00956,0.02072,0.00189,273.70000
0.18843,0.20529,0.64618,0.99974,0.00956,0.02072,0.00189,273.90000
0.18843,0.20529,0.64638,0.99974,0.00956,0.02072,0.00189,274.10000
0.18843,0.20529,0.64658,0.99974,0.00956,0.02072,0.00189,274.30000
0.18843,0.20529,0.64678,0.99974,0.00956,0.02072,0.00189,274.50000
0.18843,0.20529,0.64698,0.99974,0.00956,0.02072,0.00189,274.70000
0.18843,0.20529,0.64718,0.99974,0.00956,0.02072,0.00189,274.90000
0.18843,0.20529,0.64738,0.99974,0.00956,0.02072,0.00189,275.10000
0.18843,0.20529,0.64758,0.99974,0.00956,0.02072,0.00189,275.30000
0.18843,0.20529,0.64778,0.99974,0.00956,0.02072,0.00189,275.50000
0.18843,0.20529,0.64798,0.99974,0.00956,0.02072,0.00189,275.70000
0.18843,0.20529,0.64818,0.99974,0.00956,0.02072,0.00189,275.90000
0.18843,0.20529,0.64838,0.99974,0.00956,0.02072,0.00189,276.10000
0.18843,0.20529,0.64858,0.99974,0.00956,0.02072,0.00189,276.30000
0.18843,0.20529,0.64878,0.99974,0.00956,0.02072,0.00189,276.50000
0.18843,0.20529,0.64898,0.99974,0.00956,0.02072,0.00189,276.70000
0.18843,0.20529,0.64918,0.99974,0.00956,0.02072,0.00189,276.90000
0.18843,0.20529,0.64938,0.99974,0.00956,0.02072,0.00189,277.10000
0.18843,0.20529,0.64958,0.99974,0.00956,0.02072,0.00189,277.30000
0.18843,0.20529,0.64978,0.99974,0.00956,0.02072,0.00189,277.50000
0.18843,0.20529,0.64998,0.99974,0.00956,0.02072,0.00189,277.70000
0.18843,0.20529,0.65018,0.99974,0.00956,0.02072,0.00189,277.90000
0.18843,0.20529,0.65038,0.99974,0.00956,0.02072,0.00189,278.10000
0.18843,0.20529,0.65058,0.99974,0.00956,0.02072,0.00189,278.30000
0.18843,0.20529,0.65078,0.99974,0.00956,0.02072,0.00189,278.50000
0.18843,0.20529,0.65098,0.99974,0.00956,0.02072,0.00189,278.70000
0.18843,0.20529,0.65118,0.99974,0.00956,0.02072,0.00189,278.90000
0.18843,0.20529,0.65138,0.99974,0.00956,0.02072,0.00189,279.10000
0.18843,0.20529,0.65158,0.99974,0.00956,0.02072,0.00189,279.30000
0.18843,0.20529,0.65178,0.99974,0.00956,0.02072,0.00189,279.50000
0.18843,0.20529,0.65198,0.99974,0.00956,0.02072,0.00189,279.70000
0.18843,0.20529,0.65218,0.99974,0.00956,0.02072,0.00189,279.90000
0.18843,0.20529,0.65238,0.99974,0.00956,0.02072,0.00189,280.10000
0.18843,0.20529,0.65258,0.99974,0.00956,0.02072,0.00189,280.30000
0.18843,0.20529,0.65278,0.99974,0.00956,0.02072,0.00189,280.50000
0.18843,0.20529,0.65298,0.99974,0.00956,0.02072,0.00189,280.70000
0.18843,0.20529,0.65318,0.99974,0.00956,0.02072,0.00189,280.90000
0.18843,0.20529,0.65338,0.99974,0.00956,0.02072,0.00189,281.10000
0.18843,0.20529,0.65358,0.99974,0.00956,0.02072,0.00189,281.30000
0.18843,0.20529,0.65378,0.99974,0.00956,0.02072,0.00189,281.50000
0.18843,0.20529,0.65398,0.99974,0.00956,0.02072,0.00189,281.70000
0.18843,0.20529,0.65418,0.99974,0.00956,0.02072,0.00189,281.90000
0.18843,0.20529,0.65438,0.99974,0.00956,0.02072,0.00189,282.10000
0.18843,0.20529,0.65458,0.99974,0.00956,0.02072,0.00189,282.30000
0.18843,0.20529,0.65478,0.99974,0.00956,0.02072,0.00189,282.50000
0.18843,0.20529,0.65498,0.99974,0.00956,0.02072,0.00189,282.70000
0.18843,0.20529,0.65518,0.99974,0.00956,0.02072,0.00189,282.90000
0.18843,0.20529,0.65538,0.99974,0.00956,0.02072,0.00189,283.10000
0.18843,0.20529,0.65558,0.99974,0.00956,0.02072,0.00189,283.30000
0.18843,0.20529,0.65578,0.99974,0.00956,0.02072,0.00189,283.50000
0.18843,0.20529,0.65598,0.99974,0.00956,0.02072,0.00189,283.70000
0.18843,0.20529,0.65618,0.99974,0.00956,0.02072,0.00189,283.90000
0.18843,0.20529,0.65638,0.99974,0.00956,0.02072,0.00189,284.10000
0.18843,0.20529,0.65658,0.99974,0.00956,0.02072,0.00189,284.30000
0.18843,0.20529,0.65678,0.99974,0.00956,0.02072,0.00189,284.50000
0.18843,0.20529,0.65698,0.99974,0.00956,0.02072,0.00189,284.70000
0.18843,0.20529,0.65718,0.99974,0.00956,0.02072,0.00189,284.90000
0.18843,0.20529,0.65738,0.99974,0.00956,0.02072,0.00189,285.10000
0.18843,0.20529,0.65758,0.99974,0.00956,0.02072,0.00189,285.30000
0.18843,0.20529,0.65778,0.99974,0.00956,0.02072,0.00189,285.50000
0.18843,0.20529,0.65798,0.99974,0.00956,0.02072,0.00189,285.70000
0.18843,0.20529,0.65818,0.99974,0.00956,0.02072,0.00189,285.90000
0.18843,0.20529,0.65838,0.99974,0.00956,0.02072,0.00189,286.10000
0.18843,0.20529,0.65858,0.99974,0.00956,0.02072,0.00189,286.30000
0.18843,0.20529,0.65878,0.99974,0.00956,0.02072,0.00189,286.50000
0.18843,0.20529,0.65898,0.99974,0.00956,0.02072,0.00189,286.70000
0.18843,0.20529,0.65918,0.99974,0.00956,0.02072,0.00189,286.90000
0.18843,0.20529,0.65938,0.99974,0.00956,0.02072,0.00189,287.10000
0.18843,0.20529,0.65958,0.99974,0.00956,0.02072,0.00189,287.30000
0.18843,0.20529,0.65978,0.99974,0.00956,0.02072,0.00189,287.50000
0.18843,0.20529,0.65998,0.99974,0.00956,0.02072,0.00189,287.70000
0.18843,0.20529,0.66018,0.99974,0.00956,0.02072,0.00189,287.90000
0.18843,0.20529,0.66038,0.99974,0.00956,0.02072,0.00189,288.10000
0.18843,0.20529,0.66058,0.99974,0.00956,0.02072,0.00189,288.30000
0.18843,0.20529,0.66078,0.99974,0.00956,0.02072,0.00189,288.50000
0.18843,0.20529,0.66098,0.99974,0.00956,0.02072,0.00189,288.70000
0.18843,0.20529,0.66118,0.99974,0.00956,0.02072,0.00189,288.90000
0.18843,0.20529,0.66138,0.99974,0.00956,0.02072,0.00189,289.10000
0.18843,0.20529,0.66158,0.99974,0.00956,0.02072,0.00189,289.30000
0.18843,0.20529,0.66178,0.99974,0.00956,0.02072,0.00189,289.50000
0.18843,0.20529,0.66198,0.99974,0.00956,0.02072,0.00189,289.70000
0.18843,0.20529,0.66218,0.99974,0.00956,0.02072,0.00189,289.90000
0.18843,0.20529,0.66238,0.99974,0.00956,0.02072,0.00189,290.10000
0.18843,0.20529,0.66258,0.99974,0.00956,0.02072,0.00189,290.30000
0.18843,0.20529,0.66278,0.99974,0.00956,0.02072,0.00189,290.50000
0.18843,0.20529,0.66298,0.99974,0.00956,0.02072,0.00189,290.70000
0.18843,0.20529,0.66318,0.99974,0.00956,0.02072,0.00189,290.90000
0.18843,0.20529,0.66338,0.99974,0.00956,0.02072,0.00189,291.10000
0.18843,0.20529,0.66358,0.99974,0.00956,0.02072,0.00189,291.30000
0.18843,0.20529,0.66378,0.99974,0.00956,0.02072,0.00189,291.50000
0.18843,0.20529,0.66398,0.99974,0.00956,0.02072,0.00189,291.70000
0.18843,0.20529,0.66418,0.99974,0.00956,0.02072,0.00189,291.90000
0.18843,0.20529,0.66438,0.99974,0.00956,0.02072,0.00189,292.10000
0.18843,0.20529,0.66458,0.99974,0.00956,0.02072,0.00189,292.30000
0.18843,0.20529,0.66478,0.99974,0.00956,0.02072,0.00189,292.50000
0.18843,0.20529,0.66498,0.99974,0.00956,0.02072,0.00189,292.70000
0.18843,0.20529,0.66518,0.99974,0.00956,0.02072,0.00189,292.90000
0.18843,0.20529,0.66538,0.99974,0.00956,0.02072,0.00189,293.10000
0.18843,0.20529,0.66558,0.99974,0.00956,0.02072,0.00189,293.30000
0.18843,0.20529,0.66578,0.99974,0.00956,0.02072,0.00189,293.50000
0.18843,0.20529,0.66598,0.99974,0.00956,0.02072,0.00189,293.70000
0.18843,0.20529,0.66618,0.99974,0.00956,0.02072,0.00189,293.90000
0.18843,0.20529,0.66638,0.99974,0.00956,0.02072,0.00189,294.10000
0.18843,0.20529,0.66658,0.99974,0.00956,0.02072,0.00189,294.30000
0.18843,0.20529,0.66678,0.99974,0.00956,0.02072,0.00189,294.50000
0.18843,0.20529,0.66698,0.99974,0.00956,0.02072,0.00189,294.70000
0.18843,0.20529,0.66718,0.99974,0.00956,0.02072,0.00189,294.90000
0.18843,0.20529,0.66738,0.99974,0.00956,0.02072,0.00189,295.10000
0.18843,0.20529,0.66758,0.99974,0.00956,0.02072,0.00189,295.30000
0.18843,0.20529,0.66778,0.99974,0.00956,0.02072,0.00189,295.50000
0.18843,0.20529,0.66798,0.99974,0.00956,0.02072,0.00189,295.70000
0.18843,0.20529,0.66818,0.99974,0.00956,0.02072,0.00189,295.90000
0.18843,0.20529,0.66838,0.99974,0.00956,0.02072,0.00189,296.10000
0.18843,0.20529,0.66858,0.99974,0.00956,0.02072,0.00189,296.30000
0.18843,0.20529,0.66878,0.99974,0.00956,0.02072,0.00189,296.50000
0.18843,0.20529,0.66898,0.99974,0.00956,0.02072,0.00189,296.70000
0.18843,0.20529,0.66918,0.99974,0.00956,0.02072,0.00189,296.90000
0.18843,0.20529,0.66938,0.99974,0.00956,0.02072,0.00189,297.10000
0.18843,0.20529,0.66958,0.99974,0.00956,0.02072,0.00189,297.30000
0.18843,0.20529,0.66978,0.99974,0.00956,0.02072,0.00189,297.50000
0.18843,0.20529,0.66998,0.99974,0.00956,0.02072,0.00189,297.70000
0.18843,0.20529,0.67018,0.99974,0.00956,0.02072,0.00189,297.90000
0.18843,0.20529,0.67038,0.99974,0.00956,0.02072,0.00189,298.10000
0.18843,0.20529,0.67058,0.99974,0.00956,0.02072,0.00189,298.30000
0.18843,0.20529,0.67078,0.99974,0.00956,0.02072,0.00189,298.50000
0.18843,0.20529,0.67098,0.99974,0.00956,0.02072,0.00189,298.70000
0.18843,0.20529,0.67118,0.99974,0.00956,0.02072,0.00189,298.90000
0.18843,0.20529,0.67138,0.99974,0.00956,0.02072,0.00189,299.10000
0.18843,0.20529,0.67158,0.99974,0.00956,0.02072,0.00189,299.30000
0.18843,0.20529,0.67178,0.99974,0.00956,0.02072,0.00189,299.50000
0.18843,0.20529,0.67198,0.99974,0.00956,0.02072,0.00189,299.70000
0.18843,0.20529,0.67218,0.99974,0.00956,0.02072,0.00189,299.90000
0.18843,0.20529,0.67238,0.99974,0.00956,0.02072,0.00189,300.10000
0.18843,0.20529,0.67258,0.99974,0.00956,0.02072,0.00189,300.30000
0.18843,0.20529,0.67278,0.99974,0.00956,0.02072,0.00189,300.50000
0.18843,0.20529,0.67298,0.99974,0.00956,0.02072,0.00189,300.70000
0.18843,0.20529,0.67318,0.99974,0.00956,0.02072,0.00189,300.90000
0.18843,0.20529,0.67338,0.99974,0.00956,0.02072,0.00189,301.10000
0.18843,0.20529,0.67358,0.99974,0.00956,0.02072,0.00189,301.30000
0.18843,0.20529,0.67378,0.99974,0.00956,0.02072,0.00189,301.50000
0.18843,0.20529,0.67398,0.99974,0.00956,0.02072,0.00189,301.70000
0.18843,0.20529,0.67418,0.99974,0.00956,0.02072,0.00189,301.90000
0.18843,0.20529,0.67438,0.99974,0.00956,0.02072,0.00189,302.10000
0.18843,0.20529,0.67458,0.99974,0.00956,0.02072,0.00189,302.30000
0.18843,0.20529,0.67478,0.99974,0.00956,0.02072,0.00189,302.50000
0.18843,0.20529,0.67498,0.99974,0.00956,0.02072,0.00189,302.70000
0.18843,0.20529,0.67518,0.99974,0.00956,0.02072,0.00189,302.90000
0.18843,0.20529,0.67538,0.99974,0.00956,0.02072,0.00189,303.10000
0.18843,0.20529,0.67558,0.99974,0.00956,0.02072,0.00189,303.30000
0.18843,0.20529,0.67578,0.99974,0.00956,0.02072,0.00189,303.50000
0.18843,0.20529,0.67598,0.99974,0.00956,0.02072,0.00189,303.70000
0.18843,0.20529,0.67618,0.99974,0.00956,0.02072,0.00189,303.90000
0.18843,0.20529,0.67638,0.99974,0.00956,0.02072,0.00189,304.10000
0.18843,0.20529,0.67658,0.99974,0.00956,0.02072,0.00189,304.30000
0.18843,0.20529,0.67678,0.99974,0.00956,0.02072,0.00189,304.50000
0.18843,0.20529,0.67698,0.99974,0.00956,0.02072,0.00189,304.70000
0.18843,0.20529,0.67718,0.99974,0.00956,0.02072,0.00189,304.90000
0.18843,0.20529,0.67738,0.99974,0.00956,0.02072,0.00189,305.10000
0.18843,0.20529,0.67758,0.99974,0.00956,0.02072,0.00189,305.30000
0.18843,0.20529,0.67778,0.99974,0.00956,0.02072,0.00189,305.50000
0.18843,0.20529,0.67798,0.99974,0.00956,0.02072,0.00189,305.70000
0.18843,0.20529,0.67818,0.99974,0.00956,0.02072,0.00189,305.90000
0.18843,0.20529,0.67838,0.99974,0.00956,0.02072,0.00189,306.10000
0.18843,0.20529,0.67858,0.99974,0.00956,0.02072,0.00189,306.30000
0.18843,0.20529,0.67878,0.99974,0.00956,0.02072,0.00189,306.50000
0.18843,0.20529,0.67898,0.99974,0.00956,0.02072,0.00189,306.70000
0.18843,0.20529,0.67918,0.99974,0.00956,0.02072,0.00189,306.90000
0.18843,0.20529,0.67938,0.99974,0.00956,0.02072,0.00189,307.10000
0.18843,0.20529,0.67958,0.99974,0.00956,0.02072,0.00189,307.30000
0.18843,0.20529,0.67978,0.99974,0.00956,0.02072,0.00189,307.50000
0.18843,0.20529,0.67998,0.99974,0.00956,0.02072,0.00189,307.70000
0.18843,0.20529,0.68018,0.99974,0.00956,0.02072,0.00189,307.90000
0.18843,0.20529,0.68038,0.99974,0.00956,0.02072,0.00189,308.10000
0.18843,0.20529,0.68058,0.99974,0.00956,0.02072,0.00189,308.30000
0.18843,0.20529,0.68078,0.99974,0.00956,0.02072,0.00189,308.50000
0.18843,0.20529,0.68098,0.99974,0.00956,0.02072,0.00189,308.70000
0.18843,0.20529,0.68118,0.99974,0.00956,0.02072,0.00189,308.90000
0.18843,0.20529,0.68138,0.99974,0.00956,0.02072,0.00189,309.10000
0.18843,0.20529,0.68158,0.99974,0.00956,0.02072,0.00189,309.30000
0.18843,0.20529,0.68178,0.99974,0.00956,0.02072,0.00189,309.50000
0.18843,0.20529,0.68198,0.99974,0.00956,0.02072,0.00189,309.70000
0.18843,0.20529,0.68218,0.99974,0.00956,0.02072,0.00189,309.90000
0.18843,0.20529,0.68238,0.99974,0.00956,0.02072,0.00189,310.10000
0.18843,0.20529,0.68258,0.99974,0.00956,0.02072,0.00189,310.30000
0.18843,0.20529,0.68278,0.99974,0.00956,0.02072,0.00189,310.50000
0.18843,0.20529,0.68298,0.99974,0.00956,0.02072,0.00189,310.70000
0.18843,0.20529,0.68318,0.99974,0.00956,0.02072,0.00189,310.90000
0.18843,0.20529,0.68338,0.99974,0.00956,0.02072,0.00189,311.10000
0.18843,0.20529,0.68358,0.99974,0.00956,0.02072,0.00189,311.30000
0.18843,0.20529,0.68378,0.99974,0.00956,0.02072,0.00189,311.50000
0.18843,0.20529,0.68398,0.99974,0.00956,0.02072,0.00189,311.70000
0.18843,0.20529,0.68418,0.99974,0.00956,0.02072,0.00189,311.90000
0.18843,0.20529,0.68438,0.99974,0.00956,0.02072,0.00189,312.10000
0.18843,0.20529,0.68458,0.99974,0.00956,0.02072,0.00189,312.30000
0.18843,0.20529,0.68478,0.99974,0.00956,0.02072,0.00189,312.50000
0.18843,0.20529,0.68498,0.99974,0.00956,0.02072,0.00189,312.70000
0.18843,0.20529,0.68518,0.99974,0.00956,0.02072,0.00189,312.90000
0.18843,0.20529,0.68538,0.99974,0.00956,0.02072,0.00189,313.10000
0.18843,0.20529,0.68558,0.99974,0.00956,0.02072,0.00189,313.30000
0.18843,0.20529,0.68578,0.99974,0.00956,0.02072,0.00189,313.50000
0.18843,0.20529,0.68598,0.99974,0.00956,0.02072,0.00189,313.70000
0.18843,0.20529,0.68618,0.99974,0.00956,0.02072,0.00189,313.90000
0.18843,0.20529,0.68638,0.99974,0.00956,0.02072,0.00189,314.10000
0.18843,0.20529,0.68658,0.99974,0.00956,0.02072,0.00189,314.30000
0.18843,0.20529,0.68678,0.99974,0.00956,0.02072,0.00189,314.50000
0.18843,0.20529,0.68698,0.99974,0.00956,0.02072,0.00189,314.70000
0.18843,0.20529,0.68718,0.99974,0.00956,0.02072,0.00189,314.90000
0.18843,0.20529,0.68738,0.99974,0.00956,0.02072,0.00189,315.10000
0.18843,0.20529,0.68758,0.99974,0.00956,0.02072,0.00189,315.30000
0.18843,0.20529,0.68778,0.99974,0.00956,0.02072,0.00189,315.50000
0.18843,0.20529,0.68798,0.99974,0.00956,0.02072,0.00189,315.70000
0.18843,0.20529,0.68818,0.99974,0.00956,0.02072,0.00189,315.90000
0.18843,0.20529,0.68838,0.99974,0.00956,0.02072,0.00189,316.10000
0.18843,0.20529,0.68858,0.99974,0.00956,0.02072,0.00189,316.30000
0.18843,0.20529,0.68878,0.99974,0.00956,0.02072,0.00189,316.50000
0.18843,0.20529,0.68898,0.99974,0.00956,0.02072,0.00189,316.70000
0.18843,0.20529,0.68918,0.99974,0.00956,0.02072,0.00189,316.90000
0.18843,0.20529,0.68938,0.99974,0.00956,0.02072,0.00189,317.10000
0.18843,0.20529,0.68958,0.99974,0.00956,0.02072,0.00189,317.30000
0.18843,0.20529,0.68978,0.99974,0.00956,0.02072,0.00189,317.50000
0.18843,0.20529,0.68998,0.99974,0.00956,0.02072,0.00189,317.70000
0.18843,0.20529,0.69018,0.99974,0.00956,0.02072,0.00189,317.90000
0.18843,0.20529,0.69038,0.99974,0.00956,0.02072,0.00189,318.10000
0.18843,0.20529,0.69058,0.99974,0.00956,0.02072,0.00189,318.30000
0.18843,0.20529,0.69078,0.99974,0.00956,0.02072,0.00189,318.50000
0.18843,0.20529,0.69098,0.99974,0.00956,0.02072,0.00189,318.70000
0.18843,0.20529,0.69118,0.99974,0.00956,0.02072,0.00189,318.90000
0.18843,0.20529,0.69138,0.99974,0.00956,0.02072,0.00189,319.10000
0.18843,0.20529,0.69158,0.99974,0.00956,0.02072,0.00189,319.30000
0.18843,0.20529,0.69178,0.99974,0.00956,0.02072,0.00189,319.50000
0.18843,0.20529,0.69198,0.99974,0.00956,0.02072,0.00189,319.70000
0.18843,0.20529,0.69218,0.99974,0.00956,0.02072,0.00189,319.90000
0.18843,0.20529,0.69238,0.99974,0.00956,0.02072,0.00189,320.10000
0.18843,0.20529,0.69258,0.99974,0.00956,0.02072,0.00189,320.30000
0.18843,0.20529,0.69278,0.99974,0.00956,0.02072,0.00189,320.50000
0.18843,0.20529,0.69298,0.99974,0.00956,0.02072,0.00189,320.70000
0.18843,0.20529,0.69318,0.99974,0.00956,0.02072,0.00189,320.90000
0.18843,0.20529,0.69338,0.99974,0.00956,0.02072,0.00189,321.10000
0.18843,0.20529,0.69358,0.99974,0.00956,0.02072,0.00189,321.30000
0.18843,0.20529,0.69378,0.99974,0.00956,0.02072,0.00189,321.50000
0.18843,0.20529,0.69398,0.99974,0.00956,0.02072,0.00189,321.70000
0.18843,0.20529,0.69418,0.99974,0.00956,0.02072,0.00189,321.90000
0.18843,0.20529,0.69438,0.99974,0.00956,0.02072,0.00189,322.10000
0.18843,0.20529,0.69458,0.99974,0.00956,0.02072,0.00189,322.30000
0.18843,0.20529,0.69478,0.99974,0.00956,0.02072,0.00189,322.50000
0.18843,0.20529,0.69498,0.99974,0.00956,0.02072,0.00189,322.70000
0.18843,0.20529,0.69518,0.99974,0.00956,0.02072,0.00189,322.90000
0.18843,0.20529,0.69538,0.99974,0.00956,0.02072,0.00189,323.10000
0.18843,0.20529,0.69558,0.99974,0.00956,0.02072,0.00189,323.30000
0.18843,0.20529,0.69578,0.99974,0.00956,0.02072,0.00189,323.50000
0.18843,0.20529,0.69598,0.99974,0.00956,0.02072,0.00189,323.70000
0.18843,0.20529,0.69618,0.99974,0.00956,0.02072,0.00189,323.90000
0.18843,0.20529,0.69638,0.99974,0.00956,0.02072,0.00189,324.10000
0.18843,0.20529,0.69658,0.99974,0.00956,0.02072,0.00189,324.30000
0.18843,0.20529,0.69678,0.99974,0.00956,0.02072,0.00189,324.50000
0.18843,0.20529,0.69698,0.99974,0.00956,0.02072,0.00189,324.70000
0.18843,0.20529,0.69718,0.99974,0.00956,0.02072,0.00189,324.90000
0.18843,0.20529,0.69738,0.99974,0.00956,0.02072,0.00189,325.10000
0.18843,0.20529,0.69758,0.99974,0.00956,0.02072,0.00189,325.30000
0.18843,0.20529,0.69778,0.99974,0.00956,0.02072,0.00189,325.50000
0.18843,0.20529,0.69798,0.99974,0.00956,0.02072,0.00189,325.70000
0.18843,0.20529,0.69818,0.99974,0.00956,0.02072,0.00189,325.90000
0.18843,0.20529,0.69838,0.99974,0.00956,0.02072,0.00189,326.10000
0.18843,0.20529,0.69858,0.99974,0.00956,0.02072,0.00189,326.30000
0.18843,0.20529,0.69878,0.99974,0.00956,0.02072,0.00189,326.50000
0.18843,0.20529,0.69898,0.99974,0.00956,0.02072,0.00189,326.70000
0.18843,0.20529,0.69918,0.99974,0.00956,0.02072,0.00189,326.90000
0.18843,0.20529,0.69938,0.99974,0.00956,0.02072,0.00189,327.10000
0.18843,0.20529,0.69958,0.99974,0.00956,0.02072,0.00189,327.30000
0.18843,0.20529,0.69978,0.99974,0.00956,0.02072,0.00189,327.50000
0.18843,0.20529,0.69998,0.99974,0.00956,0.02072,0.00189,327.70000
0.18843,0.20529,0.70018,0.99974,0.00956,0.02072,0.00189,327.90000
0.18843,0.20529,0.70038,0.99974,0.00956,0.02072,0.00189,328.10000
0.18843,0.20529,0.70058,0.99974,0.00956,0.02072,0.00189,328.30000
0.18843,0.20529,0.70078,0.99974,0.00956,0.02072,0.00189,328.50000
0.18843,0.20529,0.70098,0.99974,0.00956,0.02072,0.00189,328.70000
0.18843,0.20529,0.70118,0.99974,0.00956,0.02072,0.00189,328.90000
0.18843,0.20529,0.70138,0.99974,0.00956,0.02072,0.00189,329.10000
0.18843,0.20529,0.70158,0.99974,0.00956,0.02072,0.00189,329.30000
0.18843,0.20529,0.70178,0.99974,0.00956,0.02072,0.00189,329.50000
0.18843,0.20529,0.70198,0.99974,0.00956,0.02072,0.00189,329.70000
0.18843,0.20529,0.70218,0.99974,0.00956,0.02072,0.00189,329.90000
0.18843,0.20529,0.70238,0.99974,0.00956,0.02072,0.00189,330.10000
0.18843,0.20529,0.70258,0.99974,0.00956,0.02072,0.00189,330.30000
0.18843,0.20529,0.70278,0.99974,0.00956,0.02072,0.00189,330.50000
0.18843,0.20529,0.70298,0.99974,0.00956,0.02072,0.00189,330.70000
0.18843,0.20529,0.70318,0.99974,0.00956,0.02072,0.00189,330.90000
0.18843,0.20529,0.70338,0.99974,0.00956,0.02072,0.00189,331.10000
0.18843,0.20529,0.70358,0.99974,0.00956,0.02072,0.00189,331.30000
0.18843,0.20529,0.70378,0.99974,0.00956,0.02072,0.00189,331.50000
0.18843,0.20529,0.70398,0.99974,0.00956,0.02072,0.00189,331.70000
0.18843,0.20529,0.70418,0.99974,0.00956,0.02072,0.00189,331.90000
0.18843,0.20529,0.70438,0.99974,0.00956,0.02072,0.00189,332.10000
0.18843,0.20529,0.70458,0.99974,0.00956,0.02072,0.00189,332.30000
0.18843,0.20529,0.70478,0.99974,0.00956,0.02072,0.00189,332.50000
0.18843,0.20529,0.70498,0.99974,0.00956,0.02072,0.00189,332.70000
0.18843,0.20529,0.70518,0.99974,0.00956,0.02072,0.00189,332.90000
0.18843,0.20529,0.70538,0.99974,0.00956,0.02072,0.00189,333.10000
0.18843,0.20529,0.70558,0.99974,0.00956,0.02072,0.00189,333.30000
0.18843,0.20529,0.70578,0.99974,0.00956,0.02072,0.00189,333.50000
0.18843,0.20529,0.70598,0.99974,0.00956,0.02072,0.00189,333.70000
0.18843,0.20529,0.70618,0.99974,0.00956,0.02072,0.00189,333.90000
0.18843,0.20529,0.70638,0.99974,0.00956,0.02072,0.00189,334.10000
0.18843,0.20529,0.70658,0.99974,0.00956,0.02072,0.00189,334.30000
0.18843,0.20529,0.70678,0.99974,0.00956,0.02072,0.00189,334.50000
0.18843,0.20529,0.70698,0.99974,0.00956,0.02072,0.00189,334.70000
0.18843,0.20529,0.70718,0.99974,0.00956,0.02072,0.00189,334.90000
0.18843,0.20529,0.70738,0.99974,0.00956,0.02072,0.00189,335.10000
0.18843,0.20529,0.70758,0.99974,0.00956,0.02072,0.00189,335.30000
0.18843,0.20529,0.70778,0.99974,0.00956,0.02072,0.00189,335.50000
0.18843,0.20529,0.70798,0.99974,0.00956,0.02072,0.00189,335.70000
0.18843,0.20529,0.70818,0.99974,0.00956,0.02072,0.00189,335.90000
0.18843,0.20529,0.70838,0.99974,0.00956,0.02072,0.00189,336.10000
0.18843,0.20529,0.70858,0.99974,0.00956,0.02072,0.00189,336.30000
0.18843,0.20529,0.70878,0.99974,0.00956,0.02072,0.00189,336.50000
0.18843,0.20529,0.70898,0.99974,0.00956,0.02072,0.00189,336.70000
0.18843,0.20529,0.70918,0.99974,0.00956,0.02072,0.00189,336.90000
0.18843,0.20529,0.70938,0.99974,0.00956,0.02072,0.00189,337.10000
0.18843,0.20529,0.70958,0.99974,0.00956,0.02072,0.00189,337.30000
0.18843,0.20529,0.70978,0.99974,0.00956,0.02072,0.00189,337.50000
0.18843,0.20529,0.70998,0.99974,0.00956,0.02072,0.00189,337.70000
0.18843,0.20529,0.71018,0.99974,0.00956,0.02072,0.00189,337.90000
0.18843,0.20529,0.71038,0.99974,0.00956,0.02072,0.00189,338.10000
0.18843,0.20529,0.71058,0.99974,0.00956,0.02072,0.00189,338.30000
0.18843,0.20529,0.71078,0.99974,0.00956,0.02072,0.00189,338.50000
0.18843,0.20529,0.71098,0.99974,0.00956,0.02072,0.00189,338.70000
0.18843,0.20529,0.71118,0.99974,0.00956,0.02072,0.00189,338.90000
0.18843,0.20529,0.71138,0.99974,0.00956,0.02072,0.00189,339.10000
0.18843,0.20529,0.71158,0.99974,0.00956,0.02072,0.00189,339.30000
0.18843,0.20529,0.71178,0.99974,0.00956,0.02072,0.00189,339.50000
0.18843,0.20529,0.71198,0.99974,0.00956,0.02072,0.00189,339.70000
0.18843,0.20529,0.71218,0.99974,0.00956,0.02072,0.00189,339.90000
0.18843,0.20529,0.71238,0.99974,0.00956,0.02072,0.00189,340.09600
0.18843,0.20529,0.71257,0.99974,0.00956,0.02072,0.00189,340.28800
0.18843,0.20529,0.71276,0.99974,0.00956,0.02072,0.00189,340.47600
0.18843,0.20529,0.71294,0.99974,0.00956,0.02072,0.00189,340.66000
0.18843,0.20529,0.71312,0.99974,0.00956,0.02072,0.00189,340.84000
0.18843,0.20529,0.71330,0.99974,0.00956,0.02072,0.00189,341.01600
0.18843,0.20529,0.71347,0.99974,0.00956,0.02072,0.00189,341.18800
0.18843,0.20529,0.71364,0.99974,0.00956,0.02072,0.00189,341.35600
0.18843,0.20529,0.71380,0.99974,0.00956,0.02072,0.00189,341.52000
0.18843,0.20529,0.71396,0.99974,0.00956,0.02072,0.00189,341.68000
0.18843,0.20529,0.71412,0.99974,0.00956,0.02072,0.00189,341.83600
0.18843,0.20529,0.71427,0.99974,0.00956,0.02072,0.00189,341.98800
0.18843,0.20529,0.71442,0.99974,0.00956,0.02072,0.00189,342.13600
0.18843,0.20529,0.71456,0.99974,0.00956,0.02072,0.00189,342.28000
0.18843,0.20529,0.71470,0.99974,0.00956,0.02072,0.00189,342.42000
0.18843,0.20529,0.71484,0.99974,0.00956,0.02072,0.00189,342.55600
0.18843,0.20529,0.71497,0.99974,0.00956,0.02072,0.00189,342.68800
0.18843,0.20529,0.71510,0.99974,0.00956,0.02072,0.00189,342.81600
0.18843,0.20529,0.71522,0.99974,0.00956,0.02072,0.00189,342.94000
0.18843,0.20529,0.71534,0.99974,0.00956,0.02072,0.00189,343.06000
0.18843,0.20529,0.71546,0.99974,0.00956,0.02072,0.00189,343.17600
0.18843,0.20529,0.71557,0.99974,0.00956,0.02072,0.00189,343.28800
0.18843,0.20529,0.71568,0.99974,0.00956,0.02072,0.00189,343.39600
0.18843,0.20529,0.71578,0.99974,0.00956,0.02072,0.00189,343.50000
0.18843,0.20529,0.71588,0.99974,0.00956,0.02072,0.00189,343.60000
0.18843,0.20529,0.71598,0.99974,0.00956,0.02072,0.00189,343.69600
0.18843,0.20529,0.71607,0.99974,0.00956,0.02072,0.00189,343.78800
0.18843,0.20529,0.71616,0.99974,0.00956,0.02072,0.00189,343.87600
0.18843,0.20529,0.71624,0.99974,0.00956,0.02072,0.00189,343.96000
0.18843,0.20529,0.71632,0.99974,0.00956,0.02072,0.00189,344.04000
0.18843,0.20529,0.71640,0.99974,0.00956,0.02072,0.00189,344.11600
0.18843,0.20529,0.71647,0.99974,0.00956,0.02072,0.00189,344.18800
0.18843,0.20529,0.71654,0.99974,0.00956,0.02072,0.00189,344.25600
0.18843,0.20529,0.71660,0.99974,0.00956,0.02072,0.00189,344.32000
0.18843,0.20529,0.71666,0.99974,0.00956,0.02072,0.00189,344.38000
0.18843,0.20529,0.71672,0.99974,0.00956,0.02072,0.00189,344.43600
0.18843,0.20529,0.71677,0.99974,0.00956,0.02072,0.00189,344.48800
0.18843,0.20529,0.71682,0.99974,0.00956,0.02072,0.00189,344.53600
0.18843,0.20529,0.71686,0.99974,0.00956,0.02072,0.00189,344.58000
0.18843,0.20529,0.71690,0.99974,0.00956,0.02072,0.00189,344.62000
0.18843,0.20529,0.71694,0.99974,0.00956,0.02072,0.00189,344.65600
0.18843,0.20529,0.71697,0.99974,0.00956,0.02072,0.00189,344.68800
0.18843,0.20529,0.71700,0.99974,0.00956,0.02072,0.00189,344.71600
0.18843,0.20529,0.71702,0.99974,0.00956,0.02072,0.00189,344.74000
0.18843,0.20529,0.71704,0.99974,0.00956,0.02072,0.00189,344.76000
0.18843,0.20529,0.71706,0.99974,0.00956,0.02072,0.00189,344.77600
0.18843,0.20529,0.71707,0.99974,0.00956,0.02072,0.00189,344.78800
0.18843,0.20529,0.71708,0.99974,0.00956,0.02072,0.00189,344.79600
0.18843,0.20529,0.71708,0.99974,0.00956,0.02072,0.00189,344.80000
0.18843,0.20529,0.71708,0.99974,0.00956,0.02072,0.00189,344.80000
0.18843,0.20529,0.71708,0.99974,0.00956,0.02072,0.00189,344.80400
0.18843,0.20530,0.37228,0.99974,0.00956,0.02072,0.00189,0.00400
0.18843,0.20530,0.37229,0.99974,0.00956,0.02072,0.00189,0.01200
0.18843,0.20530,0.37230,0.99974,0.00956,0.02072,0.00189,0.02400
0.18843,0.20530,0.37232,0.99974,0.00956,0.02072,0.00189,0.04000
0.18843,0.20530,0.37234,0.99974,0.00956,0.02072,0.00189,0.06000
0.18843,0.20530,0.37236,0.99974,0.00956,0.02072,0.00189,0.08400
0.18843,0.20530,0.37239,0.99974,0.00956,0.02072,0.00189,0.11200
0.18843,0.20530,0.37242,0.99974,0.00956,0.02072,0.00189,0.14400
0.18843,0.20530,0.37246,0.99974,0.00956,0.02072,0.00189,0.18000
0.18843,0.20530,0.37250,0.99974,0.00956,0.02072,0.00189,0.22000
0.18843,0.20530,0.37254,0.99974,0.00956,0.02072,0.00189,0.26400
0.18843,0.20530,0.37259,0.99974,0.00956,0.02072,0.00189,0.31200
0.18843,0.20530,0.37264,0.99974,0.00956,0.02072,0.00189,0.36400
0.18843,0.20530,0.37270,0.99974,0.00956,0.02072,0.00189,0.42000
0.18843,0.20530,0.37276,0.99974,0.00956,0.02072,0.00189,0.48000
0.18843,0.20530,0.37282,0.99974,0.00956,0.02072,0.00189,0.54400
0.18843,0.20530,0.37289,0.99974,0.00956,0.02072,0.00189,0.61200
0.18843,0.20530,0.37296,0.99974,0.00956,0.02072,0.00189,0.68400
0.18843,0.20530,0.37304,0.99974,0.00956,0.02072,0.00189,0.76000
0.18843,0.20530,0.37312,0.99974,0.00956,0.02072,0.00189,0.84000
0.18843,0.20530,0.37320,0.99974,0.00956,0.02072,0.00189,0.92400
0.18843,0.20530,0.37329,0.99974,0.00956,0.02072,0.00189,1.01200
0.18843,0.20530,0.37338,0.99974,0.00956,0.02072,0.00189,1.10400
0.18843,0.20530,0.37348,0.99974,0.00956,0.02072,0.00189,1.20000
0.18843,0.20530,0.37358,0.99974,0.00956,0.02072,0.00189,1.30000
0.18843,0.20530,0.37368,0.99974,0.00956,0.02072,0.00189,1.40400
0.18843,0.20530,0.37379,0.99974,0.00956,0.02072,0.00189,1.51200
0.18843,0.20530,0.37390,0.99974,0.00956,0.02072,0.00189,1.62400
0.18843,0.20530,0.37402,0.99974,0.00956,0.02072,0.00189,1.74000
0.18843,0.20530,0.37414,0.99974,0.00956,0.02072,0.00189,1.86000
0.18843,0.20530,0.37426,0.99974,0.00956,0.02072,0.00189,1.98400
0.18843,0.20530,0.37439,0.99974,0.00956,0.02072,0.00189,2.11200
0.18843,0.20530,0.37452,0.99974,0.00956,0.02072,0.00189,2.24400
0.18843,0.20530,0.37466,0.99974,0.00956,0.02072,0.00189,2.38000
0.18843,0.20530,0.37480,0.99974,0.00956,0.02072,0.00189,2.52000
0.18843,0.20530,0.37494,0.99974,0.00956,0.02072,0.00189,2.66400
0.18843,0.20530,0.37509,0.99974,0.00956,0.02072,0.00189,2.81200
0.18843,0.20530,0.37524,0.99974,0.00956,0.02072,0.00189,2.96400
0.18843,0.20530,0.37540,0.99974,0.00956,0.02072,0.00189,3.12000
0.18843,0.20530,0.37556,0.99974,0.00956,0.02072,0.00189,3.28000
0.18843,0.20530,0.37572,0.99974,0.00956,0.02072,0.00189,3.44400
0.18843,0.20530,0.37589,0.99974,0.00956,0.02072,0.00189,3.61200
0.18843,0.20530,0.37606,0.99974,0.00956,0.02072,0.00189,3.78400
0.18843,0.20530,0.37624,0.99974,0.00956,0.02072,0.00189,3.96000
0.18843,0.20530,0.37642,0.99974,0.00956,0.02072,0.00189,4.14000
0.18843,0.20530,0.37660,0.99974,0.00956,0.02072,0.00189,4.32400
0.18843,0.20530,0.37679,0.99974,0.00956,0.02072,0.00189,4.51200
0.18843,0.20530,0.37698,0.99974,0.00956,0.02072,0.00189,4.70400
0.18843,0.20530,0.37718,0.99974,0.00956,0.02072,0.00189,4.90000
0.18843,0.20530,0.37738,0.99974,0.00956,0.02072,0.00189,5.10000
0.18843,0.20530,0.37758,0.99974,0.00956,0.02072,0.00189,5.30000
0.18843,0.20530,0.37778,0.99974,0.00956,0.02072,0.00189,5.50000
0.18843,0.20530,0.37798,0.99974,0.00956,0.02072,0.00189,5.70000
0.18843,0.20530,0.37818,0.99974,0.00956,0.02072,0.00189,5.90000
0.18843,0.20530,0.37838,0.99974,0.00956,0.02072,0.00189,6.10000
0.18843,0.20530,0.37858,0.99974,0.00956,0.02072,0.00189,6.30000
0.18843,0.20530,0.37878,0.99974,0.00956,0.02072,0.00189,6.50000
0.18843,0.20530,0.37898,0.99974,0.00956,0.02072,0.00189,6.70000
0.18843,0.20530,0.37918,0.99974,0.00956,0.02072,0.00189,6.90000
0.18843,0.20530,0.37938,0.99974,0.00956,0.02072,0.00189,7.10000
0.18843,0.20530,0.37958,0.99974,0.00956,0.02072,0.00189,7.30000
0.18843,0.20530,0.37978,0.99974,0.00956,0.02072,0.00189,7.50000
0.18843,0.20530,0.37998,0.99974,0.00956,0.02072,0.00189,7.70000
0.18843,0.20530,0.38018,0.99974,0.00956,0.02072,0.00189,7.90000
0.18843,0.20530,0.38038,0.99974,0.00956,0.02072,0.00189,8.10000
0.18843,0.20530,0.38058,0.99974,0.00956,0.02072,0.00189,8.30000
0.18843,0.20530,0.38078,0.99974,0.00956,0.02072,0.00189,8.50000
0.18843,0.20530,0.38098,0.99974,0.00956,0.02072,0.00189,8.70000
0.18843,0.20530,0.38118,0.99974,0.00956,0.02072,0.00189,8.90000
0.18843,0.20530,0.38138,0.99974,0.00956,0.02072,0.00189,9.10000
0.18843,0.20530,0.38158,0.99974,0.00956,0.02072,0.00189,9.30000
0.18843,0.20530,0.38178,0.99974,0.00956,0.02072,0.00189,9.50000
0.18843,0.20530,0.38198,0.99974,0.00956,0.02072,0.00189,9.70000
0.18843,0.20530,0.38218,0.99974,0.00956,0.02072,0.00189,9.90000
0.18843,0.20530,0.38238,0.99974,0.00956,0.02072,0.00189,10.10000
0.18843,0.20530,0.38258,0.99974,0.00956,0.02072,0.00189,10.30000
0.18843,0.20530,0.38278,0.99974,0.00956,0.02072,0.00189,10.50000
0.18843,0.20530,0.38298,0.99974,0.00956,0.02072,0.00189,10.70000
0.18843,0.20530,0.38318,0.99974,0.00956,0.02072,0.00189,10.90000
0.18843,0.20530,0.38338,0.99974,0.00956,0.02072,0.00189,11.10000
0.18843,0.20530,0.38358,0.99974,0.00956,0.02072,0.00189,11.30000
0.18843,0.20530,0.38378,0.99974,0.00956,0.02072,0.00189,11.50000
0.18843,0.20530,0.38398,0.99974,0.00956,0.02072,0.00189,11.70000
0.18843,0.20530,0.38418,0.99974,0.00956,0.02072,0.00189,11.90000
0.18843,0.20530,0.38438,0.99974,0.00956,0.02072,0.00189,12.10000
0.18843,0.20530,0.38458,0.99974,0.00956,0.02072,0.00189,12.30000
0.18843,0.20530,0.38478,0.99974,0.00956,0.02072,0.00189,12.50000
0.18843,0.20530,0.38498,0.99974,0.00956,0.02072,0.00189,12.70000
0.18843,0.20530,0.38518,0.99974,0.00956,0.02072,0.00189,12.90000
0.18843,0.20530,0.38538,0.99974,0.00956,0.02072,0.00189,13.10000
0.18843,0.20530,0.38558,0.99974,0.00956,0.02072,0.00189,13.30000
0.18843,0.20530,0.38578,0.99974,0.00956,0.02072,0.00189,13.50000
0.18843,0.20530,0.38598,0.99974,0.00956,0.02072,0.00189,13.70000
0.18843,0.20530,0.38618,0.99974,0.00956,0.02072,0.00189,13.90000
0.18843,0.20530,0.38638,0.99974,0.00956,0.02072,0.00189,14.10000
0.18843,0.20530,0.38658,0.99974,0.00956,0.02072,0.00189,14.30000
0.18843,0.20530,0.38678,0.99974,0.00956,0.02072,0.00189,14.50000
0.18843,0.20530,0.38698,0.99974,0.00956,0.02072,0.00189,14.70000
0.18843,0.20530,0.38718,0.99974,0.00956,0.02072,0.00189,14.90000
0.18843,0.20530,0.38738,0.99974,0.00956,0.02072,0.00189,15.10000
0.18843,0.20530,0.38758,0.99974,0.00956,0.02072,0.00189,15.30000
0.18843,0.20530,0.38778,0.99974,0.00956,0.02072,0.00189,15.50000
0.18843,0.20530,0.38798,0.99974,0.00956,0.02072,0.00189,15.70000
0.18843,0.20530,0.38818,0.99974,0.00956,0.02072,0.00189,15.90000
0.18843,0.20530,0.38838,0.99974,0.00956,0.02072,0.00189,16.10000
0.18843,0.20530,0.38858,0.99974,0.00956,0.02072,0.00189,16.30000
0.18843,0.20530,0.38878,0.99974,0.00956,0.02072,0.00189,16.50000
0.18843,0.20530,0.38898,0.99974,0.00956,0.02072,0.00189,16.70000
0.18843,0.20530,0.38918,0.99974,0.00956,0.02072,0.00189,16.90000
0.18843,0.20530,0.38938,0.99974,0.00956,0.02072,0.00189,17.10000
0.18843,0.20530,0.38958,0.99974,0.00956,0.02072,0.00189,17.30000
0.18843,0.20530,0.38978,0.99974,0.00956,0.02072,0.00189,17.50000
0.18843,0.20530,0.38998,0.99974,0.00956,0.02072,0.00189,17.70000
0.18843,0.20530,0.39018,0.99974,0.00956,0.02072,0.00189,17.90000
0.18843,0.20530,0.39038,0.99974,0.00956,0.02072,0.00189,18.10000
0.18843,0.20530,0.39058,0.99974,0.00956,0.02072,0.00189,18.30000
0.18843,0.20530,0.39078,0.99974,0.00956,0.02072,0.00189,18.50000
0.18843,0.20530,0.39098,0.99974,0.00956,0.02072,0.00189,18.70000
0.18843,0.20530,0.39118,0.99974,0.00956,0.02072,0.00189,18.90000
0.18843,0.20530,0.39138,0.99974,0.00956,0.02072,0.00189,19.10000
0.18843,0.20530,0.39158,0.99974,0.00956,0.02072,0.00189,19.30000
0.18843,0.20530,0.39178,0.99974,0.00956,0.02072,0.00189,19.50000
0.18843,0.20530,0.39198,0.99974,0.00956,0.02072,0.00189,19.70000
0.18843,0.20530,0.39218,0.99974,0.00956,0.02072,0.00189,19.90000
0.18843,0.20530,0.39238,0.99974,0.00956,0.02072,0.00189,20.10000
0.18843,0.20530,0.39258,0.99974,0.00956,0.02072,0.00189,20.30000
0.18843,0.20530,0.39278,0.99974,0.00956,0.02072,0.00189,20.50000
0.18843,0.20530,0.39298,0.99974,0.00956,0.02072,0.00189,20.70000
0.18843,0.20530,0.39318,0.99974,0.00956,0.02072,0.00189,20.90000
0.18843,0.20530,0.39338,0.99974,0.00956,0.02072,0.00189,21.10000
0.18843,0.20530,0.39358,0.99974,0.00956,0.02072,0.00189,21.30000
0.18843,0.20530,0.39378,0.99974,0.00956,0.02072,0.00189,21.50000
0.18843,0.20530,0.39398,0.99974,0.00956,0.02072,0.00189,21.70000
0.18843,0.20530,0.39418,0.99974,0.00956,0.02072,0.00189,21.90000
0.18843,0.20530,0.39438,0.99974,0.00956,0.02072,0.00189,22.10000
0.18843,0.20530,0.39458,0.99974,0.00956,0.02072,0.00189,22.30000
0.18843,0.20530,0.39478,0.99974,0.00956,0.02072,0.00189,22.50000
0.18843,0.20530,0.39498,0.99974,0.00956,0.02072,0.00189,22.70000
0.18843,0.20530,0.39518,0.99974,0.00956,0.02072,0.00189,22.90000
0.18843,0.20530,0.39538,0.99974,0.00956,0.02072,0.00189,23.10000
0.18843,0.20530,0.39558,0.99974,0.00956,0.02072,0.00189,23.30000
0.18843,0.20530,0.39578,0.99974,0.00956,0.02072,0.00189,23.50000
0.18843,0.20530,0.39598,0.99974,0.00956,0.02072,0.00189,23.70000
0.18843,0.20530,0.39618,0.99974,0.00956,0.02072,0.00189,23.90000
0.18843,0.20530,0.39638,0.99974,0.00956,0.02072,0.00189,24.10000
0.18843,0.20530,0.39658,0.99974,0.00956,0.02072,0.00189,24.30000
0.18843,0.20530,0.39678,0.99974,0.00956,0.02072,0.00189,24.50000
0.18843,0.20530,0.39698,0.99974,0.00956,0.02072,0.00189,24.70000
0.18843,0.20530,0.39718,0.99974,0.00956,0.02072,0.00189,24.90000
0.18843,0.20530,0.39738,0.99974,0.00956,0.02072,0.00189,25.10000
0.18843,0.20530,0.39758,0.99974,0.00956,0.02072,0.00189,25.30000
0.18843,0.20530,0.39778,0.99974,0.00956,0.02072,0.00189,25.50000
0.18843,0.20530,0.39798,0.99974,0.00956,0.02072,0.00189,25.70000
0.18843,0.20530,0.39818,0.99974,0.00956,0.02072,0.00189,25.90000
0.18843,0.20530,0.39838,0.99974,0.00956,0.02072,0.00189,26.10000
0.18843,0.20530,0.39858,0.99974,0.00956,0.02072,0.00189,26.30000
0.18843,0.20530,0.39878,0.99974,0.00956,0.02072,0.00189,26.50000
0.18843,0.20530,0.39898,0.99974,0.00956,0.02072,0.00189,26.70000
0.18843,0.20530,0.39918,0.99974,0.00956,0.02072,0.00189,26.90000
0.18843,0.20530,0.39938,0.99974,0.00956,0.02072,0.00189,27.10000
0.18843,0.20530,0.39958,0.99974,0.00956,0.02072,0.00189,27.30000
0.18843,0.20530,0.39978,0.99974,0.00956,0.02072,0.00189,27.50000
0.18843,0.20530,0.39998,0.99974,0.00956,0.02072,0.00189,27.70000
0.18843,0.20530,0.40018,0.99974,0.00956,0.02072,0.00189,27.90000
0.18843,0.20530,0.40038,0.99974,0.00956,0.02072,0.00189,28.10000
0.18843,0.20530,0.40058,0.99974,0.00956,0.02072,0.00189,28.30000
0.18843,0.20530,0.40078,0.99974,0.00956,0.02072,0.00189,28.50000
0.18843,0.20530,0.40098,0.99974,0.00956,0.02072,0.00189,28.70000
0.18843,0.20530,0.40118,0.99974,0.00956,0.02072,0.00189,28.90000
0.18843,0.20530,0.40138,0.99974,0.00956,0.02072,0.00189,29.10000
0.18843,0.20530,0.40158,0.99974,0.00956,0.02072,0.00189,29.30000
0.18843,0.20530,0.40178,0.99974,0.00956,0.02072,0.00189,29.50000
0.18843,0.20530,0.40198,0.99974,0.00956,0.02072,0.00189,29.70000
0.18843,0.20530,0.40218,0.99974,0.00956,0.02072,0.00189,29.90000
0.18843,0.20530,0.40238,0.99974,0.00956,0.02072,0.00189,30.10000
0.18843,0.20530,0.40258,0.99974,0.00956,0.02072,0.00189,30.30000
0.18843,0.20530,0.40278,0.99974,0.00956,0.02072,0.00189,30.50000
0.18843,0.20530,0.40298,0.99974,0.00956,0.02072,0.00189,30.70000
0.18843,0.20530,0.40318,0.99974,0.00956,0.02072,0.00189,30.90000
0.18843,0.20530,0.40338,0.99974,0.00956,0.02072,0.00189,31.10000
0.18843,0.20530,0.40358,0.99974,0.00956,0.02072,0.00189,31.30000
0.18843,0.20530,0.40378,0.99974,0.00956,0.02072,0.00189,31.50000
0.18843,0.20530,0.40398,0.99974,0.00956,0.02072,0.00189,31.70000
0.18843,0.20530,0.40418,0.99974,0.00956,0.02072,0.00189,31.90000
0.18843,0.20530,0.40438,0.99974,0.00956,0.02072,0.00189,32.10000
0.18843,0.20530,0.40458,0.99974,0.00956,0.02072,0.00189,32.30000
0.18843,0.20530,0.40478,0.99974,0.00956,0.02072,0.00189,32.50000
0.18843,0.20530,0.40498,0.99974,0.00956,0.02072,0.00189,32.70000
0.18843,0.20530,0.40518,0.99974,0.00956,0.02072,0.00189,32.90000
0.18843,0.20530,0.40538,0.99974,0.00956,0.02072,0.00189,33.10000
0.18843,0.20530,0.40558,0.99974,0.00956,0.02072,0.00189,33.30000
0.18843,0.20530,0.40578,0.99974,0.00956,0.02072,0.00189,33.50000
0.18843,0.20530,0.40598,0.99974,0.00956,0.02072,0.00189,33.70000
0.18843,0.20530,0.40618,0.99974,0.00956,0.02072,0.00189,33.90000
0.18843,0.20530,0.40638,0.99974,0.00956,0.02072,0.00189,34.10000
0.18843,0.20530,0.40658,0.99974,0.00956,0.02072,0.00189,34.30000
0.18843,0.20530,0.40678,0.99974,0.00956,0.02072,0.00189,34.50000
0.18843,0.20530,0.40698,0.99974,0.00956,0.02072,0.00189,34.70000
0.18843,0.20530,0.40718,0.99974,0.00956,0.02072,0.00189,34.90000
0.18843,0.20530,0.40738,0.99974,0.00956,0.02072,0.00189,35.10000
0.18843,0.20530,0.40758,0.99974,0.00956,0.02072,0.00189,35.30000
0.18843,0.20530,0.40778,0.99974,0.00956,0.02072,0.00189,35.50000
0.18843,0.20530,0.40798,0.99974,0.00956,0.02072,0.00189,35.70000
0.18843,0.20530,0.40818,0.99974,0.00956,0.02072,0.00189,35.90000
0.18843,0.20530,0.40838,0.99974,0.00956,0.02072,0.00189,36.10000
0.18843,0.20530,0.40858,0.99974,0.00956,0.02072,0.00189,36.30000
0.18843,0.20530,0.40878,0.99974,0.00956,0.02072,0.00189,36.50000
0.18843,0.20530,0.40898,0.99974,0.00956,0.02072,0.00189,36.70000
0.18843,0.20530,0.40918,0.99974,0.00956,0.02072,0.00189,36.90000
0.18843,0.20530,0.40938,0.99974,0.00956,0.02072,0.00189,37.10000
0.18843,0.20530,0.40958,0.99974,0.00956,0.02072,0.00189,37.30000
0.18843,0.20530,0.40978,0.99974,0.00956,0.02072,0.00189,37.50000
0.18843,0.20530,0.40998,0.99974,0.00956,0.02072,0.00189,37.70000
0.18843,0.20530,0.41018,0.99974,0.00956,0.02072,0.00189,37.90000
0.18843,0.20530,0.41038,0.99974,0.00956,0.02072,0.00189,38.10000
0.18843,0.20530,0.41058,0.99974,0.00956,0.02072,0.00189,38.30000
0.18843,0.20530,0.41078,0.99974,0.00956,0.02072,0.00189,38.50000
0.18843,0.20530,0.41098,0.99974,0.00956,0.02072,0.00189,38.70000
0.18843,0.20530,0.41118,0.99974,0.00956,0.02072,0.00189,38.90000
0.18843,0.20530,0.41138,0.99974,0.00956,0.02072,0.00189,39.10000
0.18843,0.20530,0.41158,0.99974,0.00956,0.02072,0.00189,39.30000
0.18843,0.20530,0.41178,0.99974,0.00956,0.02072,0.00189,39.50000
0.18843,0.20530,0.41198,0.99974,0.00956,0.02072,0.00189,39.70000
0.18843,0.20530,0.41218,0.99974,0.00956,0.02072,0.00189,39.90000
0.18843,0.20530,0.41238,0.99974,0.00956,0.02072,0.00189,40.10000
0.18843,0.20530,0.41258,0.99974,0.00956,0.02072,0.00189,40.30000
0.18843,0.20530,0.41278,0.99974,0.00956,0.02072,0.00189,40.50000
0.18843,0.20530,0.41298,0.99974,0.00956,0.02072,0.00189,40.70000
0.18843,0.20530,0.41318,0.99974,0.00956,0.02072,0.00189,40.90000
0.18843,0.20530,0.41338,0.99974,0.00956,0.02072,0.00189,41.10000
0.18843,0.20530,0.41358,0.99974,0.00956,0.02072,0.00189,41.30000
0.18843,0.20530,0.41378,0.99974,0.00956,0.02072,0.00189,41.50000
0.18843,0.20530,0.41398,0.99974,0.00956,0.02072,0.00189,41.70000
0.18843,0.20530,0.41418,0.99974,0.00956,0.02072,0.00189,41.90000
0.18843,0.20530,0.41438,0.99974,0.00956,0.02072,0.00189,42.10000
0.18843,0.20530,0.41458,0.99974,0.00956,0.02072,0.00189,42.30000
0.18843,0.20530,0.41478,0.99974,0.00956,0.02072,0.00189,42.50000
0.18843,0.20530,0.41498,0.99974,0.00956,0.02072,0.00189,42.70000
0.18843,0.20530,0.41518,0.99974,0.00956,0.02072,0.00189,42.90000
0.18843,0.20530,0.41538,0.99974,0.00956,0.02072,0.00189,43.10000
0.18843,0.20530,0.41558,0.99974,0.00956,0.02072,0.00189,43.30000
0.18843,0.20530,0.41578,0.99974,0.00956,0.02072,0.00189,43.50000
0.18843,0.20530,0.41598,0.99974,0.00956,0.02072,0.00189,43.70000
0.18843,0.20530,0.41618,0.99974,0.00956,0.02072,0.00189,43.90000
0.18843,0.20530,0.41638,0.99974,0.00956,0.02072,0.00189,44.10000
0.18843,0.20530,0.41658,0.99974,0.00956,0.02072,0.00189,44.30000
0.18843,0.20530,0.41678,0.99974,0.00956,0.02072,0.00189,44.50000
0.18843,0.20530,0.41698,0.99974,0.00956,0.02072,0.00189,44.70000
0.18843,0.20530,0.41718,0.99974,0.00956,0.02072,0.00189,44.90000
0.18843,0.20530,0.41738,0.99974,0.00956,0.02072,0.00189,45.10000
0.18843,0.20530,0.41758,0.99974,0.00956,0.02072,0.00189,45.30000
0.18843,0.20530,0.41778,0.99974,0.00956,0.02072,0.00189,45.50000
0.18843,0.20530,0.41798,0.99974,0.00956,0.02072,0.00189,45.70000
0.18843,0.20530,0.41818,0.99974,0.00956,0.02072,0.00189,45.90000
0.18843,0.20530,0.41838,0.99974,0.00956,0.02072,0.00189,46.10000
0.18843,0.20530,0.41858,0.99974,0.00956,0.02072,0.00189,46.30000
0.18843,0.20530,0.41878,0.99974,0.00956,0.02072,0.00189,46.50000
0.18843,0.20530,0.41898,0.99974,0.00956,0.02072,0.00189,46.70000
0.18843,0.20530,0.41918,0.99974,0.00956,0.02072,0.00189,46.90000
0.18843,0.20530,0.41938,0.99974,0.00956,0.02072,0.00189,47.10000
0.18843,0.20530,0.41958,0.99974,0.00956,0.02072,0.00189,47.30000
0.18843,0.20530,0.41978,0.99974,0.00956,0.02072,0.00189,47.50000
0.18843,0.20530,0.41998,0.99974,0.00956,0.02072,0.00189,47.70000
0.18843,0.20530,0.42018,0.99974,0.00956,0.02072,0.00189,47.90000
0.18843,0.20530,0.42038,0.99974,0.00956,0.02072,0.00189,48.10000
0.18843,0.20530,0.42058,0.99974,0.00956,0.02072,0.00189,48.30000
0.18843,0.20530,0.42078,0.99974,0.00956,0.02072,0.00189,48.50000
0.18843,0.20530,0.42098,0.99974,0.00956,0.02072,0.00189,48.70000
0.18843,0.20530,0.42118,0.99974,0.00956,0.02072,0.00189,48.90000
0.18843,0.20530,0.42138,0.99974,0.00956,0.02072,0.00189,49.10000
0.18843,0.20530,0.42158,0.99974,0.00956,0.02072,0.00189,49.30000
0.18843,0.20530,0.42178,0.99974,0.00956,0.02072,0.00189,49.50000
0.18843,0.20530,0.42198,0.99974,0.00956,0.02072,0.00189,49.70000
0.18843,0.20530,0.42218,0.99974,0.00956,0.02072,0.00189,49.90000
0.18843,0.20530,0.42238,0.99974,0.00956,0.02072,0.00189,50.10000
0.18843,0.20530,0.42258,0.99974,0.00956,0.02072,0.00189,50.30000
0.18843,0.20530,0.42278,0.99974,0.00956,0.02072,0.00189,50.50000
0.18843,0.20530,0.42298,0.99974,0.00956,0.02072,0.00189,50.70000
0.18843,0.20530,0.42318,0.99974,0.00956,0.02072,0.00189,50.90000
0.18843,0.20530,0.42338,0.99974,0.00956,0.02072,0.00189,51.10000
0.18843,0.20530,0.42358,0.99974,0.00956,0.02072,0.00189,51.30000
0.18843,0.20530,0.42378,0.99974,0.00956,0.02072,0.00189,51.50000
0.18843,0.20530,0.42398,0.99974,0.00956,0.02072,0.00189,51.70000
0.18843,0.20530,0.42418,0.99974,0.00956,0.02072,0.00189,51.90000
0.18843,0.20530,0.42438,0.99974,0.00956,0.02072,0.00189,52.10000
0.18843,0.20530,0.42458,0.99974,0.00956,0.02072,0.00189,52.30000
0.18843,0.20530,0.42478,0.99974,0.00956,0.02072,0.00189,52.50000
0.18843,0.20530,0.42498,0.99974,0.00956,0.02072,0.00189,52.70000
0.18843,0.20530,0.42518,0.99974,0.00956,0.02072,0.00189,52.90000
0.18843,0.20530,0.42538,0.99974,0.00956,0.02072,0.00189,53.10000
0.18843,0.20530,0.42558,0.99974,0.00956,0.02072,0.00189,53.30000
0.18843,0.20530,0.42578,0.99974,0.00956,0.02072,0.00189,53.50000
0.18843,0.20530,0.42598,0.99974,0.00956,0.02072,0.00189,53.70000
0.18843,0.20530,0.42618,0.99974,0.00956,0.02072,0.00189,53.90000
0.18843,0.20530,0.42638,0.99974,0.00956,0.02072,0.00189,54.10000
0.18843,0.20530,0.42658,0.99974,0.00956,0.02072,0.00189,54.30000
0.18843,0.20530,0.42678,0.99974,0.00956,0.02072,0.00189,54.50000
0.18843,0.20530,0.42698,0.99974,0.00956,0.02072,0.00189,54.70000
0.18843,0.20530,0.42718,0.99974,0.00956,0.02072,0.00189,54.90000
0.18843,0.20530,0.42738,0.99974,0.00956,0.02072,0.00189,55.10000
0.18843,0.20530,0.42758,0.99974,0.00956,0.02072,0.00189,55.30000
0.18843,0.20530,0.42778,0.99974,0.00956,0.02072,0.00189,55.50000
0.18843,0.20530,0.42798,0.99974,0.00956,0.02072,0.00189,55.70000
0.18843,0.20530,0.42818,0.99974,0.00956,0.02072,0.00189,55.90000
0.18843,0.20530,0.42838,0.99974,0.00956,0.02072,0.00189,56.10000
0.18843,0.20530,0.42858,0.99974,0.00956,0.02072,0.00189,56.30000
0.18843,0.20530,0.42878,0.99974,0.00956,0.02072,0.00189,56.50000
0.18843,0.20530,0.42898,0.99974,0.00956,0.02072,0.00189,56.70000
0.18843,0.20530,0.42918,0.99974,0.00956,0.02072,0.00189,56.90000
0.18843,0.20530,0.42938,0.99974,0.00956,0.02072,0.00189,57.10000
0.18843,0.20530,0.42958,0.99974,0.00956,0.02072,0.00189,57.30000
0.18843,0.20530,0.42978,0.99974,0.00956,0.02072,0.00189,57.50000
0.18843,0.20530,0.42998,0.99974,0.00956,0.02072,0.00189,57.70000
0.18843,0.20530,0.43018,0.99974,0.00956,0.02072,0.00189,57.90000
0.18843,0.20530,0.43038,0.99974,0.00956,0.02072,0.00189,58.10000
0.18843,0.20530,0.43058,0.99974,0.00956,0.02072,0.00189,58.30000
0.18843,0.20530,0.43078,0.99974,0.00956,0.02072,0.00189,58.50000
0.18843,0.20530,0.43098,0.99974,0.00956,0.02072,0.00189,58.70000
0.18843,0.20530,0.43118,0.99974,0.00956,0.02072,0.00189,58.90000
0.18843,0.20530,0.43138,0.99974,0.00956,0.02072,0.00189,59.10000
0.18843,0.20530,0.43158,0.99974,0.00956,0.02072,0.00189,59.30000
0.18843,0.20530,0.43178,0.99974,0.00956,0.02072,0.00189,59.50000
0.18843,0.20530,0.43198,0.99974,0.00956,0.02072,0.00189,59.70000
0.18843,0.20530,0.43218,0.99974,0.00956,0.02072,0.00189,59.90000
0.18843,0.20530,0.43238,0.99974,0.00956,0.02072,0.00189,60.10000
0.18843,0.20530,0.43258,0.99974,0.00956,0.02072,0.00189,60.30000
0.18843,0.20530,0.43278,0.99974,0.00956,0.02072,0.00189,60.50000
0.18843,0.20530,0.43298,0.99974,0.00956,0.02072,0.00189,60.70000
0.18843,0.20530,0.43318,0.99974,0.00956,0.02072,0.00189,60.90000
0.18843,0.20530,0.43338,0.99974,0.00956,0.02072,0.00189,61.10000
0.18843,0.20530,0.43358,0.99974,0.00956,0.02072,0.00189,61.30000
0.18843,0.20530,0.43378,0.99974,0.00956,0.02072,0.00189,61.50000
0.18843,0.20530,0.43398,0.99974,0.00956,0.02072,0.00189,61.70000
0.18843,0.20530,0.43418,0.99974,0.00956,0.02072,0.00189,61.90000
0.18843,0.20530,0.43438,0.99974,0.00956,0.02072,0.00189,62.10000
0.18843,0.20530,0.43458,0.99974,0.00956,0.02072,0.00189,62.30000
0.18843,0.20530,0.43478,0.99974,0.00956,0.02072,0.00189,62.50000
0.18843,0.20530,0.43498,0.99974,0.00956,0.02072,0.00189,62.70000
0.18843,0.20530,0.43518,0.99974,0.00956,0.02072,0.00189,62.90000
0.18843,0.20530,0.43538,0.99974,0.00956,0.02072,0.00189,63.10000
0.18843,0.20530,0.43558,0.99974,0.00956,0.02072,0.00189,63.30000
0.18843,0.20530,0.43578,0.99974,0.00956,0.02072,0.00189,63.50000
0.18843,0.20530,0.43598,0.99974,0.00956,0.02072,0.00189,63.70000
0.18843,0.20530,0.43618,0.99974,0.00956,0.02072,0.00189,63.90000
0.18843,0.20530,0.43638,0.99974,0.00956,0.02072,0.00189,64.10000
0.18843,0.20530,0.43658,0.99974,0.00956,0.02072,0.00189,64.30000
0.18843,0.20530,0.43678,0.99974,0.00956,0.02072,0.00189,64.50000
0.18843,0.20530,0.43698,0.99974,0.00956,0.02072,0.00189,64.70000
0.18843,0.20530,0.43718,0.99974,0.00956,0.02072,0.00189,64.90000
0.18843,0.20530,0.43738,0.99974,0.00956,0.02072,0.00189,65.10000
0.18843,0.20530,0.43758,0.99974,0.00956,0.02072,0.00189,65.30000
0.18843,0.20530,0.43778,0.99974,0.00956,0.02072,0.00189,65.50000
0.18843,0.20530,0.43798,0.99974,0.00956,0.02072,0.00189,65.70000
0.18843,0.20530,0.43818,0.99974,0.00956,0.02072,0.00189,65.90000
0.18843,0.20530,0.43838,0.99974,0.00956,0.02072,0.00189,66.10000
0.18843,0.20530,0.43858,0.99974,0.00956,0.02072,0.00189,66.30000
0.18843,0.20530,0.43878,0.99974,0.00956,0.02072,0.00189,66.50000
0.18843,0.20530,0.43898,0.99974,0.00956,0.02072,0.00189,66.70000
0.18843,0.20530,0.43918,0.99974,0.00956,0.02072,0.00189,66.90000
0.18843,0.20530,0.43938,0.99974,0.00956,0.02072,0.00189,67.10000
0.18843,0.20530,0.43958,0.99974,0.00956,0.02072,0.00189,67.30000
0.18843,0.20530,0.43978,0.99974,0.00956,0.02072,0.00189,67.50000
0.18843,0.20530,0.43998,0.99974,0.00956,0.02072,0.00189,67.70000
0.18843,0.20530,0.44018,0.99974,0.00956,0.02072,0.00189,67.90000
0.18843,0.20530,0.44038,0.99974,0.00956,0.02072,0.00189,68.10000
0.18843,0.20530,0.44058,0.99974,0.00956,0.02072,0.00189,68.30000
0.18843,0.20530,0.44078,0.99974,0.00956,0.02072,0.00189,68.50000
0.18843,0.20530,0.44098,0.99974,0.00956,0.02072,0.00189,68.70000
0.18843,0.20530,0.44118,0.99974,0.00956,0.02072,0.00189,68.90000
0.18843,0.20530,0.44138,0.99974,0.00956,0.02072,0.00189,69.10000
0.18843,0.20530,0.44158,0.99974,0.00956,0.02072,0.00189,69.30000
0.18843,0.20530,0.44178,0.99974,0.00956,0.02072,0.00189,69.50000
0.18843,0.20530,0.44198,0.99974,0.00956,0.02072,0.00189,69.70000
0.18843,0.20530,0.44218,0.99974,0.00956,0.02072,0.00189,69.90000
0.18843,0.20530,0.44238,0.99974,0.00956,0.02072,0.00189,70.10000
0.18843,0.20530,0.44258,0.99974,0.00956,0.02072,0.00189,70.30000
0.18843,0.20530,0.44278,0.99974,0.00956,0.02072,0.00189,70.50000
0.18843,0.20530,0.44298,0.99974,0.00956,0.02072,0.00189,70.70000
0.18843,0.20530,0.44318,0.99974,0.00956,0.02072,0.00189,70.90000
0.18843,0.20530,0.44338,0.99974,0.00956,0.02072,0.00189,71.10000
0.18843,0.20530,0.44358,0.99974,0.00956,0.02072,0.00189,71.30000
0.18843,0.20530,0.44378,0.99974,0.00956,0.02072,0.00189,71.50000
0.18843,0.20530,0.44398,0.99974,0.00956,0.02072,0.00189,71.70000
0.18843,0.20530,0.44418,0.99974,0.00956,0.02072,0.00189,71.90000
0.18843,0.20530,0.44438,0.99974,0.00956,0.02072,0.00189,72.10000
0.18843,0.20530,0.44458,0.99974,0.00956,0.02072,0.00189,72.30000
0.18843,0.20530,0.44478,0.99974,0.00956,0.02072,0.00189,72.50000
0.18843,0.20530,0.44498,0.99974,0.00956,0.02072,0.00189,72.70000
0.18843,0.20530,0.44518,0.99974,0.00956,0.02072,0.00189,72.90000
0.18843,0.20530,0.44538,0.99974,0.00956,0.02072,0.00189,73.10000
0.18843,0.20530,0.44558,0.99974,0.00956,0.02072,0.00189,73.30000
0.18843,0.20530,0.44578,0.99974,0.00956,0.02072,0.00189,73.50000
0.18843,0.20530,0.44598,0.99974,0.00956,0.02072,0.00189,73.70000
0.18843,0.20530,0.44618,0.99974,0.00956,0.02072,0.00189,73.90000
0.18843,0.20530,0.44638,0.99974,0.00956,0.02072,0.00189,74.10000
0.18843,0.20530,0.44658,0.99974,0.00956,0.02072,0.00189,74.30000
0.18843,0.20530,0.44678,0.99974,0.00956,0.02072,0.00189,74.50000
0.18843,0.20530,0.44698,0.99974,0.00956,0.02072,0.00189,74.70000
0.18843,0.20530,0.44718,0.99974,0.00956,0.02072,0.00189,74.90000
0.18843,0.20530,0.44738,0.99974,0.00956,0.02072,0.00189,75.10000
0.18843,0.20530,0.44758,0.99974,0.00956,0.02072,0.00189,75.30000
0.18843,0.20530,0.44778,0.99974,0.00956,0.02072,0.00189,75.50000
0.18843,0.20530,0.44798,0.99974,0.00956,0.02072,0.00189,75.70000
0.18843,0.20530,0.44818,0.99974,0.00956,0.02072,0.00189,75.90000
0.18843,0.20530,0.44838,0.99974,0.00956,0.02072,0.00189,76.10000
0.18843,0.20530,0.44858,0.99974,0.00956,0.02072,0.00189,76.30000
0.18843,0.20530,0.44878,0.99974,0.00956,0.02072,0.00189,76.50000
0.18843,0.20530,0.44898,0.99974,0.00956,0.02072,0.00189,76.70000
0.18843,0.20530,0.44918,0.99974,0.00956,0.02072,0.00189,76.90000
0.18843,0.20530,0.44938,0.99974,0.00956,0.02072,0.00189,77.10000
0.18843,0.20530,0.44958,0.99974,0.00956,0.02072,0.00189,77.30000
0.18843,0.20530,0.44978,0.99974,0.00956,0.02072,0.00189,77.50000
0.18843,0.20530,0.44998,0.99974,0.00956,0.02072,0.00189,77.70000
0.18843,0.20530,0.45018,0.99974,0.00956,0.02072,0.00189,77.90000
0.18843,0.20530,0.45038,0.99974,0.00956,0.02072,0.00189,78.10000
0.18843,0.20530,0.45058,0.99974,0.00956,0.02072,0.00189,78.30000
0.18843,0.20530,0.45078,0.99974,0.00956,0.02072,0.00189,78.50000
0.18843,0.20530,0.45098,0.99974,0.00956,0.02072,0.00189,78.70000
0.18843,0.20530,0.45118,0.99974,0.00956,0.02072,0.00189,78.90000
0.18843,0.20530,0.45138,0.99974,0.00956,0.02072,0.00189,79.10000
0.18843,0.20530,0.45158,0.99974,0.00956,0.02072,0.00189,79.30000
0.18843,0.20530,0.45178,0.99974,0.00956,0.02072,0.00189,79.50000
0.18843,0.20530,0.45198,0.99974,0.00956,0.02072,0.00189,79.70000
0.18843,0.20530,0.45218,0.99974,0.00956,0.02072,0.00189,79.90000
0.18843,0.20530,0.45238,0.99974,0.00956,0.02072,0.00189,80.10000
0.18843,0.20530,0.45258,0.99974,0.00956,0.02072,0.00189,80.30000
0.18843,0.20530,0.45278,0.99974,0.00956,0.02072,0.00189,80.50000
0.18843,0.20530,0.45298,0.99974,0.00956,0.02072,0.00189,80.70000
0.18843,0.20530,0.45318,0.99974,0.00956,0.02072,0.00189,80.90000
0.18843,0.20530,0.45338,0.99974,0.00956,0.02072,0.00189,81.10000
0.18843,0.20530,0.45358,0.99974,0.00956,0.02072,0.00189,81.30000
0.18843,0.20530,0.45378,0.99974,0.00956,0.02072,0.00189,81.50000
0.18843,0.20530,0.45398,0.99974,0.00956,0.02072,0.00189,81.70000
0.18843,0.20530,0.45418,0.99974,0.00956,0.02072,0.00189,81.90000
0.18843,0.20530,0.45438,0.99974,0.00956,0.02072,0.00189,82.10000
0.18843,0.20530,0.45458,0.99974,0.00956,0.02072,0.00189,82.30000
0.18843,0.20530,0.45478,0.99974,0.00956,0.02072,0.00189,82.50000
0.18843,0.20530,0.45498,0.99974,0.00956,0.02072,0.00189,82.70000
0.18843,0.20530,0.45518,0.99974,0.00956,0.02072,0.00189,82.90000
0.18843,0.20530,0.45538,0.99974,0.00956,0.02072,0.00189,83.10000
0.18843,0.20530,0.45558,0.99974,0.00956,0.02072,0.00189,83.30000
0.18843,0.20530,0.45578,0.99974,0.00956,0.02072,0.00189,83.50000
0.18843,0.20530,0.45598,0.99974,0.00956,0.02072,0.00189,83.70000
0.18843,0.20530,0.45618,0.99974,0.00956,0.02072,0.00189,83.90000
0.18843,0.20530,0.45638,0.99974,0.00956,0.02072,0.00189,84.10000
0.18843,0.20530,0.45658,0.99974,0.00956,0.02072,0.00189,84.30000
0.18843,0.20530,0.45678,0.99974,0.00956,0.02072,0.00189,84.50000
0.18843,0.20530,0.45698,0.99974,0.00956,0.02072,0.00189,84.70000
0.18843,0.20530,0.45718,0.99974,0.00956,0.02072,0.00189,84.90000
0.18843,0.20530,0.45738,0.99974,0.00956,0.02072,0.00189,85.10000
0.18843,0.20530,0.45758,0.99974,0.00956,0.02072,0.00189,85.30000
0.18843,0.20530,0.45778,0.99974,0.00956,0.02072,0.00189,85.50000
0.18843,0.20530,0.45798,0.99974,0.00956,0.02072,0.00189,85.70000
0.18843,0.20530,0.45818,0.99974,0.00956,0.02072,0.00189,85.90000
0.18843,0.20530,0.45838,0.99974,0.00956,0.02072,0.00189,86.10000
0.18843,0.20530,0.45858,0.99974,0.00956,0.02072,0.00189,86.30000
0.18843,0.20530,0.45878,0.99974,0.00956,0.02072,0.00189,86.50000
0.18843,0.20530,0.45898,0.99974,0.00956,0.02072,0.00189,86.70000
0.18843,0.20530,0.45918,0.99974,0.00956,0.02072,0.00189,86.90000
0.18843,0.20530,0.45938,0.99974,0.00956,0.02072,0.00189,87.10000
0.18843,0.20530,0.45958,0.99974,0.00956,0.02072,0.00189,87.30000
0.18843,0.20530,0.45978,0.99974,0.00956,0.02072,0.00189,87.50000
0.18843,0.20530,0.45998,0.99974,0.00956,0.02072,0.00189,87.70000
0.18843,0.20530,0.46018,0.99974,0.00956,0.02072,0.00189,87.90000
0.18843,0.20530,0.46038,0.99974,0.00956,0.02072,0.00189,88.10000
0.18843,0.20530,0.46058,0.99974,0.00956,0.02072,0.00189,88.30000
0.18843,0.20530,0.46078,0.99974,0.00956,0.02072,0.00189,88.50000
0.18843,0.20530,0.46098,0.99974,0.00956,0.02072,0.00189,88.70000
0.18843,0.20530,0.46118,0.99974,0.00956,0.02072,0.00189,88.90000
0.18843,0.20530,0.46138,0.99974,0.00956,0.02072,0.00189,89.10000
0.18843,0.20530,0.46158,0.99974,0.00956,0.02072,0.00189,89.30000
0.18843,0.20530,0.46178,0.99974,0.00956,0.02072,0.00189,89.50000
0.18843,0.20530,0.46198,0.99974,0.00956,0.02072,0.00189,89.70000
0.18843,0.20530,0.46218,0.99974,0.00956,0.02072,0.00189,89.90000
0.18843,0.20530,0.46238,0.99974,0.00956,0.02072,0.00189,90.10000
0.18843,0.20530,0.46258,0.99974,0.00956,0.02072,0.00189,90.30000
0.18843,0.20530,0.46278,0.99974,0.00956,0.02072,0.00189,90.50000
0.18843,0.20530,0.46298,0.99974,0.00956,0.02072,0.00189,90.70000
0.18843,0.20530,0.46318,0.99974,0.00956,0.02072,0.00189,90.90000
0.18843,0.20530,0.46338,0.99974,0.00956,0.02072,0.00189,91.10000
0.18843,0.20530,0.46358,0.99974,0.00956,0.02072,0.00189,91.30000
0.18843,0.20530,0.46378,0.99974,0.00956,0.02072,0.00189,91.50000
0.18843,0.20530,0.46398,0.99974,0.00956,0.02072,0.00189,91.70000
0.18843,0.20530,0.46418,0.99974,0.00956,0.02072,0.00189,91.90000
0.18843,0.20530,0.46438,0.99974,0.00956,0.02072,0.00189,92.10000
0.18843,0.20530,0.46458,0.99974,0.00956,0.02072,0.00189,92.30000
0.18843,0.20530,0.46478,0.99974,0.00956,0.02072,0.00189,92.50000
0.18843,0.20530,0.46498,0.99974,0.00956,0.02072,0.00189,92.70000
0.18843,0.20530,0.46518,0.99974,0.00956,0.02072,0.00189,92.90000
0.18843,0.20530,0.46538,0.99974,0.00956,0.02072,0.00189,93.10000
0.18843,0.20530,0.46558,0.99974,0.00956,0.02072,0.00189,93.30000
0.18843,0.20530,0.46578,0.99974,0.00956,0.02072,0.00189,93.50000
0.18843,0.20530,0.46598,0.99974,0.00956,0.02072,0.00189,93.70000
0.18843,0.20530,0.46618,0.99974,0.00956,0.02072,0.00189,93.90000
0.18843,0.20530,0.46638,0.99974,0.00956,0.02072,0.00189,94.10000
0.18843,0.20530,0.46658,0.99974,0.00956,0.02072,0.00189,94.30000
0.18843,0.20530,0.46678,0.99974,0.00956,0.02072,0.00189,94.50000
0.18843,0.20530,0.46698,0.99974,0.00956,0.02072,0.00189,94.70000
0.18843,0.20530,0.46718,0.99974,0.00956,0.02072,0.00189,94.90000
0.18843,0.20530,0.46738,0.99974,0.00956,0.02072,0.00189,95.10000
0.18843,0.20530,0.46758,0.99974,0.00956,0.02072,0.00189,95.30000
0.18843,0.20530,0.46778,0.99974,0.00956,0.02072,0.00189,95.50000
0.18843,0.20530,0.46798,0.99974,0.00956,0.02072,0.00189,95.70000
0.18843,0.20530,0.46818,0.99974,0.00956,0.02072,0.00189,95.90000
0.18843,0.20530,0.46838,0.99974,0.00956,0.02072,0.00189,96.10000
0.18843,0.20530,0.46858,0.99974,0.00956,0.02072,0.00189,96.30000
0.18843,0.20530,0.46878,0.99974,0.00956,0.02072,0.00189,96.50000
0.18843,0.20530,0.46898,0.99974,0.00956,0.02072,0.00189,96.70000
0.18843,0.20530,0.46918,0.99974,0.00956,0.02072,0.00189,96.90000
0.18843,0.20530,0.46938,0.99974,0.00956,0.02072,0.00189,97.10000
0.18843,0.20530,0.46958,0.99974,0.00956,0.02072,0.00189,97.30000
0.18843,0.20530,0.46978,0.99974,0.00956,0.02072,0.00189,97.50000
0.18843,0.20530,0.46998,0.99974,0.00956,0.02072,0.00189,97.70000
0.18843,0.20530,0.47018,0.99974,0.00956,0.02072,0.00189,97.90000
0.18843,0.20530,0.47038,0.99974,0.00956,0.02072,0.00189,98.10000
0.18843,0.20530,0.47058,0.99974,0.00956,0.02072,0.00189,98.30000
0.18843,0.20530,0.47078,0.99974,0.00956,0.02072,0.00189,98.50000
0.18843,0.20530,0.47098,0.99974,0.00956,0.02072,0.00189,98.70000
0.18843,0.20530,0.47118,0.99974,0.00956,0.02072,0.00189,98.90000
0.18843,0.20530,0.47138,0.99974,0.00956,0.02072,0.00189,99.10000
0.18843,0.20530,0.47158,0.99974,0.00956,0.02072,0.00189,99.30000
0.18843,0.20530,0.47178,0.99974,0.00956,0.02072,0.00189,99.50000
0.18843,0.20530,0.47198,0.99974,0.00956,0.02072,0.00189,99.70000
0.18843,0.20530,0.47218,0.99974,0.00956,0.02072,0.00189,99.90000
0.18843,0.20530,0.47238,0.99974,0.00956,0.02072,0.00189,100.10000
0.18843,0.20530,0.47258,0.99974,0.00956,0.02072,0.00189,100.30000
0.18843,0.20530,0.47278,0.99974,0.00956,0.02072,0.00189,100.50000
0.18843,0.20530,0.47298,0.99974,0.00956,0.02072,0.00189,100.70000
0.18843,0.20530,0.47318,0.99974,0.00956,0.02072,0.00189,100.90000
0.18843,0.20530,0.47338,0.99974,0.00956,0.02072,0.00189,101.10000
0.18843,0.20530,0.47358,0.99974,0.00956,0.02072,0.00189,101.30000
0.18843,0.20530,0.47378,0.99974,0.00956,0.02072,0.00189,101.50000
0.18843,0.20530,0.47398,0.99974,0.00956,0.02072,0.00189,101.70000
0.18843,0.20530,0.47418,0.99974,0.00956,0.02072,0.00189,101.90000
0.18843,0.20530,0.47438,0.99974,0.00956,0.02072,0.00189,102.10000
0.18843,0.20530,0.47458,0.99974,0.00956,0.02072,0.00189,102.30000
0.18843,0.20530,0.47478,0.99974,0.00956,0.02072,0.00189,102.50000
0.18843,0.20530,0.47498,0.99974,0.00956,0.02072,0.00189,102.70000
0.18843,0.20530,0.47518,0.99974,0.00956,0.02072,0.00189,102.90000
0.18843,0.20530,0.47538,0.99974,0.00956,0.02072,0.00189,103.10000
0.18843,0.20530,0.47558,0.99974,0.00956,0.02072,0.00189,103.30000
0.18843,0.20530,0.47578,0.99974,0.00956,0.02072,0.00189,103.50000
0.18843,0.20530,0.47598,0.99974,0.00956,0.02072,0.00189,103.70000
0.18843,0.20530,0.47618,0.99974,0.00956,0.02072,0.00189,103.90000
0.18843,0.20530,0.47638,0.99974,0.00956,0.02072,0.00189,104.10000
0.18843,0.20530,0.47658,0.99974,0.00956,0.02072,0.00189,104.30000
0.18843,0.20530,0.47678,0.99974,0.00956,0.02072,0.00189,104.50000
0.18843,0.20530,0.47698,0.99974,0.00956,0.02072,0.00189,104.70000
0.18843,0.20530,0.47718,0.99974,0.00956,0.02072,0.00189,104.90000
0.18843,0.20530,0.47738,0.99974,0.00956,0.02072,0.00189,105.10000
0.18843,0.20530,0.47758,0.99974,0.00956,0.02072,0.00189,105.30000
0.18843,0.20530,0.47778,0.99974,0.00956,0.02072,0.00189,105.50000
0.18843,0.20530,0.47798,0.99974,0.00956,0.02072,0.00189,105.70000
0.18843,0.20530,0.47818,0.99974,0.00956,0.02072,0.00189,105.90000
0.18843,0.20530,0.47838,0.99974,0.00956,0.02072,0.00189,106.10000
0.18843,0.20530,0.47858,0.99974,0.00956,0.02072,0.00189,106.30000
0.18843,0.20530,0.47878,0.99974,0.00956,0.02072,0.00189,106.50000
0.18843,0.20530,0.47898,0.99974,0.00956,0.02072,0.00189,106.70000
0.18843,0.20530,0.47918,0.99974,0.00956,0.02072,0.00189,106.90000
0.18843,0.20530,0.47938,0.99974,0.00956,0.02072,0.00189,107.10000
0.18843,0.20530,0.47958,0.99974,0.00956,0.02072,0.00189,107.30000
0.18843,0.20530,0.47978,0.99974,0.00956,0.02072,0.00189,107.50000
0.18843,0.20530,0.47998,0.99974,0.00956,0.02072,0.00189,107.70000
0.18843,0.20530,0.48018,0.99974,0.00956,0.02072,0.00189,107.90000
0.18843,0.20530,0.48038,0.99974,0.00956,0.02072,0.00189,108.10000
0.18843,0.20530,0.48058,0.99974,0.00956,0.02072,0.00189,108.30000
0.18843,0.20530,0.48078,0.99974,0.00956,0.02072,0.00189,108.50000
0.18843,0.20530,0.48098,0.99974,0.00956,0.02072,0.00189,108.70000
0.18843,0.20530,0.48118,0.99974,0.00956,0.02072,0.00189,108.90000
0.18843,0.20530,0.48138,0.99974,0.00956,0.02072,0.00189,109.10000
0.18843,0.20530,0.48158,0.99974,0.00956,0.02072,0.00189,109.30000
0.18843,0.20530,0.48178,0.99974,0.00956,0.02072,0.00189,109.50000
0.18843,0.20530,0.48198,0.99974,0.00956,0.02072,0.00189,109.70000
0.18843,0.20530,0.48218,0.99974,0.00956,0.02072,0.00189,109.90000
0.18843,0.20530,0.48238,0.99974,0.00956,0.02072,0.00189,110.10000
0.18843,0.20530,0.48258,0.99974,0.00956,0.02072,0.00189,110.30000
0.18843,0.20530,0.48278,0.99974,0.00956,0.02072,0.00189,110.50000
0.18843,0.20530,0.48298,0.99974,0.00956,0.02072,0.00189,110.70000
0.18843,0.20530,0.48318,0.99974,0.00956,0.02072,0.00189,110.90000
0.18843,0.20530,0.48338,0.99974,0.00956,0.02072,0.00189,111.10000
0.18843,0.20530,0.48358,0.99974,0.00956,0.02072,0.00189,111.30000
0.18843,0.20530,0.48378,0.99974,0.00956,0.02072,0.00189,111.50000
0.18843,0.20530,0.48398,0.99974,0.00956,0.02072,0.00189,111.70000
0.18843,0.20530,0.48418,0.99974,0.00956,0.02072,0.00189,111.90000
0.18843,0.20530,0.48438,0.99974,0.00956,0.02072,0.00189,112.10000
0.18843,0.20530,0.48458,0.99974,0.00956,0.02072,0.00189,112.30000
0.18843,0.20530,0.48478,0.99974,0.00956,0.02072,0.00189,112.50000
0.18843,0.20530,0.48498,0.99974,0.00956,0.02072,0.00189,112.70000
0.18843,0.20530,0.48518,0.99974,0.00956,0.02072,0.00189,112.90000
0.18843,0.20530,0.48538,0.99974,0.00956,0.02072,0.00189,113.10000
0.18843,0.20530,0.48558,0.99974,0.00956,0.02072,0.00189,113.30000
0.18843,0.20530,0.48578,0.99974,0.00956,0.02072,0.00189,113.50000
0.18843,0.20530,0.48598,0.99974,0.00956,0.02072,0.00189,113.70000
0.18843,0.20530,0.48618,0.99974,0.00956,0.02072,0.00189,113.90000
0.18843,0.20530,0.48638,0.99974,0.00956,0.02072,0.00189,114.10000
0.18843,0.20530,0.48658,0.99974,0.00956,0.02072,0.00189,114.30000
0.18843,0.20530,0.48678,0.99974,0.00956,0.02072,0.00189,114.50000
0.18843,0.20530,0.48698,0.99974,0.00956,0.02072,0.00189,114.70000
0.18843,0.20530,0.48718,0.99974,0.00956,0.02072,0.00189,114.90000
0.18843,0.20530,0.48738,0.99974,0.00956,0.02072,0.00189,115.10000
0.18843,0.20530,0.48758,0.99974,0.00956,0.02072,0.00189,115.30000
0.18843,0.20530,0.48778,0.99974,0.00956,0.02072,0.00189,115.50000
0.18843,0.20530,0.48798,0.99974,0.00956,0.02072,0.00189,115.70000
0.18843,0.20530,0.48818,0.99974,0.00956,0.02072,0.00189,115.90000
0.18843,0.20530,0.48838,0.99974,0.00956,0.02072,0.00189,116.10000
0.18843,0.20530,0.48858,0.99974,0.00956,0.02072,0.00189,116.30000
0.18843,0.20530,0.48878,0.99974,0.00956,0.02072,0.00189,116.50000
0.18843,0.20530,0.48898,0.99974,0.00956,0.02072,0.00189,116.70000
0.18843,0.20530,0.48918,0.99974,0.00956,0.02072,0.00189,116.90000
0.18843,0.20530,0.48938,0.99974,0.00956,0.02072,0.00189,117.10000
0.18843,0.20530,0.48958,0.99974,0.00956,0.02072,0.00189,117.30000
0.18843,0.20530,0.48978,0.99974,0.00956,0.02072,0.00189,117.50000
0.18843,0.20530,0.48998,0.99974,0.00956,0.02072,0.00189,117.70000
0.18843,0.20530,0.49018,0.99974,0.00956,0.02072,0.00189,117.90000
0.18843,0.20530,0.49038,0.99974,0.00956,0.02072,0.00189,118.10000
0.18843,0.20530,0.49058,0.99974,0.00956,0.02072,0.00189,118.30000
0.18843,0.20530,0.49078,0.99974,0.00956,0.02072,0.00189,118.50000
0.18843,0.20530,0.49098,0.99974,0.00956,0.02072,0.00189,118.70000
0.18843,0.20530,0.49118,0.99974,0.00956,0.02072,0.00189,118.90000
0.18843,0.20530,0.49138,0.99974,0.00956,0.02072,0.00189,119.10000
0.18843,0.20530,0.49158,0.99974,0.00956,0.02072,0.00189,119.30000
0.18843,0.20530,0.49178,0.99974,0.00956,0.02072,0.00189,119.50000
0.18843,0.20530,0.49198,0.99974,0.00956,0.02072,0.00189,119.70000
0.18843,0.20530,0.49218,0.99974,0.00956,0.02072,0.00189,119.90000
0.18843,0.20530,0.49238,0.99974,0.00956,0.02072,0.00189,120.10000
0.18843,0.20530,0.49258,0.99974,0.00956,0.02072,0.00189,120.30000
0.18843,0.20530,0.49278,0.99974,0.00956,0.02072,0.00189,120.50000
0.18843,0.20530,0.49298,0.99974,0.00956,0.02072,0.00189,120.70000
0.18843,0.20530,0.49318,0.99974,0.00956,0.02072,0.00189,120.90000
0.18843,0.20530,0.49338,0.99974,0.00956,0.02072,0.00189,121.10000
0.18843,0.20530,0.49358,0.99974,0.00956,0.02072,0.00189,121.30000
0.18843,0.20530,0.49378,0.99974,0.00956,0.02072,0.00189,121.50000
0.18843,0.20530,0.49398,0.99974,0.00956,0.02072,0.00189,121.70000
0.18843,0.20530,0.49418,0.99974,0.00956,0.02072,0.00189,121.90000
0.18843,0.20530,0.49438,0.99974,0.00956,0.02072,0.00189,122.10000
0.18843,0.20530,0.49458,0.99974,0.00956,0.02072,0.00189,122.30000
0.18843,0.20530,0.49478,0.99974,0.00956,0.02072,0.00189,122.50000
0.18843,0.20530,0.49498,0.99974,0.00956,0.02072,0.00189,122.70000
0.18843,0.20530,0.49518,0.99974,0.00956,0.02072,0.00189,122.90000
0.18843,0.20530,0.49538,0.99974,0.00956,0.02072,0.00189,123.10000
0.18843,0.20530,0.49558,0.99974,0.00956,0.02072,0.00189,123.30000
0.18843,0.20530,0.49578,0.99974,0.00956,0.02072,0.00189,123.50000
0.18843,0.20530,0.49598,0.99974,0.00956,0.02072,0.00189,123.70000
0.18843,0.20530,0.49618,0.99974,0.00956,0.02072,0.00189,123.90000
0.18843,0.20530,0.49638,0.99974,0.00956,0.02072,0.00189,124.10000
0.18843,0.20530,0.49658,0.99974,0.00956,0.02072,0.00189,124.30000
0.18843,0.20530,0.49678,0.99974,0.00956,0.02072,0.00189,124.50000
0.18843,0.20530,0.49698,0.99974,0.00956,0.02072,0.00189,124.70000
0.18843,0.20530,0.49718,0.99974,0.00956,0.02072,0.00189,124.90000
0.18843,0.20530,0.49738,0.99974,0.00956,0.02072,0.00189,125.10000
0.18843,0.20530,0.49758,0.99974,0.00956,0.02072,0.00189,125.30000
0.18843,0.20530,0.49778,0.99974,0.00956,0.02072,0.00189,125.50000
0.18843,0.20530,0.49798,0.99974,0.00956,0.02072,0.00189,125.70000
0.18843,0.20530,0.49818,0.99974,0.00956,0.02072,0.00189,125.90000
0.18843,0.20530,0.49838,0.99974,0.00956,0.02072,0.00189,126.10000
0.18843,0.20530,0.49858,0.99974,0.00956,0.02072,0.00189,126.30000
0.18843,0.20530,0.49878,0.99974,0.00956,0.02072,0.00189,126.50000
0.18843,0.20530,0.49898,0.99974,0.00956,0.02072,0.00189,126.70000
0.18843,0.20530,0.49918,0.99974,0.00956,0.02072,0.00189,126.90000
0.18843,0.20530,0.49938,0.99974,0.00956,0.02072,0.00189,127.10000
0.18843,0.20530,0.49958,0.99974,0.00956,0.02072,0.00189,127.30000
0.18843,0.20530,0.49978,0.99974,0.00956,0.02072,0.00189,127.50000
0.18843,0.20530,0.49998,0.99974,0.00956,0.02072,0.00189,127.70000
0.18843,0.20530,0.50018,0.99974,0.00956,0.02072,0.00189,127.90000
0.18843,0.20530,0.50038,0.99974,0.00956,0.02072,0.00189,128.10000
0.18843,0.20530,0.50058,0.99974,0.00956,0.02072,0.00189,128.30000
0.18843,0.20530,0.50078,0.99974,0.00956,0.02072,0.00189,128.50000
0.18843,0.20530,0.50098,0.99974,0.00956,0.02072,0.00189,128.70000
0.18843,0.20530,0.50118,0.99974,0.00956,0.02072,0.00189,128.90000
0.18843,0.20530,0.50138,0.99974,0.00956,0.02072,0.00189,129.10000
0.18843,0.20530,0.50158,0.99974,0.00956,0.02072,0.00189,129.30000
0.18843,0.20530,0.50178,0.99974,0.00956,0.02072,0.00189,129.50000
0.18843,0.20530,0.50198,0.99974,0.00956,0.02072,0.00189,129.70000
0.18843,0.20530,0.50218,0.99974,0.00956,0.02072,0.00189,129.90000
0.18843,0.20530,0.50238,0.99974,0.00956,0.02072,0.00189,130.10000
0.18843,0.20530,0.50258,0.99974,0.00956,0.02072,0.00189,130.30000
0.18843,0.20530,0.50278,0.99974,0.00956,0.02072,0.00189,130.50000
0.18843,0.20530,0.50298,0.99974,0.00956,0.02072,0.00189,130.70000
0.18843,0.20530,0.50318,0.99974,0.00956,0.02072,0.00189,130.90000
0.18843,0.20530,0.50338,0.99974,0.00956,0.02072,0.00189,131.10000
0.18843,0.20530,0.50358,0.99974,0.00956,0.02072,0.00189,131.30000
0.18843,0.20530,0.50378,0.99974,0.00956,0.02072,0.00189,131.50000
0.18843,0.20530,0.50398,0.99974,0.00956,0.02072,0.00189,131.70000
0.18843,0.20530,0.50418,0.99974,0.00956,0.02072,0.00189,131.90000
0.18843,0.20530,0.50438,0.99974,0.00956,0.02072,0.00189,132.10000
0.18843,0.20530,0.50458,0.99974,0.00956,0.02072,0.00189,132.30000
0.18843,0.20530,0.50478,0.99974,0.00956,0.02072,0.00189,132.50000
0.18843,0.20530,0.50498,0.99974,0.00956,0.02072,0.00189,132.70000
0.18843,0.20530,0.50518,0.99974,0.00956,0.02072,0.00189,132.90000
0.18843,0.20530,0.50538,0.99974,0.00956,0.02072,0.00189,133.10000
0.18843,0.20530,0.50558,0.99974,0.00956,0.02072,0.00189,133.30000
0.18843,0.20530,0.50578,0.99974,0.00956,0.02072,0.00189,133.50000
0.18843,0.20530,0.50598,0.99974,0.00956,0.02072,0.00189,133.70000
0.18843,0.20530,0.50618,0.99974,0.00956,0.02072,0.00189,133.90000
0.18843,0.20530,0.50638,0.99974,0.00956,0.02072,0.00189,134.10000
0.18843,0.20530,0.50658,0.99974,0.00956,0.02072,0.00189,134.30000
0.18843,0.20530,0.50678,0.99974,0.00956,0.02072,0.00189,134.50000
0.18843,0.20530,0.50698,0.99974,0.00956,0.02072,0.00189,134.70000
0.18843,0.20530,0.50718,0.99974,0.00956,0.02072,0.00189,134.90000
0.18843,0.20530,0.50738,0.99974,0.00956,0.02072,0.00189,135.10000
0.18843,0.20530,0.50758,0.99974,0.00956,0.02072,0.00189,135.30000
0.18843,0.20530,0.50778,0.99974,0.00956,0.02072,0.00189,135.50000
0.18843,0.20530,0.50798,0.99974,0.00956,0.02072,0.00189,135.70000
0.18843,0.20530,0.50818,0.99974,0.00956,0.02072,0.00189,135.90000
0.18843,0.20530,0.50838,0.99974,0.00956,0.02072,0.00189,136.10000
0.18843,0.20530,0.50858,0.99974,0.00956,0.02072,0.00189,136.30000
0.18843,0.20530,0.50878,0.99974,0.00956,0.02072,0.00189,136.50000
0.18843,0.20530,0.50898,0.99974,0.00956,0.02072,0.00189,136.70000
0.18843,0.20530,0.50918,0.99974,0.00956,0.02072,0.00189,136.90000
0.18843,0.20530,0.50938,0.99974,0.00956,0.02072,0.00189,137.10000
0.18843,0.20530,0.50958,0.99974,0.00956,0.02072,0.00189,137.30000
0.18843,0.20530,0.50978,0.99974,0.00956,0.02072,0.00189,137.50000
0.18843,0.20530,0.50998,0.99974,0.00956,0.02072,0.00189,137.70000
0.18843,0.20530,0.51018,0.99974,0.00956,0.02072,0.00189,137.90000
0.18843,0.20530,0.51038,0.99974,0.00956,0.02072,0.00189,138.10000
0.18843,0.20530,0.51058,0.99974,0.00956,0.02072,0.00189,138.30000
0.18843,0.20530,0.51078,0.99974,0.00956,0.02072,0.00189,138.50000
0.18843,0.20530,0.51098,0.99974,0.00956,0.02072,0.00189,138.70000
0.18843,0.20530,0.51118,0.99974,0.00956,0.02072,0.00189,138.90000
0.18843,0.20530,0.51138,0.99974,0.00956,0.02072,0.00189,139.10000
0.18843,0.20530,0.51158,0.99974,0.00956,0.02072,0.00189,139.30000
0.18843,0.20530,0.51178,0.99974,0.00956,0.02072,0.00189,139.50000
0.18843,0.20530,0.51198,0.99974,0.00956,0.02072,0.00189,139.70000
0.18843,0.20530,0.51218,0.99974,0.00956,0.02072,0.00189,139.90000
0.18843,0.20530,0.51238,0.99974,0.00956,0.02072,0.00189,140.10000
0.18843,0.20530,0.51258,0.99974,0.00956,0.02072,0.00189,140.30000
0.18843,0.20530,0.51278,0.99974,0.00956,0.02072,0.00189,140.50000
0.18843,0.20530,0.51298,0.99974,0.00956,0.02072,0.00189,140.70000
0.18843,0.20530,0.51318,0.99974,0.00956,0.02072,0.00189,140.90000
0.18843,0.20530,0.51338,0.99974,0.00956,0.02072,0.00189,141.10000
0.18843,0.20530,0.51358,0.99974,0.00956,0.02072,0.00189,141.30000
0.18843,0.20530,0.51378,0.99974,0.00956,0.02072,0.00189,141.50000
0.18843,0.20530,0.51398,0.99974,0.00956,0.02072,0.00189,141.70000
0.18843,0.20530,0.51418,0.99974,0.00956,0.02072,0.00189,141.90000
0.18843,0.20530,0.51438,0.99974,0.00956,0.02072,0.00189,142.10000
0.18843,0.20530,0.51458,0.99974,0.00956,0.02072,0.00189,142.30000
0.18843,0.20530,0.51478,0.99974,0.00956,0.02072,0.00189,142.50000
0.18843,0.20530,0.51498,0.99974,0.00956,0.02072,0.00189,142.70000
0.18843,0.20530,0.51518,0.99974,0.00956,0.02072,0.00189,142.90000
0.18843,0.20530,0.51538,0.99974,0.00956,0.02072,0.00189,143.10000
0.18843,0.20530,0.51558,0.99974,0.00956,0.02072,0.00189,143.30000
0.18843,0.20530,0.51578,0.99974,0.00956,0.02072,0.00189,143.50000
0.18843,0.20530,0.51598,0.99974,0.00956,0.02072,0.00189,143.70000
0.18843,0.20530,0.51618,0.99974,0.00956,0.02072,0.00189,143.90000
0.18843,0.20530,0.51638,0.99974,0.00956,0.02072,0.00189,144.10000
0.18843,0.20530,0.51658,0.99974,0.00956,0.02072,0.00189,144.30000
0.18843,0.20530,0.51678,0.99974,0.00956,0.02072,0.00189,144.50000
0.18843,0.20530,0.51698,0.99974,0.00956,0.02072,0.00189,144.70000
0.18843,0.20530,0.51718,0.99974,0.00956,0.02072,0.00189,144.90000
0.18843,0.20530,0.51738,0.99974,0.00956,0.02072,0.00189,145.10000
0.18843,0.20530,0.51758,0.99974,0.00956,0.02072,0.00189,145.30000
0.18843,0.20530,0.51778,0.99974,0.00956,0.02072,0.00189,145.50000
0.18843,0.20530,0.51798,0.99974,0.00956,0.02072,0.00189,145.70000
0.18843,0.20530,0.51818,0.99974,0.00956,0.02072,0.00189,145.90000
0.18843,0.20530,0.51838,0.99974,0.00956,0.02072,0.00189,146.10000
0.18843,0.20530,0.51858,0.99974,0.00956,0.02072,0.00189,146.30000
0.18843,0.20530,0.51878,0.99974,0.00956,0.02072,0.00189,146.50000
0.18843,0.20530,0.51898,0.99974,0.00956,0.02072,0.00189,146.70000
0.18843,0.20530,0.51918,0.99974,0.00956,0.02072,0.00189,146.90000
0.18843,0.20530,0.51938,0.99974,0.00956,0.02072,0.00189,147.10000
0.18843,0.20530,0.51958,0.99974,0.00956,0.02072,0.00189,147.30000
0.18843,0.20530,0.51978,0.99974,0.00956,0.02072,0.00189,147.50000
0.18843,0.20530,0.51998,0.99974,0.00956,0.02072,0.00189,147.70000
0.18843,0.20530,0.52018,0.99974,0.00956,0.02072,0.00189,147.90000
0.18843,0.20530,0.52038,0.99974,0.00956,0.02072,0.00189,148.10000
0.18843,0.20530,0.52058,0.99974,0.00956,0.02072,0.00189,148.30000
0.18843,0.20530,0.52078,0.99974,0.00956,0.02072,0.00189,148.50000
0.18843,0.20530,0.52098,0.99974,0.00956,0.02072,0.00189,148.70000
0.18843,0.20530,0.52118,0.99974,0.00956,0.02072,0.00189,148.90000
0.18843,0.20530,0.52138,0.99974,0.00956,0.02072,0.00189,149.10000
0.18843,0.20530,0.52158,0.99974,0.00956,0.02072,0.00189,149.30000
0.18843,0.20530,0.52178,0.99974,0.00956,0.02072,0.00189,149.50000
0.18843,0.20530,0.52198,0.99974,0.00956,0.02072,0.00189,149.70000
0.18843,0.20530,0.52218,0.99974,0.00956,0.02072,0.00189,149.90000
0.18843,0.20530,0.52238,0.99974,0.00956,0.02072,0.00189,150.10000
0.18843,0.20530,0.52258,0.99974,0.00956,0.02072,0.00189,150.30000
0.18843,0.20530,0.52278,0.99974,0.00956,0.02072,0.00189,150.50000
0.18843,0.20530,0.52298,0.99974,0.00956,0.02072,0.00189,150.70000
0.18843,0.20530,0.52318,0.99974,0.00956,0.02072,0.00189,150.90000
0.18843,0.20530,0.52338,0.99974,0.00956,0.02072,0.00189,151.10000
0.18843,0.20530,0.52358,0.99974,0.00956,0.02072,0.00189,151.30000
0.18843,0.20530,0.52378,0.99974,0.00956,0.02072,0.00189,151.50000
0.18843,0.20530,0.52398,0.99974,0.00956,0.02072,0.00189,151.70000
0.18843,0.20530,0.52418,0.99974,0.00956,0.02072,0.00189,151.90000
0.18843,0.20530,0.52438,0.99974,0.00956,0.02072,0.00189,152.10000
0.18843,0.20530,0.52458,0.99974,0.00956,0.02072,0.00189,152.30000
0.18843,0.20530,0.52478,0.99974,0.00956,0.02072,0.00189,152.50000
0.18843,0.20530,0.52498,0.99974,0.00956,0.02072,0.00189,152.70000
0.18843,0.20530,0.52518,0.99974,0.00956,0.02072,0.00189,152.90000
0.18843,0.20530,0.52538,0.99974,0.00956,0.02072,0.00189,153.10000
0.18843,0.20530,0.52558,0.99974,0.00956,0.02072,0.00189,153.30000
0.18843,0.20530,0.52578,0.99974,0.00956,0.02072,0.00189,153.50000
0.18843,0.20530,0.52598,0.99974,0.00956,0.02072,0.00189,153.70000
0.18843,0.20530,0.52618,0.99974,0.00956,0.02072,0.00189,153.90000
0.18843,0.20530,0.52638,0.99974,0.00956,0.02072,0.00189,154.10000
0.18843,0.20530,0.52658,0.99974,0.00956,0.02072,0.00189,154.30000
0.18843,0.20530,0.52678,0.99974,0.00956,0.02072,0.00189,154.50000
0.18843,0.20530,0.52698,0.99974,0.00956,0.02072,0.00189,154.70000
0.18843,0.20530,0.52718,0.99974,0.00956,0.02072,0.00189,154.90000
0.18843,0.20530,0.52738,0.99974,0.00956,0.02072,0.00189,155.10000
0.18843,0.20530,0.52758,0.99974,0.00956,0.02072,0.00189,155.30000
0.18843,0.20530,0.52778,0.99974,0.00956,0.02072,0.00189,155.50000
0.18843,0.20530,0.52798,0.99974,0.00956,0.02072,0.00189,155.70000
0.18843,0.20530,0.52818,0.99974,0.00956,0.02072,0.00189,155.90000
0.18843,0.20530,0.52838,0.99974,0.00956,0.02072,0.00189,156.10000
0.18843,0.20530,0.52858,0.99974,0.00956,0.02072,0.00189,156.30000
0.18843,0.20530,0.52878,0.99974,0.00956,0.02072,0.00189,156.50000
0.18843,0.20530,0.52898,0.99974,0.00956,0.02072,0.00189,156.70000
0.18843,0.20530,0.52918,0.99974,0.00956,0.02072,0.00189,156.90000
0.18843,0.20530,0.52938,0.99974,0.00956,0.02072,0.00189,157.10000
0.18843,0.20530,0.52958,0.99974,0.00956,0.02072,0.00189,157.30000
0.18843,0.20530,0.52978,0.99974,0.00956,0.02072,0.00189,157.50000
0.18843,0.20530,0.52998,0.99974,0.00956,0.02072,0.00189,157.70000
0.18843,0.20530,0.53018,0.99974,0.00956,0.02072,0.00189,157.90000
0.18843,0.20530,0.53038,0.99974,0.00956,0.02072,0.00189,158.10000
0.18843,0.20530,0.53058,0.99974,0.00956,0.02072,0.00189,158.30000
0.18843,0.20530,0.53078,0.99974,0.00956,0.02072,0.00189,158.50000
0.18843,0.20530,0.53098,0.99974,0.00956,0.02072,0.00189,158.70000
0.18843,0.20530,0.53118,0.99974,0.00956,0.02072,0.00189,158.90000
0.18843,0.20530,0.53138,0.99974,0.00956,0.02072,0.00189,159.10000
0.18843,0.20530,0.53158,0.99974,0.00956,0.02072,0.00189,159.30000
0.18843,0.20530,0.53178,0.99974,0.00956,0.02072,0.00189,159.50000
0.18843,0.20530,0.53198,0.99974,0.00956,0.02072,0.00189,159.70000
0.18843,0.20530,0.53218,0.99974,0.00956,0.02072,0.00189,159.90000
0.18843,0.20530,0.53238,0.99974,0.00956,0.02072,0.00189,160.10000
0.18843,0.20530,0.53258,0.99974,0.00956,0.02072,0.00189,160.30000
0.18843,0.20530,0.53278,0.99974,0.00956,0.02072,0.00189,160.50000
0.18843,0.20530,0.53298,0.99974,0.00956,0.02072,0.00189,160.70000
0.18843,0.20530,0.53318,0.99974,0.00956,0.02072,0.00189,160.90000
0.18843,0.20530,0.53338,0.99974,0.00956,0.02072,0.00189,161.10000
0.18843,0.20530,0.53358,0.99974,0.00956,0.02072,0.00189,161.30000
0.18843,0.20530,0.53378,0.99974,0.00956,0.02072,0.00189,161.50000
0.18843,0.20530,0.53398,0.99974,0.00956,0.02072,0.00189,161.70000
0.18843,0.20530,0.53418,0.99974,0.00956,0.02072,0.00189,161.90000
0.18843,0.20530,0.53438,0.99974,0.00956,0.02072,0.00189,162.10000
0.18843,0.20530,0.53458,0.99974,0.00956,0.02072,0.00189,162.30000
0.18843,0.20530,0.53478,0.99974,0.00956,0.02072,0.00189,162.50000
0.18843,0.20530,0.53498,0.99974,0.00956,0.02072,0.00189,162.70000
0.18843,0.20530,0.53518,0.99974,0.00956,0.02072,0.00189,162.90000
0.18843,0.20530,0.53538,0.99974,0.00956,0.02072,0.00189,163.10000
0.18843,0.20530,0.53558,0.99974,0.00956,0.02072,0.00189,163.30000
0.18843,0.20530,0.53578,0.99974,0.00956,0.02072,0.00189,163.50000
0.18843,0.20530,0.53598,0.99974,0.00956,0.02072,0.00189,163.70000
0.18843,0.20530,0.53618,0.99974,0.00956,0.02072,0.00189,163.90000
0.18843,0.20530,0.53638,0.99974,0.00956,0.02072,0.00189,164.10000
0.18843,0.20530,0.53658,0.99974,0.00956,0.02072,0.00189,164.30000
0.18843,0.20530,0.53678,0.99974,0.00956,0.02072,0.00189,164.50000
0.18843,0.20530,0.53698,0.99974,0.00956,0.02072,0.00189,164.70000
0.18843,0.20530,0.53718,0.99974,0.00956,0.02072,0.00189,164.90000
0.18843,0.20530,0.53738,0.99974,0.00956,0.02072,0.00189,165.10000
0.18843,0.20530,0.53758,0.99974,0.00956,0.02072,0.00189,165.30000
0.18843,0.20530,0.53778,0.99974,0.00956,0.02072,0.00189,165.50000
0.18843,0.20530,0.53798,0.99974,0.00956,0.02072,0.00189,165.70000
0.18843,0.20530,0.53818,0.99974,0.00956,0.02072,0.00189,165.90000
0.18843,0.20530,0.53838,0.99974,0.00956,0.02072,0.00189,166.10000
0.18843,0.20530,0.53858,0.99974,0.00956,0.02072,0.00189,166.30000
0.18843,0.20530,0.53878,0.99974,0.00956,0.02072,0.00189,166.50000
0.18843,0.20530,0.53898,0.99974,0.00956,0.02072,0.00189,166.70000
0.18843,0.20530,0.53918,0.99974,0.00956,0.02072,0.00189,166.90000
0.18843,0.20530,0.53938,0.99974,0.00956,0.02072,0.00189,167.10000
0.18843,0.20530,0.53958,0.99974,0.00956,0.02072,0.00189,167.30000
0.18843,0.20530,0.53978,0.99974,0.00956,0.02072,0.00189,167.50000
0.18843,0.20530,0.53998,0.99974,0.00956,0.02072,0.00189,167.70000
0.18843,0.20530,0.54018,0.99974,0.00956,0.02072,0.00189,167.90000
0.18843,0.20530,0.54038,0.99974,0.00956,0.02072,0.00189,168.10000
0.18843,0.20530,0.54058,0.99974,0.00956,0.02072,0.00189,168.30000
0.18843,0.20530,0.54078,0.99974,0.00956,0.02072,0.00189,168.50000
0.18843,0.20530,0.54098,0.99974,0.00956,0.02072,0.00189,168.70000
0.18843,0.20530,0.54118,0.99974,0.00956,0.02072,0.00189,168.90000
0.18843,0.20530,0.54138,0.99974,0.00956,0.02072,0.00189,169.10000
0.18843,0.20530,0.54158,0.99974,0.00956,0.02072,0.00189,169.30000
0.18843,0.20530,0.54178,0.99974,0.00956,0.02072,0.00189,169.50000
0.18843,0.20530,0.54198,0.99974,0.00956,0.02072,0.00189,169.70000
0.18843,0.20530,0.54218,0.99974,0.00956,0.02072,0.00189,169.90000
0.18843,0.20530,0.54238,0.99974,0.00956,0.02072,0.00189,170.10000
0.18843,0.20530,0.54258,0.99974,0.00956,0.02072,0.00189,170.30000
0.18843,0.20530,0.54278,0.99974,0.00956,0.02072,0.00189,170.50000
0.18843,0.20530,0.54298,0.99974,0.00956,0.02072,0.00189,170.70000
0.18843,0.20530,0.54318,0.99974,0.00956,0.02072,0.00189,170.90000
0.18843,0.20530,0.54338,0.99974,0.00956,0.02072,0.00189,171.10000
0.18843,0.20530,0.54358,0.99974,0.00956,0.02072,0.00189,171.30000
0.18843,0.20530,0.54378,0.99974,0.00956,0.02072,0.00189,171.50000
0.18843,0.20530,0.54398,0.99974,0.00956,0.02072,0.00189,171.70000
0.18843,0.20530,0.54418,0.99974,0.00956,0.02072,0.00189,171.90000
0.18843,0.20530,0.54438,0.99974,0.00956,0.02072,0.00189,172.10000
0.18843,0.20530,0.54458,0.99974,0.00956,0.02072,0.00189,172.30000
0.18843,0.20529,0.54478,0.99974,0.00956,0.02072,0.00189,172.50000
0.18843,0.20529,0.54498,0.99974,0.00956,0.02072,0.00189,172.70000
0.18843,0.20529,0.54518,0.99974,0.00956,0.02072,0.00189,172.90000
0.18843,0.20529,0.54538,0.99974,0.00956,0.02072,0.00189,173.10000
0.18843,0.20529,0.54558,0.99974,0.00956,0.02072,0.00189,173.30000
0.18843,0.20529,0.54578,0.99974,0.00956,0.02072,0.00189,173.50000
0.18843,0.20529,0.54598,0.99974,0.00956,0.02072,0.00189,173.70000
0.18843,0.20529,0.54618,0.99974,0.00956,0.02072,0.00189,173.90000
0.18843,0.20529,0.54638,0.99974,0.00956,0.02072,0.00189,174.10000
0.18843,0.20529,0.54658,0.99974,0.00956,0.02072,0.00189,174.30000
0.18843,0.20529,0.54678,0.99974,0.00956,0.02072,0.00189,174.50000
0.18843,0.20529,0.54698,0.99974,0.00956,0.02072,0.00189,174.70000
0.18843,0.20529,0.54718,0.99974,0.00956,0.02072,0.00189,174.90000
0.18843,0.20529,0.54738,0.99974,0.00956,0.02072,0.00189,175.10000
0.18843,0.20529,0.54758,0.99974,0.00956,0.02072,0.00189,175.30000
0.18843,0.20529,0.54778,0.99974,0.00956,0.02072,0.00189,175.50000
0.18843,0.20529,0.54798,0.99974,0.00956,0.02072,0.00189,175.70000
0.18843,0.20529,0.54818,0.99974,0.00956,0.02072,0.00189,175.90000
0.18843,0.20529,0.54838,0.99974,0.00956,0.02072,0.00189,176.10000
0.18843,0.20529,0.54858,0.99974,0.00956,0.02072,0.00189,176.30000
0.18843,0.20529,0.54878,0.99974,0.00956,0.02072,0.00189,176.50000
0.18843,0.20529,0.54898,0.99974,0.00956,0.02072,0.00189,176.70000
0.18843,0.20529,0.54918,0.99974,0.00956,0.02072,0.00189,176.90000
0.18843,0.20529,0.54938,0.99974,0.00956,0.02072,0.00189,177.10000
0.18843,0.20529,0.54958,0.99974,0.00956,0.02072,0.00189,177.30000
0.18843,0.20529,0.54978,0.99974,0.00956,0.02072,0.00189,177.50000
0.18843,0.20529,0.54998,0.99974,0.00956,0.02072,0.00189,177.70000
0.18843,0.20529,0.55018,0.99974,0.00956,0.02072,0.00189,177.90000
0.18843,0.20529,0.55038,0.99974,0.00956,0.02072,0.00189,178.10000
0.18843,0.20529,0.55058,0.99974,0.00956,0.02072,0.00189,178.30000
0.18843,0.20529,0.55078,0.99974,0.00956,0.02072,0.00189,178.50000
0.18843,0.20529,0.55098,0.99974,0.00956,0.02072,0.00189,178.70000
0.18843,0.20529,0.55118,0.99974,0.00956,0.02072,0.00189,178.90000
0.18843,0.20529,0.55138,0.99974,0.00956,0.02072,0.00189,179.10000
0.18843,0.20529,0.55158,0.99974,0.00956,0.02072,0.00189,179.30000
0.18843,0.20529,0.55178,0.99974,0.00956,0.02072,0.00189,179.50000
0.18843,0.20529,0.55198,0.99974,0.00956,0.02072,0.00189,179.70000
0.18843,0.20529,0.55218,0.99974,0.00956,0.02072,0.00189,179.90000
0.18843,0.20529,0.55238,0.99974,0.00956,0.02072,0.00189,180.10000
0.18843,0.20529,0.55258,0.99974,0.00956,0.02072,0.00189,180.30000
0.18843,0.20529,0.55278,0.99974,0.00956,0.02072,0.00189,180.50000
0.18843,0.20529,0.55298,0.99974,0.00956,0.02072,0.00189,180.70000
0.18843,0.20529,0.55318,0.99974,0.00956,0.02072,0.00189,180.90000
0.18843,0.20529,0.55338,0.99974,0.00956,0.02072,0.00189,181.10000
0.18843,0.20529,0.55358,0.99974,0.00956,0.02072,0.00189,181.30000
0.18843,0.20529,0.55378,0.99974,0.00956,0.02072,0.00189,181.50000
0.18843,0.20529,0.55398,0.99974,0.00956,0.02072,0.00189,181.70000
0.18843,0.20529,0.55418,0.99974,0.00956,0.02072,0.00189,181.90000
0.18843,0.20529,0.55438,0.99974,0.00956,0.02072,0.00189,182.10000
0.18843,0.20529,0.55458,0.99974,0.00956,0.02072,0.00189,182.30000
0.18843,0.20529,0.55478,0.99974,0.00956,0.02072,0.00189,182.50000
0.18843,0.20529,0.55498,0.99974,0.00956,0.02072,0.00189,182.70000
0.18843,0.20529,0.55518,0.99974,0.00956,0.02072,0.00189,182.90000
0.18843,0.20529,0.55538,0.99974,0.00956,0.02072,0.00189,183.10000
0.18843,0.20529,0.55558,0.99974,0.00956,0.02072,0.00189,183.30000
0.18843,0.20529,0.55578,0.99974,0.00956,0.02072,0.00189,183.50000
0.18843,0.20529,0.55598,0.99974,0.00956,0.02072,0.00189,183.70000
0.18843,0.20529,0.55618,0.99974,0.00956,0.02072,0.00189,183.90000
0.18843,0.20529,0.55638,0.99974,0.00956,0.02072,0.00189,184.10000
0.18843,0.20529,0.55658,0.99974,0.00956,0.02072,0.00189,184.30000
0.18843,0.20529,0.55678,0.99974,0.00956,0.02072,0.00189,184.50000
0.18843,0.20529,0.55698,0.99974,0.00956,0.02072,0.00189,184.70000
0.18843,0.20529,0.55718,0.99974,0.00956,0.02072,0.00189,184.90000
0.18843,0.20529,0.55738,0.99974,0.00956,0.02072,0.00189,185.10000
0.18843,0.20529,0.55758,0.99974,0.00956,0.02072,0.00189,185.30000
0.18843,0.20529,0.55778,0.99974,0.00956,0.02072,0.00189,185.50000
0.18843,0.20529,0.55798,0.99974,0.00956,0.02072,0.00189,185.70000
0.18843,0.20529,0.55818,0.99974,0.00956,0.02072,0.00189,185.90000
0.18843,0.20529,0.55838,0.99974,0.00956,0.02072,0.00189,186.10000
0.18843,0.20529,0.55858,0.99974,0.00956,0.02072,0.00189,186.30000
0.18843,0.20529,0.55878,0.99974,0.00956,0.02072,0.00189,186.50000
0.18843,0.20529,0.55898,0.99974,0.00956,0.02072,0.00189,186.70000
0.18843,0.20529,0.55918,0.99974,0.00956,0.02072,0.00189,186.90000
0.18843,0.20529,0.55938,0.99974,0.00956,0.02072,0.00189,187.10000
0.18843,0.20529,0.55958,0.99974,0.00956,0.02072,0.00189,187.30000
0.18843,0.20529,0.55978,0.99974,0.00956,0.02072,0.00189,187.50000
0.18843,0.20529,0.55998,0.99974,0.00956,0.02072,0.00189,187.70000
0.18843,0.20529,0.56018,0.99974,0.00956,0.02072,0.00189,187.90000
0.18843,0.20529,0.56038,0.99974,0.00956,0.02072,0.00189,188.10000
0.18843,0.20529,0.56058,0.99974,0.00956,0.02072,0.00189,188.30000
0.18843,0.20529,0.56078,0.99974,0.00956,0.02072,0.00189,188.50000
0.18843,0.20529,0.56098,0.99974,0.00956,0.02072,0.00189,188.70000
0.18843,0.20529,0.56118,0.99974,0.00956,0.02072,0.00189,188.90000
0.18843,0.20529,0.56138,0.99974,0.00956,0.02072,0.00189,189.10000
0.18843,0.20529,0.56158,0.99974,0.00956,0.02072,0.00189,189.30000
0.18843,0.20529,0.56178,0.99974,0.00956,0.02072,0.00189,189.50000
0.18843,0.20529,0.56198,0.99974,0.00956,0.02072,0.00189,189.70000
0.18843,0.20529,0.56218,0.99974,0.00956,0.02072,0.00189,189.90000
0.18843,0.20529,0.56238,0.99974,0.00956,0.02072,0.00189,190.10000
0.18843,0.20529,0.56258,0.99974,0.00956,0.02072,0.00189,190.30000
0.18843,0.20529,0.56278,0.99974,0.00956,0.02072,0.00189,190.50000
0.18843,0.20529,0.56298,0.99974,0.00956,0.02072,0.00189,190.70000
0.18843,0.20529,0.56318,0.99974,0.00956,0.02072,0.00189,190.90000
0.18843,0.20529,0.56338,0.99974,0.00956,0.02072,0.00189,191.10000
0.18843,0.20529,0.56358,0.99974,0.00956,0.02072,0.00189,191.30000
0.18843,0.20529,0.56378,0.99974,0.00956,0.02072,0.00189,191.50000
0.18843,0.20529,0.56398,0.99974,0.00956,0.02072,0.00189,191.70000
0.18843,0.20529,0.56418,0.99974,0.00956,0.02072,0.00189,191.90000
0.18843,0.20529,0.56438,0.99974,0.00956,0.02072,0.00189,192.10000
0.18843,0.20529,0.56458,0.99974,0.00956,0.02072,0.00189,192.30000
0.18843,0.20529,0.56478,0.99974,0.00956,0.02072,0.00189,192.50000
0.18843,0.20529,0.56498,0.99974,0.00956,0.02072,0.00189,192.70000
0.18843,0.20529,0.56518,0.99974,0.00956,0.02072,0.00189,192.90000
0.18843,0.20529,0.56538,0.99974,0.00956,0.02072,0.00189,193.10000
0.18843,0.20529,0.56558,0.99974,0.00956,0.02072,0.00189,193.30000
0.18843,0.20529,0.56578,0.99974,0.00956,0.02072,0.00189,193.50000
0.18843,0.20529,0.56598,0.99974,0.00956,0.02072,0.00189,193.70000
0.18843,0.20529,0.56618,0.99974,0.00956,0.02072,0.00189,193.90000
0.18843,0.20529,0.56638,0.99974,0.00956,0.02072,0.00189,194.10000
0.18843,0.20529,0.56658,0.99974,0.00956,0.02072,0.00189,194.30000
0.18843,0.20529,0.56678,0.99974,0.00956,0.02072,0.00189,194.50000
0.18843,0.20529,0.56698,0.99974,0.00956,0.02072,0.00189,194.70000
0.18843,0.20529,0.56718,0.99974,0.00956,0.02072,0.00189,194.90000
0.18843,0.20529,0.56738,0.99974,0.00956,0.02072,0.00189,195.10000
0.18843,0.20529,0.56758,0.99974,0.00956,0.02072,0.00189,195.30000
0.18843,0.20529,0.56778,0.99974,0.00956,0.02072,0.00189,195.50000
0.18843,0.20529,0.56798,0.99974,0.00956,0.02072,0.00189,195.70000
0.18843,0.20529,0.56818,0.99974,0.00956,0.02072,0.00189,195.90000
0.18843,0.20529,0.56838,0.99974,0.00956,0.02072,0.00189,196.10000
0.18843,0.20529,0.56858,0.99974,0.00956,0.02072,0.00189,196.30000
0.18843,0.20529,0.56878,0.99974,0.00956,0.02072,0.00189,196.50000
0.18843,0.20529,0.56898,0.99974,0.00956,0.02072,0.00189,196.70000
0.18843,0.20529,0.56918,0.99974,0.00956,0.02072,0.00189,196.90000
0.18843,0.20529,0.56938,0.99974,0.00956,0.02072,0.00189,197.10000
0.18843,0.20529,0.56958,0.99974,0.00956,0.02072,0.00189,197.30000
0.18843,0.20529,0.56978,0.99974,0.00956,0.02072,0.00189,197.50000
0.18843,0.20529,0.56998,0.99974,0.00956,0.02072,0.00189,197.70000
0.18843,0.20529,0.57018,0.99974,0.00956,0.02072,0.00189,197.90000
0.18843,0.20529,0.57038,0.99974,0.00956,0.02072,0.00189,198.10000
0.18843,0.20529,0.57058,0.99974,0.00956,0.02072,0.00189,198.30000
0.18843,0.20529,0.57078,0.99974,0.00956,0.02072,0.00189,198.50000
0.18843,0.20529,0.57098,0.99974,0.00956,0.02072,0.00189,198.70000
0.18843,0.20529,0.57118,0.99974,0.00956,0.02072,0.00189,198.90000
0.18843,0.20529,0.57138,0.99974,0.00956,0.02072,0.00189,199.10000
0.18843,0.20529,0.57158,0.99974,0.00956,0.02072,0.00189,199.30000
0.18843,0.20529,0.57178,0.99974,0.00956,0.02072,0.00189,199.50000
0.18843,0.20529,0.57198,0.99974,0.00956,0.02072,0.00189,199.70000
0.18843,0.20529,0.57218,0.99974,0.00956,0.02072,0.00189,199.90000
0.18843,0.20529,0.57238,0.99974,0.00956,0.02072,0.00189,200.10000
0.18843,0.20529,0.57258,0.99974,0.00956,0.02072,0.00189,200.30000
0.18843,0.20529,0.57278,0.99974,0.00956,0.02072,0.00189,200.50000
0.18843,0.20529,0.57298,0.99974,0.00956,0.02072,0.00189,200.70000
0.18843,0.20529,0.57318,0.99974,0.00956,0.02072,0.00189,200.90000
0.18843,0.20529,0.57338,0.99974,0.00956,0.02072,0.00189,201.10000
0.18843,0.20529,0.57358,0.99974,0.00956,0.02072,0.00189,201.30000
0.18843,0.20529,0.57378,0.99974,0.00956,0.02072,0.00189,201.50000
0.18843,0.20529,0.57398,0.99974,0.00956,0.02072,0.00189,201.70000
0.18843,0.20529,0.57418,0.99974,0.00956,0.02072,0.00189,201.90000
0.18843,0.20529,0.57438,0.99974,0.00956,0.02072,0.00189,202.10000
0.18843,0.20529,0.57458,0.99974,0.00956,0.02072,0.00189,202.30000
0.18843,0.20529,0.57478,0.99974,0.00956,0.02072,0.00189,202.50000
0.18843,0.20529,0.57498,0.99974,0.00956,0.02072,0.00189,202.70000
0.18843,0.20529,0.57518,0.99974,0.00956,0.02072,0.00189,202.90000
0.18843,0.20529,0.57538,0.99974,0.00956,0.02072,0.00189,203.10000
0.18843,0.20529,0.57558,0.99974,0.00956,0.02072,0.00189,203.30000
0.18843,0.20529,0.57578,0.99974,0.00956,0.02072,0.00189,203.50000
0.18843,0.20529,0.57598,0.99974,0.00956,0.02072,0.00189,203.70000
0.18843,0.20529,0.57618,0.99974,0.00956,0.02072,0.00189,203.90000
0.18843,0.20529,0.57638,0.99974,0.00956,0.02072,0.00189,204.10000
0.18843,0.20529,0.57658,0.99974,0.00956,0.02072,0.00189,204.30000
0.18843,0.20529,0.57678,0.99974,0.00956,0.02072,0.00189,204.50000
0.18843,0.20529,0.57698,0.99974,0.00956,0.02072,0.00189,204.70000
0.18843,0.20529,0.57718,0.99974,0.00956,0.02072,0.00189,204.90000
0.18843,0.20529,0.57738,0.99974,0.00956,0.02072,0.00189,205.10000
0.18843,0.20529,0.57758,0.99974,0.00956,0.02072,0.00189,205.30000
0.18843,0.20529,0.57778,0.99974,0.00956,0.02072,0.00189,205.50000
0.18843,0.20529,0.57798,0.99974,0.00956,0.02072,0.00189,205.70000
0.18843,0.20529,0.57818,0.99974,0.00956,0.02072,0.00189,205.90000
0.18843,0.20529,0.57838,0.99974,0.00956,0.02072,0.00189,206.10000
0.18843,0.20529,0.57858,0.99974,0.00956,0.02072,0.00189,206.30000
0.18843,0.20529,0.57878,0.99974,0.00956,0.02072,0.00189,206.50000
0.18843,0.20529,0.57898,0.99974,0.00956,0.02072,0.00189,206.70000
0.18843,0.20529,0.57918,0.99974,0.00956,0.02072,0.00189,206.90000
0.18843,0.20529,0.57938,0.99974,0.00956,0.02072,0.00189,207.10000
0.18843,0.20529,0.57958,0.99974,0.00956,0.02072,0.00189,207.30000
0.18843,0.20529,0.57978,0.99974,0.00956,0.02072,0.00189,207.50000
0.18843,0.20529,0.57998,0.99974,0.00956,0.02072,0.00189,207.70000
0.18843,0.20529,0.58018,0.99974,0.00956,0.02072,0.00189,207.90000
0.18843,0.20529,0.58038,0.99974,0.00956,0.02072,0.00189,208.10000
0.18843,0.20529,0.58058,0.99974,0.00956,0.02072,0.00189,208.30000
0.18843,0.20529,0.58078,0.99974,0.00956,0.02072,0.00189,208.50000
0.18843,0.20529,0.58098,0.99974,0.00956,0.02072,0.00189,208.70000
0.18843,0.20529,0.58118,0.99974,0.00956,0.02072,0.00189,208.90000
0.18843,0.20529,0.58138,0.99974,0.00956,0.02072,0.00189,209.10000
0.18843,0.20529,0.58158,0.99974,0.00956,0.02072,0.00189,209.30000
0.18843,0.20529,0.58178,0.99974,0.00956,0.02072,0.00189,209.50000
0.18843,0.20529,0.58198,0.99974,0.00956,0.02072,0.00189,209.70000
0.18843,0.20529,0.58218,0.99974,0.00956,0.02072,0.00189,209.90000
0.18843,0.20529,0.58238,0.99974,0.00956,0.02072,0.00189,210.10000
0.18843,0.20529,0.58258,0.99974,0.00956,0.02072,0.00189,210.30000
0.18843,0.20529,0.58278,0.99974,0.00956,0.02072,0.00189,210.50000
0.18843,0.20529,0.58298,0.99974,0.00956,0.02072,0.00189,210.70000
0.18843,0.20529,0.58318,0.99974,0.00956,0.02072,0.00189,210.90000
0.18843,0.20529,0.58338,0.99974,0.00956,0.02072,0.00189,211.10000
0.18843,0.20529,0.58358,0.99974,0.00956,0.02072,0.00189,211.30000
0.18843,0.20529,0.58378,0.99974,0.00956,0.02072,0.00189,211.50000
0.18843,0.20529,0.58398,0.99974,0.00956,0.02072,0.00189,211.70000
0.18843,0.20529,0.58418,0.99974,0.00956,0.02072,0.00189,211.90000
0.18843,0.20529,0.58438,0.99974,0.00956,0.02072,0.00189,212.10000
0.18843,0.20529,0.58458,0.99974,0.00956,0.02072,0.00189,212.30000
0.18843,0.20529,0.58478,0.99974,0.00956,0.02072,0.00189,212.50000
0.18843,0.20529,0.58498,0.99974,0.00956,0.02072,0.00189,212.70000
0.18843,0.20529,0.58518,0.99974,0.00956,0.02072,0.00189,212.90000
0.18843,0.20529,0.58538,0.99974,0.00956,0.02072,0.00189,213.10000
0.18843,0.20529,0.58558,0.99974,0.00956,0.02072,0.00189,213.30000
0.18843,0.20529,0.58578,0.99974,0.00956,0.02072,0.00189,213.50000
0.18843,0.20529,0.58598,0.99974,0.00956,0.02072,0.00189,213.70000
0.18843,0.20529,0.58618,0.99974,0.00956,0.02072,0.00189,213.90000
0.18843,0.20529,0.58638,0.99974,0.00956,0.02072,0.00189,214.10000
0.18843,0.20529,0.58658,0.99974,0.00956,0.02072,0.00189,214.30000
0.18843,0.20529,0.58678,0.99974,0.00956,0.02072,0.00189,214.50000
0.18843,0.20529,0.58698,0.99974,0.00956,0.02072,0.00189,214.70000
0.18843,0.20529,0.58718,0.99974,0.00956,0.02072,0.00189,214.90000
0.18843,0.20529,0.58738,0.99974,0.00956,0.02072,0.00189,215.10000
0.18843,0.20529,0.58758,0.99974,0.00956,0.02072,0.00189,215.30000
0.18843,0.20529,0.58778,0.99974,0.00956,0.02072,0.00189,215.50000
0.18843,0.20529,0.58798,0.99974,0.00956,0.02072,0.00189,215.70000
0.18843,0.20529,0.58818,0.99974,0.00956,0.02072,0.00189,215.90000
0.18843,0.20529,0.58838,0.99974,0.00956,0.02072,0.00189,216.10000
0.18843,0.20529,0.58858,0.99974,0.00956,0.02072,0.00189,216.30000
0.18843,0.20529,0.58878,0.99974,0.00956,0.02072,0.00189,216.50000
0.18843,0.20529,0.58898,0.99974,0.00956,0.02072,0.00189,216.70000
0.18843,0.20529,0.58918,0.99974,0.00956,0.02072,0.00189,216.90000
0.18843,0.20529,0.58938,0.99974,0.00956,0.02072,0.00189,217.10000
0.18843,0.20529,0.58958,0.99974,0.00956,0.02072,0.00189,217.30000
0.18843,0.20529,0.58978,0.99974,0.00956,0.02072,0.00189,217.50000
0.18843,0.20529,0.58998,0.99974,0.00956,0.02072,0.00189,217.70000
0.18843,0.20529,0.59018,0.99974,0.00956,0.02072,0.00189,217.90000
0.18843,0.20529,0.59038,0.99974,0.00956,0.02072,0.00189,218.10000
0.18843,0.20529,0.59058,0.99974,0.00956,0.02072,0.00189,218.30000
0.18843,0.20529,0.59078,0.99974,0.00956,0.02072,0.00189,218.50000
0.18843,0.20529,0.59098,0.99974,0.00956,0.02072,0.00189,218.70000
0.18843,0.20529,0.59118,0.99974,0.00956,0.02072,0.00189,218.90000
0.18843,0.20529,0.59138,0.99974,0.00956,0.02072,0.00189,219.10000
0.18843,0.20529,0.59158,0.99974,0.00956,0.02072,0.00189,219.30000
0.18843,0.20529,0.59178,0.99974,0.00956,0.02072,0.00189,219.50000
0.18843,0.20529,0.59198,0.99974,0.00956,0.02072,0.00189,219.70000
0.18843,0.20529,0.59218,0.99974,0.00956,0.02072,0.00189,219.90000
0.18843,0.20529,0.59238,0.99974,0.00956,0.02072,0.00189,220.10000
0.18843,0.20529,0.59258,0.99974,0.00956,0.02072,0.00189,220.30000
0.18843,0.20529,0.59278,0.99974,0.00956,0.02072,0.00189,220.50000
0.18843,0.20529,0.59298,0.99974,0.00956,0.02072,0.00189,220.70000
0.18843,0.20529,0.59318,0.99974,0.00956,0.02072,0.00189,220.90000
0.18843,0.20529,0.59338,0.99974,0.00956,0.02072,0.00189,221.10000
0.18843,0.20529,0.59358,0.99974,0.00956,0.02072,0.00189,221.30000
0.18843,0.20529,0.59378,0.99974,0.00956,0.02072,0.00189,221.50000
0.18843,0.20529,0.59398,0.99974,0.00956,0.02072,0.00189,221.70000
0.18843,0.20529,0.59418,0.99974,0.00956,0.02072,0.00189,221.90000
0.18843,0.20529,0.59438,0.99974,0.00956,0.02072,0.00189,222.10000
0.18843,0.20529,0.59458,0.99974,0.00956,0.02072,0.00189,222.30000
0.18843,0.20529,0.59478,0.99974,0.00956,0.02072,0.00189,222.50000
0.18843,0.20529,0.59498,0.99974,0.00956,0.02072,0.00189,222.70000
0.18843,0.20529,0.59518,0.99974,0.00956,0.02072,0.00189,222.90000
0.18843,0.20529,0.59538,0.99974,0.00956,0.02072,0.00189,223.10000
0.18843,0.20529,0.59558,0.99974,0.00956,0.02072,0.00189,223.30000
0.18843,0.20529,0.59578,0.99974,0.00956,0.02072,0.00189,223.50000
0.18843,0.20529,0.59598,0.99974,0.00956,0.02072,0.00189,223.70000
0.18843,0.20529,0.59618,0.99974,0.00956,0.02072,0.00189,223.90000
0.18843,0.20529,0.59638,0.99974,0.00956,0.02072,0.00189,224.10000
0.18843,0.20529,0.59658,0.99974,0.00956,0.02072,0.00189,224.30000
0.18843,0.20529,0.59678,0.99974,0.00956,0.02072,0.00189,224.50000
0.18843,0.20529,0.59698,0.99974,0.00956,0.02072,0.00189,224.70000
0.18843,0.20529,0.59718,0.99974,0.00956,0.02072,0.00189,224.90000
0.18843,0.20529,0.59738,0.99974,0.00956,0.02072,0.00189,225.10000
0.18843,0.20529,0.59758,0.99974,0.00956,0.02072,0.00189,225.30000
0.18843,0.20529,0.59778,0.99974,0.00956,0.02072,0.00189,225.50000
0.18843,0.20529,0.59798,0.99974,0.00956,0.02072,0.00189,225.70000
0.18843,0.20529,0.59818,0.99974,0.00956,0.02072,0.00189,225.90000
0.18843,0.20529,0.59838,0.99974,0.00956,0.02072,0.00189,226.10000
0.18843,0.20529,0.59858,0.99974,0.00956,0.02072,0.00189,226.30000
0.18843,0.20529,0.59878,0.99974,0.00956,0.02072,0.00189,226.50000
0.18843,0.20529,0.59898,0.99974,0.00956,0.02072,0.00189,226.70000
0.18843,0.20529,0.59918,0.99974,0.00956,0.02072,0.00189,226.90000
0.18843,0.20529,0.59938,0.99974,0.00956,0.02072,0.00189,227.10000
0.18843,0.20529,0.59958,0.99974,0.00956,0.02072,0.00189,227.30000
0.18843,0.20529,0.59978,0.99974,0.00956,0.02072,0.00189,227.50000
0.18843,0.20529,0.59998,0.99974,0.00956,0.02072,0.00189,227.70000
0.18843,0.20529,0.60018,0.99974,0.00956,0.02072,0.00189,227.90000
0.18843,0.20529,0.60038,0.99974,0.00956,0.02072,0.00189,228.10000
0.18843,0.20529,0.60058,0.99974,0.00956,0.02072,0.00189,228.30000
0.18843,0.20529,0.60078,0.99974,0.00956,0.02072,0.00189,228.50000
0.18843,0.20529,0.60098,0.99974,0.00956,0.02072,0.00189,228.70000
0.18843,0.20529,0.60118,0.99974,0.00956,0.02072,0.00189,228.90000
0.18843,0.20529,0.60138,0.99974,0.00956,0.02072,0.00189,229.10000
0.18843,0.20529,0.60158,0.99974,0.00956,0.02072,0.00189,229.30000
0.18843,0.20529,0.60178,0.99974,0.00956,0.02072,0.00189,229.50000
0.18843,0.20529,0.60198,0.99974,0.00956,0.02072,0.00189,229.70000
0.18843,0.20529,0.60218,0.99974,0.00956,0.02072,0.00189,229.90000
0.18843,0.20529,0.60238,0.99974,0.00956,0.02072,0.00189,230.10000
0.18843,0.20529,0.60258,0.99974,0.00956,0.02072,0.00189,230.30000
0.18843,0.20529,0.60278,0.99974,0.00956,0.02072,0.00189,230.50000
0.18843,0.20529,0.60298,0.99974,0.00956,0.02072,0.00189,230.70000
0.18843,0.20529,0.60318,0.99974,0.00956,0.02072,0.00189,230.90000
0.18843,0.20529,0.60338,0.99974,0.00956,0.02072,0.00189,231.10000
0.18843,0.20529,0.60358,0.99974,0.00956,0.02072,0.00189,231.30000
0.18843,0.20529,0.60378,0.99974,0.00956,0.02072,0.00189,231.50000
0.18843,0.20529,0.60398,0.99974,0.00956,0.02072,0.00189,231.70000
0.18843,0.20529,0.60418,0.99974,0.00956,0.02072,0.00189,231.90000
0.18843,0.20529,0.60438,0.99974,0.00956,0.02072,0.00189,232.10000
0.18843,0.20529,0.60458,0.99974,0.00956,0.02072,0.00189,232.30000
0.18843,0.20529,0.60478,0.99974,0.00956,0.02072,0.00189,232.50000
0.18843,0.20529,0.60498,0.99974,0.00956,0.02072,0.00189,232.70000
0.18843,0.20529,0.60518,0.99974,0.00956,0.02072,0.00189,232.90000
0.18843,0.20529,0.60538,0.99974,0.00956,0.02072,0.00189,233.10000
0.18843,0.20529,0.60558,0.99974,0.00956,0.02072,0.00189,233.30000
0.18843,0.20529,0.60578,0.99974,0.00956,0.02072,0.00189,233.50000
0.18843,0.20529,0.60598,0.99974,0.00956,0.02072,0.00189,233.70000
0.18843,0.20529,0.60618,0.99974,0.00956,0.02072,0.00189,233.90000
0.18843,0.20529,0.60638,0.99974,0.00956,0.02072,0.00189,234.10000
0.18843,0.20529,0.60658,0.99974,0.00956,0.02072,0.00189,234.30000
0.18843,0.20529,0.60678,0.99974,0.00956,0.02072,0.00189,234.50000
0.18843,0.20529,0.60698,0.99974,0.00956,0.02072,0.00189,234.70000
0.18843,0.20529,0.60718,0.99974,0.00956,0.02072,0.00189,234.90000
0.18843,0.20529,0.60738,0.99974,0.00956,0.02072,0.00189,235.10000
0.18843,0.20529,0.60758,0.99974,0.00956,0.02072,0.00189,235.30000
0.18843,0.20529,0.60778,0.99974,0.00956,0.02072,0.00189,235.50000
0.18843,0.20529,0.60798,0.99974,0.00956,0.02072,0.00189,235.70000
0.18843,0.20529,0.60818,0.99974,0.00956,0.02072,0.00189,235.90000
0.18843,0.20529,0.60838,0.99974,0.00956,0.02072,0.00189,236.10000
0.18843,0.20529,0.60858,0.99974,0.00956,0.02072,0.00189,236.30000
0.18843,0.20529,0.60878,0.99974,0.00956,0.02072,0.00189,236.50000
0.18843,0.20529,0.60898,0.99974,0.00956,0.02072,0.00189,236.70000
0.18843,0.20529,0.60918,0.99974,0.00956,0.02072,0.00189,236.90000
0.18843,0.20529,0.60938,0.99974,0.00956,0.02072,0.00189,237.10000
0.18843,0.20529,0.60958,0.99974,0.00956,0.02072,0.00189,237.30000
0.18843,0.20529,0.60978,0.99974,0.00956,0.02072,0.00189,237.50000
0.18843,0.20529,0.60998,0.99974,0.00956,0.02072,0.00189,237.70000
0.18843,0.20529,0.61018,0.99974,0.00956,0.02072,0.00189,237.90000
0.18843,0.20529,0.61038,0.99974,0.00956,0.02072,0.00189,238.10000
0.18843,0.20529,0.61058,0.99974,0.00956,0.02072,0.00189,238.30000
0.18843,0.20529,0.61078,0.99974,0.00956,0.02072,0.00189,238.50000
0.18843,0.20529,0.61098,0.99974,0.00956,0.02072,0.00189,238.70000
0.18843,0.20529,0.61118,0.99974,0.00956,0.02072,0.00189,238.90000
0.18843,0.20529,0.61138,0.99974,0.00956,0.02072,0.00189,239.10000
0.18843,0.20529,0.61158,0.99974,0.00956,0.02072,0.00189,239.30000
0.18843,0.20529,0.61178,0.99974,0.00956,0.02072,0.00189,239.50000
0.18843,0.20529,0.61198,0.99974,0.00956,0.02072,0.00189,239.70000
0.18843,0.20529,0.61218,0.99974,0.00956,0.02072,0.00189,239.90000
0.18843,0.20529,0.61238,0.99974,0.00956,0.02072,0.00189,240.10000
0.18843,0.20529,0.61258,0.99974,0.00956,0.02072,0.00189,240.30000
0.18843,0.20529,0.61278,0.99974,0.00956,0.02072,0.00189,240.50000
0.18843,0.20529,0.61298,0.99974,0.00956,0.02072,0.00189,240.70000
0.18843,0.20529,0.61318,0.99974,0.00956,0.02072,0.00189,240.90000
0.18843,0.20529,0.61338,0.99974,0.00956,0.02072,0.00189,241.10000
0.18843,0.20529,0.61358,0.99974,0.00956,0.02072,0.00189,241.30000
0.18843,0.20529,0.61378,0.99974,0.00956,0.02072,0.00189,241.50000
0.18843,0.20529,0.61398,0.99974,0.00956,0.02072,0.00189,241.70000
0.18843,0.20529,0.61418,0.99974,0.00956,0.02072,0.00189,241.90000
0.18843,0.20529,0.61438,0.99974,0.00956,0.02072,0.00189,242.10000
0.18843,0.20529,0.61458,0.99974,0.00956,0.02072,0.00189,242.30000
0.18843,0.20529,0.61478,0.99974,0.00956,0.02072,0.00189,242.50000
0.18843,0.20529,0.61498,0.99974,0.00956,0.02072,0.00189,242.70000
0.18843,0.20529,0.61518,0.99974,0.00956,0.02072,0.00189,242.90000
0.18843,0.20529,0.61538,0.99974,0.00956,0.02072,0.00189,243.10000
0.18843,0.20529,0.61558,0.99974,0.00956,0.02072,0.00189,243.30000
0.18843,0.20529,0.61578,0.99974,0.00956,0.02072,0.00189,243.50000
0.18843,0.20529,0.61598,0.99974,0.00956,0.02072,0.00189,243.70000
0.18843,0.20529,0.61618,0.99974,0.00956,0.02072,0.00189,243.90000
0.18843,0.20529,0.61638,0.99974,0.00956,0.02072,0.00189,244.10000
0.18843,0.20529,0.61658,0.99974,0.00956,0.02072,0.00189,244.30000
0.18843,0.20529,0.61678,0.99974,0.00956,0.02072,0.00189,244.50000
0.18843,0.20529,0.61698,0.99974,0.00956,0.02072,0.00189,244.70000
0.18843,0.20529,0.61718,0.99974,0.00956,0.02072,0.00189,244.90000
0.18843,0.20529,0.61738,0.99974,0.00956,0.02072,0.00189,245.10000
0.18843,0.20529,0.61758,0.99974,0.00956,0.02072,0.00189,245.30000
0.18843,0.20529,0.61778,0.99974,0.00956,0.02072,0.00189,245.50000
0.18843,0.20529,0.61798,0.99974,0.00956,0.02072,0.00189,245.70000
0.18843,0.20529,0.61818,0.99974,0.00956,0.02072,0.00189,245.90000
0.18843,0.20529,0.61838,0.99974,0.00956,0.02072,0.00189,246.10000
0.18843,0.20529,0.61858,0.99974,0.00956,0.02072,0.00189,246.30000
0.18843,0.20529,0.61878,0.99974,0.00956,0.02072,0.00189,246.50000
0.18843,0.20529,0.61898,0.99974,0.00956,0.02072,0.00189,246.70000
0.18843,0.20529,0.61918,0.99974,0.00956,0.02072,0.00189,246.90000
0.18843,0.20529,0.61938,0.99974,0.00956,0.02072,0.00189,247.10000
0.18843,0.20529,0.61958,0.99974,0.00956,0.02072,0.00189,247.30000
0.18843,0.20529,0.61978,0.99974,0.00956,0.02072,0.00189,247.50000
0.18843,0.20529,0.61998,0.99974,0.00956,0.02072,0.00189,247.70000
0.18843,0.20529,0.62018,0.99974,0.00956,0.02072,0.00189,247.90000
0.18843,0.20529,0.62038,0.99974,0.00956,0.02072,0.00189,248.10000
0.18843,0.20529,0.62058,0.99974,0.00956,0.02072,0.00189,248.30000
0.18843,0.20529,0.62078,0.99974,0.00956,0.02072,0.00189,248.50000
0.18843,0.20529,0.62098,0.99974,0.00956,0.02072,0.00189,248.70000
0.18843,0.20529,0.62118,0.99974,0.00956,0.02072,0.00189,248.90000
0.18843,0.20529,0.62138,0.99974,0.00956,0.02072,0.00189,249.10000
0.18843,0.20529,0.62158,0.99974,0.00956,0.02072,0.00189,249.30000
0.18843,0.20529,0.62178,0.99974,0.00956,0.02072,0.00189,249.50000
0.18843,0.20529,0.62198,0.99974,0.00956,0.02072,0.00189,249.70000
0.18843,0.20529,0.62218,0.99974,0.00956,0.02072,0.00189,249.90000
0.18843,0.20529,0.62238,0.99974,0.00956,0.02072,0.00189,250.10000
0.18843,0.20529,0.62258,0.99974,0.00956,0.02072,0.00189,250.30000
0.18843,0.20529,0.62278,0.99974,0.00956,0.02072,0.00189,250.50000
0.18843,0.20529,0.62298,0.99974,0.00956,0.02072,0.00189,250.70000
0.18843,0.20529,0.62318,0.99974,0.00956,0.02072,0.00189,250.90000
0.18843,0.20529,0.62338,0.99974,0.00956,0.02072,0.00189,251.10000
0.18843,0.20529,0.62358,0.99974,0.00956,0.02072,0.00189,251.30000
0.18843,0.20529,0.62378,0.99974,0.00956,0.02072,0.00189,251.50000
0.18843,0.20529,0.62398,0.99974,0.00956,0.02072,0.00189,251.70000
0.18843,0.20529,0.62418,0.99974,0.00956,0.02072,0.00189,251.90000
0.18843,0.20529,0.62438,0.99974,0.00956,0.02072,0.00189,252.10000
0.18843,0.20529,0.62458,0.99974,0.00956,0.02072,0.00189,252.30000
0.18843,0.20529,0.62478,0.99974,0.00956,0.02072,0.00189,252.50000
0.18843,0.20529,0.62498,0.99974,0.00956,0.02072,0.00189,252.70000
0.18843,0.20529,0.62518,0.99974,0.00956,0.02072,0.00189,252.90000
0.18843,0.20529,0.62538,0.99974,0.00956,0.02072,0.00189,253.10000
0.18843,0.20529,0.62558,0.99974,0.00956,0.02072,0.00189,253.30000
0.18843,0.20529,0.62578,0.99974,0.00956,0.02072,0.00189,253.50000
0.18843,0.20529,0.62598,0.99974,0.00956,0.02072,0.00189,253.70000
0.18843,0.20529,0.62618,0.99974,0.00956,0.02072,0.00189,253.90000
0.18843,0.20529,0.62638,0.99974,0.00956,0.02072,0.00189,254.10000
0.18843,0.20529,0.62658,0.99974,0.00956,0.02072,0.00189,254.30000
0.18843,0.20529,0.62678,0.99974,0.00956,0.02072,0.00189,254.50000
0.18843,0.20529,0.62698,0.99974,0.00956,0.02072,0.00189,254.70000
0.18843,0.20529,0.62718,0.99974,0.00956,0.02072,0.00189,254.90000
0.18843,0.20529,0.62738,0.99974,0.00956,0.02072,0.00189,255.10000
0.18843,0.20529,0.62758,0.99974,0.00956,0.02072,0.00189,255.30000
0.18843,0.20529,0.62778,0.99974,0.00956,0.02072,0.00189,255.50000
0.18843,0.20529,0.62798,0.99974,0.00956,0.02072,0.00189,255.70000
0.18843,0.20529,0.62818,0.99974,0.00956,0.02072,0.00189,255.90000
0.18843,0.20529,0.62838,0.99974,0.00956,0.02072,0.00189,256.10000
0.18843,0.20529,0.62858,0.99974,0.00956,0.02072,0.00189,256.30000
0.18843,0.20529,0.62878,0.99974,0.00956,0.02072,0.00189,256.50000
0.18843,0.20529,0.62898,0.99974,0.00956,0.02072,0.00189,256.70000
0.18843,0.20529,0.62918,0.99974,0.00956,0.02072,0.00189,256.90000
0.18843,0.20529,0.62938,0.99974,0.00956,0.02072,0.00189,257.10000
0.18843,0.20529,0.62958,0.99974,0.00956,0.02072,0.00189,257.30000
0.18843,0.20529,0.62978,0.99974,0.00956,0.02072,0.00189,257.50000
0.18843,0.20529,0.62998,0.99974,0.00956,0.02072,0.00189,257.70000
0.18843,0.20529,0.63018,0.99974,0.00956,0.02072,0.00189,257.90000
0.18843,0.20529,0.63038,0.99974,0.00956,0.02072,0.00189,258.10000
0.18843,0.20529,0.63058,0.99974,0.00956,0.02072,0.00189,258.30000
0.18843,0.20529,0.63078,0.99974,0.00956,0.02072,0.00189,258.50000
0.18843,0.20529,0.63098,0.99974,0.00956,0.02072,0.00189,258.70000
0.18843,0.20529,0.63118,0.99974,0.00956,0.02072,0.00189,258.90000
0.18843,0.20529,0.63138,0.99974,0.00956,0.02072,0.00189,259.10000
0.18843,0.20529,0.63158,0.99974,0.00956,0.02072,0.00189,259.30000
0.18843,0.20529,0.63178,0.99974,0.00956,0.02072,0.00189,259.50000
0.18843,0.20529,0.63198,0.99974,0.00956,0.02072,0.00189,259.70000
0.18843,0.20529,0.63218,0.99974,0.00956,0.02072,0.00189,259.90000
0.18843,0.20529,0.63238,0.99974,0.00956,0.02072,0.00189,260.10000
0.18843,0.20529,0.63258,0.99974,0.00956,0.02072,0.00189,260.30000
0.18843,0.20529,0.63278,0.99974,0.00956,0.02072,0.00189,260.50000
0.18843,0.20529,0.63298,0.99974,0.00956,0.02072,0.00189,260.70000
0.18843,0.20529,0.63318,0.99974,0.00956,0.02072,0.00189,260.90000
0.18843,0.20529,0.63338,0.99974,0.00956,0.02072,0.00189,261.10000
0.18843,0.20529,0.63358,0.99974,0.00956,0.02072,0.00189,261.30000
0.18843,0.20529,0.63378,0.99974,0.00956,0.02072,0.00189,261.50000
0.18843,0.20529,0.63398,0.99974,0.00956,0.02072,0.00189,261.70000
0.18843,0.20529,0.63418,0.99974,0.00956,0.02072,0.00189,261.90000
0.18843,0.20529,0.63438,0.99974,0.00956,0.02072,0.00189,262.10000
0.18843,0.20529,0.63458,0.99974,0.00956,0.02072,0.00189,262.30000
0.18843,0.20529,0.63478,0.99974,0.00956,0.02072,0.00189,262.50000
0.18843,0.20529,0.63498,0.99974,0.00956,0.02072,0.00189,262.70000
0.18843,0.20529,0.63518,0.99974,0.00956,0.02072,0.00189,262.90000
0.18843,0.20529,0.63538,0.99974,0.00956,0.02072,0.00189,263.10000
0.18843,0.20529,0.63558,0.99974,0.00956,0.02072,0.00189,263.30000
0.18843,0.20529,0.63578,0.99974,0.00956,0.02072,0.00189,263.50000
0.18843,0.20529,0.63598,0.99974,0.00956,0.02072,0.00189,263.70000
0.18843,0.20529,0.63618,0.99974,0.00956,0.02072,0.00189,263.90000
0.18843,0.20529,0.63638,0.99974,0.00956,0.02072,0.00189,264.10000
0.18843,0.20529,0.63658,0.99974,0.00956,0.02072,0.00189,264.30000
0.18843,0.20529,0.63678,0.99974,0.00956,0.02072,0.00189,264.50000
0.18843,0.20529,0.63698,0.99974,0.00956,0.02072,0.00189,264.70000
0.18843,0.20529,0.63718,0.99974,0.00956,0.02072,0.00189,264.90000
0.18843,0.20529,0.63738,0.99974,0.00956,0.02072,0.00189,265.10000
0.18843,0.20529,0.63758,0.99974,0.00956,0.02072,0.00189,265.30000
0.18843,0.20529,0.63778,0.99974,0.00956,0.02072,0.00189,265.50000
0.18843,0.20529,0.63798,0.99974,0.00956,0.02072,0.00189,265.70000
0.18843,0.20529,0.63818,0.99974,0.00956,0.02072,0.00189,265.90000
0.18843,0.20529,0.63838,0.99974,0.00956,0.02072,0.00189,266.10000
0.18843,0.20529,0.63858,0.99974,0.00956,0.02072,0.00189,266.30000
0.18843,0.20529,0.63878,0.99974,0.00956,0.02072,0.00189,266.50000
0.18843,0.20529,0.63898,0.99974,0.00956,0.02072,0.00189,266.70000
0.18843,0.20529,0.63918,0.99974,0.00956,0.02072,0.00189,266.90000
0.18843,0.20529,0.63938,0.99974,0.00956,0.02072,0.00189,267.10000
0.18843,0.20529,0.63958,0.99974,0.00956,0.02072,0.00189,267.30000
0.18843,0.20529,0.63978,0.99974,0.00956,0.02072,0.00189,267.50000
0.18843,0.20529,0.63998,0.99974,0.00956,0.02072,0.00189,267.70000
0.18843,0.20529,0.64018,0.99974,0.00956,0.02072,0.00189,267.90000
0.18843,0.20529,0.64038,0.99974,0.00956,0.02072,0.00189,268.10000
0.18843,0.20529,0.64058,0.99974,0.00956,0.02072,0.00189,268.30000
0.18843,0.20529,0.64078,0.99974,0.00956,0.02072,0.00189,268.50000
0.18843,0.20529,0.64098,0.99974,0.00956,0.02072,0.00189,268.70000
0.18843,0.20529,0.64118,0.99974,0.00956,0.02072,0.00189,268.90000
0.18843,0.20529,0.64138,0.99974,0.00956,0.02072,0.00189,269.10000
0.18843,0.20529,0.64158,0.99974,0.00956,0.02072,0.00189,269.30000
0.18843,0.20529,0.64178,0.99974,0.00956,0.02072,0.00189,269.50000
0.18843,0.20529,0.64198,0.99974,0.00956,0.02072,0.00189,269.70000
0.18843,0.20529,0.64218,0.99974,0.00956,0.02072,0.00189,269.90000
0.18843,0.20529,0.64238,0.99974,0.00956,0.02072,0.00189,270.10000
0.18843,0.20529,0.64258,0.99974,0.00956,0.02072,0.00189,270.30000
0.18843,0.20529,0.64278,0.99974,0.00956,0.02072,0.00189,270.50000
0.18843,0.20529,0.64298,0.99974,0.00956,0.02072,0.00189,270.70000
0.18843,0.20529,0.64318,0.99974,0.00956,0.02072,0.00189,270.90000
0.18843,0.20529,0.64338,0.99974,0.00956,0.02072,0.00189,271.10000
0.18843,0.20529,0.64358,0.99974,0.00956,0.02072,0.00189,271.30000
0.18843,0.20529,0.64378,0.99974,0.00956,0.02072,0.00189,271.50000
0.18843,0.20529,0.64398,0.99974,0.00956,0.02072,0.00189,271.70000
0.18843,0.20529,0.64418,0.99974,0.00956,0.02072,0.00189,271.90000
0.18843,0.20529,0.64438,0.99974,0.00956,0.02072,0.00189,272.10000
0.18843,0.20529,0.64458,0.99974,0.00956,0.02072,0.00189,272.30000
0.18843,0.20529,0.64478,0.99974,0.00956,0.02072,0.00189,272.50000
0.18843,0.20529,0.64498,0.99974,0.00956,0.02072,0.00189,272.70000
0.18843,0.20529,0.64518,0.99974,0.00956,0.02072,0.00189,272.90000
0.18843,0.20529,0.64538,0.99974,0.00956,0.02072,0.00189,273.10000
0.18843,0.20529,0.64558,0.99974,0.00956,0.02072,0.00189,273.30000
0.18843,0.20529,0.64578,0.99974,0.00956,0.02072,0.00189,273.50000
0.18843,0.20529,0.64598,0.99974,0.00956,0.02072,0.00189,273.70000
0.18843,0.20529,0.64618,0.99974,0.00956,0.02072,0.00189,273.90000
0.18843,0.20529,0.64638,0.99974,0.00956,0.02072,0.00189,274.10000
0.18843,0.20529,0.64658,0.99974,0.00956,0.02072,0.00189,274.30000
0.18843,0.20529,0.64678,0.99974,0.00956,0.02072,0.00189,274.50000
0.18843,0.20529,0.64698,0.99974,0.00956,0.02072,0.00189,274.70000
0.18843,0.20529,0.64718,0.99974,0.00956,0.02072,0.00189,274.90000
0.18843,0.20529,0.64738,0.99974,0.00956,0.02072,0.00189,275.10000
0.18843,0.20529,0.64758,0.99974,0.00956,0.02072,0.00189,275.30000
0.18843,0.20529,0.64778,0.99974,0.00956,0.02072,0.00189,275.50000
0.18843,0.20529,0.64798,0.99974,0.00956,0.02072,0.00189,275.70000
0.18843,0.20529,0.64818,0.99974,0.00956,0.02072,0.00189,275.90000
0.18843,0.20529,0.64838,0.99974,0.00956,0.02072,0.00189,276.10000
0.18843,0.20529,0.64858,0.99974,0.00956,0.02072,0.00189,276.30000
0.18843,0.20529,0.64878,0.99974,0.00956,0.02072,0.00189,276.50000
0.18843,0.20529,0.64898,0.99974,0.00956,0.02072,0.00189,276.70000
0.18843,0.20529,0.64918,0.99974,0.00956,0.02072,0.00189,276.90000
0.18843,0.20529,0.64938,0.99974,0.00956,0.02072,0.00189,277.10000
0.18843,0.20529,0.64958,0.99974,0.00956,0.02072,0.00189,277.30000
0.18843,0.20529,0.64978,0.99974,0.00956,0.02072,0.00189,277.50000
0.18843,0.20529,0.64998,0.99974,0.00956,0.02072,0.00189,277.70000
0.18843,0.20529,0.65018,0.99974,0.00956,0.02072,0.00189,277.90000
0.18843,0.20529,0.65038,0.99974,0.00956,0.02072,0.00189,278.10000
0.18843,0.20529,0.65058,0.99974,0.00956,0.02072,0.00189,278.30000
0.18843,0.20529,0.65078,0.99974,0.00956,0.02072,0.00189,278.50000
0.18843,0.20529,0.65098,0.99974,0.00956,0.02072,0.00189,278.70000
0.18843,0.20529,0.65118,0.99974,0.00956,0.02072,0.00189,278.90000
0.18843,0.20529,0.65138,0.99974,0.00956,0.02072,0.00189,279.10000
0.18843,0.20529,0.65158,0.99974,0.00956,0.02072,0.00189,279.30000
0.18843,0.20529,0.65178,0.99974,0.00956,0.02072,0.00189,279.50000
0.18843,0.20529,0.65198,0.99974,0.00956,0.02072,0.00189,279.70000
0.18843,0.20529,0.65218,0.99974,0.00956,0.02072,0.00189,279.90000
0.18843,0.20529,0.65238,0.99974,0.00956,0.02072,0.00189,280.10000
0.18843,0.20529,0.65258,0.99974,0.00956,0.02072,0.00189,280.30000
0.18843,0.20529,0.65278,0.99974,0.00956,0.02072,0.00189,280.50000
0.18843,0.20529,0.65298,0.99974,0.00956,0.02072,0.00189,280.70000
0.18843,0.20529,0.65318,0.99974,0.00956,0.02072,0.00189,280.90000
0.18843,0.20529,0.65338,0.99974,0.00956,0.02072,0.00189,281.10000
0.18843,0.20529,0.65358,0.99974,0.00956,0.02072,0.00189,281.30000
0.18843,0.20529,0.65378,0.99974,0.00956,0.02072,0.00189,281.50000
0.18843,0.20529,0.65398,0.99974,0.00956,0.02072,0.00189,281.70000
0.18843,0.20529,0.65418,0.99974,0.00956,0.02072,0.00189,281.90000
0.18843,0.20529,0.65438,0.99974,0.00956,0.02072,0.00189,282.10000
0.18843,0.20529,0.65458,0.99974,0.00956,0.02072,0.00189,282.30000
0.18843,0.20529,0.65478,0.99974,0.00956,0.02072,0.00189,282.50000
0.18843,0.20529,0.65498,0.99974,0.00956,0.02072,0.00189,282.70000
0.18843,0.20529,0.65518,0.99974,0.00956,0.02072,0.00189,282.90000
0.18843,0.20529,0.65538,0.99974,0.00956,0.02072,0.00189,283.10000
0.18843,0.20529,0.65558,0.99974,0.00956,0.02072,0.00189,283.30000
0.18843,0.20529,0.65578,0.99974,0.00956,0.02072,0.00189,283.50000
0.18843,0.20529,0.65598,0.99974,0.00956,0.02072,0.00189,283.70000
0.18843,0.20529,0.65618,0.99974,0.00956,0.02072,0.00189,283.90000
0.18843,0.20529,0.65638,0.99974,0.00956,0.02072,0.00189,284.10000
0.18843,0.20529,0.65658,0.99974,0.00956,0.02072,0.00189,284.30000
0.18843,0.20529,0.65678,0.99974,0.00956,0.02072,0.00189,284.50000
0.18843,0.20529,0.65698,0.99974,0.00956,0.02072,0.00189,284.70000
0.18843,0.20529,0.65718,0.99974,0.00956,0.02072,0.00189,284.90000
0.18843,0.20529,0.65738,0.99974,0.00956,0.02072,0.00189,285.10000
0.18843,0.20529,0.65758,0.99974,0.00956,0.02072,0.00189,285.30000
0.18843,0.20529,0.65778,0.99974,0.00956,0.02072,0.00189,285.50000
0.18843,0.20529,0.65798,0.99974,0.00956,0.02072,0.00189,285.70000
0.18843,0.20529,0.65818,0.99974,0.00956,0.02072,0.00189,285.90000
0.18843,0.20529,0.65838,0.99974,0.00956,0.02072,0.00189,286.10000
0.18843,0.20529,0.65858,0.99974,0.00956,0.02072,0.00189,286.30000
0.18843,0.20529,0.65878,0.99974,0.00956,0.02072,0.00189,286.50000
0.18843,0.20529,0.65898,0.99974,0.00956,0.02072,0.00189,286.70000
0.18843,0.20529,0.65918,0.99974,0.00956,0.02072,0.00189,286.90000
0.18843,0.20529,0.65938,0.99974,0.00956,0.02072,0.00189,287.10000
0.18843,0.20529,0.65958,0.99974,0.00956,0.02072,0.00189,287.30000
0.18843,0.20529,0.65978,0.99974,0.00956,0.02072,0.00189,287.50000
0.18843,0.20529,0.65998,0.99974,0.00956,0.02072,0.00189,287.70000
0.18843,0.20529,0.66018,0.99974,0.00956,0.02072,0.00189,287.90000
0.18843,0.20529,0.66038,0.99974,0.00956,0.02072,0.00189,288.10000
0.18843,0.20529,0.66058,0.99974,0.00956,0.02072,0.00189,288.30000
0.18843,0.20529,0.66078,0.99974,0.00956,0.02072,0.00189,288.50000
0.18843,0.20529,0.66098,0.99974,0.00956,0.02072,0.00189,288.70000
0.18843,0.20529,0.66118,0.99974,0.00956,0.02072,0.00189,288.90000
0.18843,0.20529,0.66138,0.99974,0.00956,0.02072,0.00189,289.10000
0.18843,0.20529,0.66158,0.99974,0.00956,0.02072,0.00189,289.30000
0.18843,0.20529,0.66178,0.99974,0.00956,0.02072,0.00189,289.50000
0.18843,0.20529,0.66198,0.99974,0.00956,0.02072,0.00189,289.70000
0.18843,0.20529,0.66218,0.99974,0.00956,0.02072,0.00189,289.90000
0.18843,0.20529,0.66238,0.99974,0.00956,0.02072,0.00189,290.10000
0.18843,0.20529,0.66258,0.99974,0.00956,0.02072,0.00189,290.30000
0.18843,0.20529,0.66278,0.99974,0.00956,0.02072,0.00189,290.50000
0.18843,0.20529,0.66298,0.99974,0.00956,0.02072,0.00189,290.70000
0.18843,0.20529,0.66318,0.99974,0.00956,0.02072,0.00189,290.90000
0.18843,0.20529,0.66338,0.99974,0.00956,0.02072,0.00189,291.10000
0.18843,0.20529,0.66358,0.99974,0.00956,0.02072,0.00189,291.30000
0.18843,0.20529,0.66378,0.99974,0.00956,0.02072,0.00189,291.50000
0.18843,0.20529,0.66398,0.99974,0.00956,0.02072,0.00189,291.70000
0.18843,0.20529,0.66418,0.99974,0.00956,0.02072,0.00189,291.90000
0.18843,0.20529,0.66438,0.99974,0.00956,0.02072,0.00189,292.10000
0.18843,0.20529,0.66458,0.99974,0.00956,0.02072,0.00189,292.30000
0.18843,0.20529,0.66478,0.99974,0.00956,0.02072,0.00189,292.50000
0.18843,0.20529,0.66498,0.99974,0.00956,0.02072,0.00189,292.70000
0.18843,0.20529,0.66518,0.99974,0.00956,0.02072,0.00189,292.90000
0.18843,0.20529,0.66538,0.99974,0.00956,0.02072,0.00189,293.10000
0.18843,0.20529,0.66558,0.99974,0.00956,0.02072,0.00189,293.30000
0.18843,0.20529,0.66578,0.99974,0.00956,0.02072,0.00189,293.50000
0.18843,0.20529,0.66598,0.99974,0.00956,0.02072,0.00189,293.70000
0.18843,0.20529,0.66618,0.99974,0.00956,0.02072,0.00189,293.90000
0.18843,0.20529,0.66638,0.99974,0.00956,0.02072,0.00189,294.10000
0.18843,0.20529,0.66658,0.99974,0.00956,0.02072,0.00189,294.30000
0.18843,0.20529,0.66678,0.99974,0.00956,0.02072,0.00189,294.50000
0.18843,0.20529,0.66698,0.99974,0.00956,0.02072,0.00189,294.70000
0.18843,0.20529,0.66718,0.99974,0.00956,0.02072,0.00189,294.90000
0.18843,0.20529,0.66738,0.99974,0.00956,0.02072,0.00189,295.10000
0.18843,0.20529,0.66758,0.99974,0.00956,0.02072,0.00189,295.30000
0.18843,0.20529,0.66778,0.99974,0.00956,0.02072,0.00189,295.50000
0.18843,0.20529,0.66798,0.99974,0.00956,0.02072,0.00189,295.70000
0.18843,0.20529,0.66818,0.99974,0.00956,0.02072,0.00189,295.90000
0.18843,0.20529,0.66838,0.99974,0.00956,0.02072,0.00189,296.10000
0.18843,0.20529,0.66858,0.99974,0.00956,0.02072,0.00189,296.30000
0.18843,0.20529,0.66878,0.99974,0.00956,0.02072,0.00189,296.50000
0.18843,0.20529,0.66898,0.99974,0.00956,0.02072,0.00189,296.70000
0.18843,0.20529,0.66918,0.99974,0.00956,0.02072,0.00189,296.90000
0.18843,0.20529,0.66938,0.99974,0.00956,0.02072,0.00189,297.10000
0.18843,0.20529,0.66958,0.99974,0.00956,0.02072,0.00189,297.30000
0.18843,0.20529,0.66978,0.99974,0.00956,0.02072,0.00189,297.50000
0.18843,0.20529,0.66998,0.99974,0.00956,0.02072,0.00189,297.70000
0.18843,0.20529,0.67018,0.99974,0.00956,0.02072,0.00189,297.90000
0.18843,0.20529,0.67038,0.99974,0.00956,0.02072,0.00189,298.10000
0.18843,0.20529,0.67058,0.99974,0.00956,0.02072,0.00189,298.30000
0.18843,0.20529,0.67078,0.99974,0.00956,0.02072,0.00189,298.50000
0.18843,0.20529,0.67098,0.99974,0.00956,0.02072,0.00189,298.70000
0.18843,0.20529,0.67118,0.99974,0.00956,0.02072,0.00189,298.90000
0.18843,0.20529,0.67138,0.99974,0.00956,0.02072,0.00189,299.10000
0.18843,0.20529,0.67158,0.99974,0.00956,0.02072,0.00189,299.30000
0.18843,0.20529,0.67178,0.99974,0.00956,0.02072,0.00189,299.50000
0.18843,0.20529,0.67198,0.99974,0.00956,0.02072,0.00189,299.70000
0.18843,0.20529,0.67218,0.99974,0.00956,0.02072,0.00189,299.90000
0.18843,0.20529,0.67238,0.99974,0.00956,0.02072,0.00189,300.10000
0.18843,0.20529,0.67258,0.99974,0.00956,0.02072,0.00189,300.30000
0.18843,0.20529,0.67278,0.99974,0.00956,0.02072,0.00189,300.50000
0.18843,0.20529,0.67298,0.99974,0.00956,0.02072,0.00189,300.70000
0.18843,0.20529,0.67318,0.99974,0.00956,0.02072,0.00189,300.90000
0.18843,0.20529,0.67338,0.99974,0.00956,0.02072,0.00189,301.10000
0.18843,0.20529,0.67358,0.99974,0.00956,0.02072,0.00189,301.30000
0.18843,0.20529,0.67378,0.99974,0.00956,0.02072,0.00189,301.50000
0.18843,0.20529,0.67398,0.99974,0.00956,0.02072,0.00189,301.70000
0.18843,0.20529,0.67418,0.99974,0.00956,0.02072,0.00189,301.90000
0.18843,0.20529,0.67438,0.99974,0.00956,0.02072,0.00189,302.10000
0.18843,0.20529,0.67458,0.99974,0.00956,0.02072,0.00189,302.30000
0.18843,0.20529,0.67478,0.99974,0.00956,0.02072,0.00189,302.50000
0.18843,0.20529,0.67498,0.99974,0.00956,0.02072,0.00189,302.70000
0.18843,0.20529,0.67518,0.99974,0.00956,0.02072,0.00189,302.90000
0.18843,0.20529,0.67538,0.99974,0.00956,0.02072,0.00189,303.10000
0.18843,0.20529,0.67558,0.99974,0.00956,0.02072,0.00189,303.30000
0.18843,0.20529,0.67578,0.99974,0.00956,0.02072,0.00189,303.50000
0.18843,0.20529,0.67598,0.99974,0.00956,0.02072,0.00189,303.70000
0.18843,0.20529,0.67618,0.99974,0.00956,0.02072,0.00189,303.90000
0.18843,0.20529,0.67638,0.99974,0.00956,0.02072,0.00189,304.10000
0.18843,0.20529,0.67658,0.99974,0.00956,0.02072,0.00189,304.30000
0.18843,0.20529,0.67678,0.99974,0.00956,0.02072,0.00189,304.50000
0.18843,0.20529,0.67698,0.99974,0.00956,0.02072,0.00189,304.70000
0.18843,0.20529,0.67718,0.99974,0.00956,0.02072,0.00189,304.90000
0.18843,0.20529,0.67738,0.99974,0.00956,0.02072,0.00189,305.10000
0.18843,0.20529,0.67758,0.99974,0.00956,0.02072,0.00189,305.30000
0.18843,0.20529,0.67778,0.99974,0.00956,0.02072,0.00189,305.50000
0.18843,0.20529,0.67798,0.99974,0.00956,0.02072,0.00189,305.70000
0.18843,0.20529,0.67818,0.99974,0.00956,0.02072,0.00189,305.90000
0.18843,0.20529,0.67838,0.99974,0.00956,0.02072,0.00189,306.10000
0.18843,0.20529,0.67858,0.99974,0.00956,0.02072,0.00189,306.30000
0.18843,0.20529,0.67878,0.99974,0.00956,0.02072,0.00189,306.50000
0.18843,0.20529,0.67898,0.99974,0.00956,0.02072,0.00189,306.70000
0.18843,0.20529,0.67918,0.99974,0.00956,0.02072,0.00189,306.90000
0.18843,0.20529,0.67938,0.99974,0.00956,0.02072,0.00189,307.10000
0.18843,0.20529,0.67958,0.99974,0.00956,0.02072,0.00189,307.30000
0.18843,0.20529,0.67978,0.99974,0.00956,0.02072,0.00189,307.50000
0.18843,0.20529,0.67998,0.99974,0.00956,0.02072,0.00189,307.70000
0.18843,0.20529,0.68018,0.99974,0.00956,0.02072,0.00189,307.90000
0.18843,0.20529,0.68038,0.99974,0.00956,0.02072,0.00189,308.10000
0.18843,0.20529,0.68058,0.99974,0.00956,0.02072,0.00189,308.30000
0.18843,0.20529,0.68078,0.99974,0.00956,0.02072,0.00189,308.50000
0.18843,0.20529,0.68098,0.99974,0.00956,0.02072,0.00189,308.70000
0.18843,0.20529,0.68118,0.99974,0.00956,0.02072,0.00189,308.90000
0.18843,0.20529,0.68138,0.99974,0.00956,0.02072,0.00189,309.10000
0.18843,0.20529,0.68158,0.99974,0.00956,0.02072,0.00189,309.30000
0.18843,0.20529,0.68178,0.99974,0.00956,0.02072,0.00189,309.50000
0.18843,0.20529,0.68198,0.99974,0.00956,0.02072,0.00189,309.70000
0.18843,0.20529,0.68218,0.99974,0.00956,0.02072,0.00189,309.90000
0.18843,0.20529,0.68238,0.99974,0.00956,0.02072,0.00189,310.10000
0.18843,0.20529,0.68258,0.99974,0.00956,0.02072,0.00189,310.30000
0.18843,0.20529,0.68278,0.99974,0.00956,0.02072,0.00189,310.50000
0.18843,0.20529,0.68298,0.99974,0.00956,0.02072,0.00189,310.70000
0.18843,0.20529,0.68318,0.99974,0.00956,0.02072,0.00189,310.90000
0.18843,0.20529,0.68338,0.99974,0.00956,0.02072,0.00189,311.10000
0.18843,0.20529,0.68358,0.99974,0.00956,0.02072,0.00189,311.30000
0.18843,0.20529,0.68378,0.99974,0.00956,0.02072,0.00189,311.50000
0.18843,0.20529,0.68398,0.99974,0.00956,0.02072,0.00189,311.70000
0.18843,0.20529,0.68418,0.99974,0.00956,0.02072,0.00189,311.90000
0.18843,0.20529,0.68438,0.99974,0.00956,0.02072,0.00189,312.10000
0.18843,0.20529,0.68458,0.99974,0.00956,0.02072,0.00189,312.30000
0.18843,0.20529,0.68478,0.99974,0.00956,0.02072,0.00189,312.50000
0.18843,0.20529,0.68498,0.99974,0.00956,0.02072,0.00189,312.70000
0.18843,0.20529,0.68518,0.99974,0.00956,0.02072,0.00189,312.90000
0.18843,0.20529,0.68538,0.99974,0.00956,0.02072,0.00189,313.10000
0.18843,0.20529,0.68558,0.99974,0.00956,0.02072,0.00189,313.30000
0.18843,0.20529,0.68578,0.99974,0.00956,0.02072,0.00189,313.50000
0.18843,0.20529,0.68598,0.99974,0.00956,0.02072,0.00189,313.70000
0.18843,0.20529,0.68618,0.99974,0.00956,0.02072,0.00189,313.90000
0.18843,0.20529,0.68638,0.99974,0.00956,0.02072,0.00189,314.10000
0.18843,0.20529,0.68658,0.99974,0.00956,0.02072,0.00189,314.30000
0.18843,0.20529,0.68678,0.99974,0.00956,0.02072,0.00189,314.50000
0.18843,0.20529,0.68698,0.99974,0.00956,0.02072,0.00189,314.70000
0.18843,0.20529,0.68718,0.99974,0.00956,0.02072,0.00189,314.90000
0.18843,0.20529,0.68738,0.99974,0.00956,0.02072,0.00189,315.10000
0.18843,0.20529,0.68758,0.99974,0.00956,0.02072,0.00189,315.30000
0.18843,0.20529,0.68778,0.99974,0.00956,0.02072,0.00189,315.50000
0.18843,0.20529,0.68798,0.99974,0.00956,0.02072,0.00189,315.70000
0.18843,0.20529,0.68818,0.99974,0.00956,0.02072,0.00189,315.90000
0.18843,0.20529,0.68838,0.99974,0.00956,0.02072,0.00189,316.10000
0.18843,0.20529,0.68858,0.99974,0.00956,0.02072,0.00189,316.30000
0.18843,0.20529,0.68878,0.99974,0.00956,0.02072,0.00189,316.50000
0.18843,0.20529,0.68898,0.99974,0.00956,0.02072,0.00189,316.70000
0.18843,0.20529,0.68918,0.99974,0.00956,0.02072,0.00189,316.90000
0.18843,0.20529,0.68938,0.99974,0.00956,0.02072,0.00189,317.10000
0.18843,0.20529,0.68958,0.99974,0.00956,0.02072,0.00189,317.30000
0.18843,0.20529,0.68978,0.99974,0.00956,0.02072,0.00189,317.50000
0.18843,0.20529,0.68998,0.99974,0.00956,0.02072,0.00189,317.70000
0.18843,0.20529,0.69018,0.99974,0.00956,0.02072,0.00189,317.90000
0.18843,0.20529,0.69038,0.99974,0.00956,0.02072,0.00189,318.10000
0.18843,0.20529,0.69058,0.99974,0.00956,0.02072,0.00189,318.30000
0.18843,0.20529,0.69078,0.99974,0.00956,0.02072,0.00189,318.50000
0.18843,0.20529,0.69098,0.99974,0.00956,0.02072,0.00189,318.70000
0.18843,0.20529,0.69118,0.99974,0.00956,0.02072,0.00189,318.90000
0.18843,0.20529,0.69138,0.99974,0.00956,0.02072,0.00189,319.10000
0.18843,0.20529,0.69158,0.99974,0.00956,0.02072,0.00189,319.30000
0.18843,0.20529,0.69178,0.99974,0.00956,0.02072,0.00189,319.50000
0.18843,0.20529,0.69198,0.99974,0.00956,0.02072,0.00189,319.70000
0.18843,0.20529,0.69218,0.99974,0.00956,0.02072,0.00189,319.90000
0.18843,0.20529,0.69238,0.99974,0.00956,0.02072,0.00189,320.10000
0.18843,0.20529,0.69258,0.99974,0.00956,0.02072,0.00189,320.30000
0.18843,0.20529,0.69278,0.99974,0.00956,0.02072,0.00189,320.50000
0.18843,0.20529,0.69298,0.99974,0.00956,0.02072,0.00189,320.70000
0.18843,0.20529,0.69318,0.99974,0.00956,0.02072,0.00189,320.90000
0.18843,0.20529,0.69338,0.99974,0.00956,0.02072,0.00189,321.10000
0.18843,0.20529,0.69358,0.99974,0.00956,0.02072,0.00189,321.30000
0.18843,0.20529,0.69378,0.99974,0.00956,0.02072,0.00189,321.50000
0.18843,0.20529,0.69398,0.99974,0.00956,0.02072,0.00189,321.70000
0.18843,0.20529,0.69418,0.99974,0.00956,0.02072,0.00189,321.90000
0.18843,0.20529,0.69438,0.99974,0.00956,0.02072,0.00189,322.10000
0.18843,0.20529,0.69458,0.99974,0.00956,0.02072,0.00189,322.30000
0.18843,0.20529,0.69478,0.99974,0.00956,0.02072,0.00189,322.50000
0.18843,0.20529,0.69498,0.99974,0.00956,0.02072,0.00189,322.70000
0.18843,0.20529,0.69518,0.99974,0.00956,0.02072,0.00189,322.90000
0.18843,0.20529,0.69538,0.99974,0.00956,0.02072,0.00189,323.10000
0.18843,0.20529,0.69558,0.99974,0.00956,0.02072,0.00189,323.30000
0.18843,0.20529,0.69578,0.99974,0.00956,0.02072,0.00189,323.50000
0.18843,0.20529,0.69598,0.99974,0.00956,0.02072,0.00189,323.70000
0.18843,0.20529,0.69618,0.99974,0.00956,0.02072,0.00189,323.90000
0.18843,0.20529,0.69638,0.99974,0.00956,0.02072,0.00189,324.10000
0.18843,0.20529,0.69658,0.99974,0.00956,0.02072,0.00189,324.30000
0.18843,0.20529,0.69678,0.99974,0.00956,0.02072,0.00189,324.50000
0.18843,0.20529,0.69698,0.99974,0.00956,0.02072,0.00189,324.70000
0.18843,0.20529,0.69718,0.99974,0.00956,0.02072,0.00189,324.90000
0.18843,0.20529,0.69738,0.99974,0.00956,0.02072,0.00189,325.10000
0.18843,0.20529,0.69758,0.99974,0.00956,0.02072,0.00189,325.30000
0.18843,0.20529,0.69778,0.99974,0.00956,0.02072,0.00189,325.50000
0.18843,0.20529,0.69798,0.99974,0.00956,0.02072,0.00189,325.70000
0.18843,0.20529,0.69818,0.99974,0.00956,0.02072,0.00189,325.90000
0.18843,0.20529,0.69838,0.99974,0.00956,0.02072,0.00189,326.10000
0.18843,0.20529,0.69858,0.99974,0.00956,0.02072,0.00189,326.30000
0.18843,0.20529,0.69878,0.99974,0.00956,0.02072,0.00189,326.50000
0.18843,0.20529,0.69898,0.99974,0.00956,0.02072,0.00189,326.70000
0.18843,0.20529,0.69918,0.99974,0.00956,0.02072,0.00189,326.90000
0.18843,0.20529,0.69938,0.99974,0.00956,0.02072,0.00189,327.10000
0.18843,0.20529,0.69958,0.99974,0.00956,0.02072,0.00189,327.30000
0.18843,0.20529,0.69978,0.99974,0.00956,0.02072,0.00189,327.50000
0.18843,0.20529,0.69998,0.99974,0.00956,0.02072,0.00189,327.70000
0.18843,0.20529,0.70018,0.99974,0.00956,0.02072,0.00189,327.90000
0.18843,0.20529,0.70038,0.99974,0.00956,0.02072,0.00189,328.10000
0.18843,0.20529,0.70058,0.99974,0.00956,0.02072,0.00189,328.30000
0.18843,0.20529,0.70078,0.99974,0.00956,0.02072,0.00189,328.50000
0.18843,0.20529,0.70098,0.99974,0.00956,0.02072,0.00189,328.70000
0.18843,0.20529,0.70118,0.99974,0.00956,0.02072,0.00189,328.90000
0.18843,0.20529,0.70138,0.99974,0.00956,0.02072,0.00189,329.10000
0.18843,0.20529,0.70158,0.99974,0.00956,0.02072,0.00189,329.30000
0.18843,0.20529,0.70178,0.99974,0.00956,0.02072,0.00189,329.50000
0.18843,0.20529,0.70198,0.99974,0.00956,0.02072,0.00189,329.70000
0.18843,0.20529,0.70218,0.99974,0.00956,0.02072,0.00189,329.90000
0.18843,0.20529,0.70238,0.99974,0.00956,0.02072,0.00189,330.10000
0.18843,0.20529,0.70258,0.99974,0.00956,0.02072,0.00189,330.30000
0.18843,0.20529,0.70278,0.99974,0.00956,0.02072,0.00189,330.50000
0.18843,0.20529,0.70298,0.99974,0.00956,0.02072,0.00189,330.70000
0.18843,0.20529,0.70318,0.99974,0.00956,0.02072,0.00189,330.90000
0.18843,0.20529,0.70338,0.99974,0.00956,0.02072,0.00189,331.10000
0.18843,0.20529,0.70358,0.99974,0.00956,0.02072,0.00189,331.30000
0.18843,0.20529,0.70378,0.99974,0.00956,0.02072,0.00189,331.50000
0.18843,0.20529,0.70398,0.99974,0.00956,0.02072,0.00189,331.70000
0.18843,0.20529,0.70418,0.99974,0.00956,0.02072,0.00189,331.90000
0.18843,0.20529,0.70438,0.99974,0.00956,0.02072,0.00189,332.10000
0.18843,0.20529,0.70458,0.99974,0.00956,0.02072,0.00189,332.30000
0.18843,0.20529,0.70478,0.99974,0.00956,0.02072,0.00189,332.50000
0.18843,0.20529,0.70498,0.99974,0.00956,0.02072,0.00189,332.70000
0.18843,0.20529,0.70518,0.99974,0.00956,0.02072,0.00189,332.90000
0.18843,0.20529,0.70538,0.99974,0.00956,0.02072,0.00189,333.10000
0.18843,0.20529,0.70558,0.99974,0.00956,0.02072,0.00189,333.30000
0.18843,0.20529,0.70578,0.99974,0.00956,0.02072,0.00189,333.50000
0.18843,0.20529,0.70598,0.99974,0.00956,0.02072,0.00189,333.70000
0.18843,0.20529,0.70618,0.99974,0.00956,0.02072,0.00189,333.90000
0.18843,0.20529,0.70638,0.99974,0.00956,0.02072,0.00189,334.10000
0.18843,0.20529,0.70658,0.99974,0.00956,0.02072,0.00189,334.30000
0.18843,0.20529,0.70678,0.99974,0.00956,0.02072,0.00189,334.50000
0.18843,0.20529,0.70698,0.99974,0.00956,0.02072,0.00189,334.70000
0.18843,0.20529,0.70718,0.99974,0.00956,0.02072,0.00189,334.90000
0.18843,0.20529,0.70738,0.99974,0.00956,0.02072,0.00189,335.10000
0.18843,0.20529,0.70758,0.99974,0.00956,0.02072,0.00189,335.30000
0.18843,0.20529,0.70778,0.99974,0.00956,0.02072,0.00189,335.50000
0.18843,0.20529,0.70798,0.99974,0.00956,0.02072,0.00189,335.70000
0.18843,0.20529,0.70818,0.99974,0.00956,0.02072,0.00189,335.90000
0.18843,0.20529,0.70838,0.99974,0.00956,0.02072,0.00189,336.10000
0.18843,0.20529,0.70858,0.99974,0.00956,0.02072,0.00189,336.30000
0.18843,0.20529,0.70878,0.99974,0.00956,0.02072,0.00189,336.50000
0.18843,0.20529,0.70898,0.99974,0.00956,0.02072,0.00189,336.70000
0.18843,0.20529,0.70918,0.99974,0.00956,0.02072,0.00189,336.90000
0.18843,0.20529,0.70938,0.99974,0.00956,0.02072,0.00189,337.10000
0.18843,0.20529,0.70958,0.99974,0.00956,0.02072,0.00189,337.30000
0.18843,0.20529,0.70978,0.99974,0.00956,0.02072,0.00189,337.50000
0.18843,0.20529,0.70998,0.99974,0.00956,0.02072,0.00189,337.70000
0.18843,0.20529,0.71018,0.99974,0.00956,0.02072,0.00189,337.90000
0.18843,0.20529,0.71038,0.99974,0.00956,0.02072,0.00189,338.10000
0.18843,0.20529,0.71058,0.99974,0.00956,0.02072,0.00189,338.30000
0.18843,0.20529,0.71078,0.99974,0.00956,0.02072,0.00189,338.50000
0.18843,0.20529,0.71098,0.99974,0.00956,0.02072,0.00189,338.70000
0.18843,0.20529,0.71118,0.99974,0.00956,0.02072,0.00189,338.90000
0.18843,0.20529,0.71138,0.99974,0.00956,0.02072,0.00189,339.10000
0.18843,0.20529,0.71158,0.99974,0.00956,0.02072,0.00189,339.30000
0.18843,0.20529,0.71178,0.99974,0.00956,0.02072,0.00189,339.50000
0.18843,0.20529,0.71198,0.99974,0.00956,0.02072,0.00189,339.70000
0.18843,0.20529,0.71218,0.99974,0.00956,0.02072,0.00189,339.90000
0.18843,0.20529,0.71238,0.99974,0.00956,0.02072,0.00189,340.09600
0.18843,0.20529,0.71257,0.99974,0.00956,0.02072,0.00189,340.28800
0.18843,0.20529,0.71276,0.99974,0.00956,0.02072,0.00189,340.47600
0.18843,0.20529,0.71294,0.99974,0.00956,0.02072,0.00189,340.66000
0.18843,0.20529,0.71312,0.99974,0.00956,0.02072,0.00189,340.84000
0.18843,0.20529,0.71330,0.99974,0.00956,0.02072,0.00189,341.01600
0.18843,0.20529,0.71347,0.99974,0.00956,0.02072,0.00189,341.18800
0.18843,0.20529,0.71364,0.99974,0.00956,0.02072,0.00189,341.35600
0.18843,0.20529,0.71380,0.99974,0.00956,0.02072,0.00189,341.52000
0.18843,0.20529,0.71396,0.99974,0.00956,0.02072,0.00189,341.68000
0.18843,0.20529,0.71412,0.99974,0.00956,0.02072,0.00189,341.83600
0.18843,0.20529,0.71427,0.99974,0.00956,0.02072,0.00189,341.98800
0.18843,0.20529,0.71442,0.99974,0.00956,0.02072,0.00189,342.13600
0.18843,0.20529,0.71456,0.99974,0.00956,0.02072,0.00189,342.28000
0.18843,0.20529,0.71470,0.99974,0.00956,0.02072,0.00189,342.42000
0.18843,0.20529,0.71484,0.99974,0.00956,0.02072,0.00189,342.55600
0.18843,0.20529,0.71497,0.99974,0.00956,0.02072,0.00189,342.68800
0.18843,0.20529,0.71510,0.99974,0.00956,0.02072,0.00189,342.81600
0.18843,0.20529,0.71522,0.99974,0.00956,0.02072,0.00189,342.94000
0.18843,0.20529,0.71534,0.99974,0.00956,0.02072,0.00189,343.06000
0.18843,0.20529,0.71546,0.99974,0.00956,0.02072,0.00189,343.17600
0.18843,0.20529,0.71557,0.99974,0.00956,0.02072,0.00189,343.28800
0.18843,0.20529,0.71568,0.99974,0.00956,0.02072,0.00189,343.39600
0.18843,0.20529,0.71578,0.99974,0.00956,0.02072,0.00189,343.50000
0.18843,0.20529,0.71588,0.99974,0.00956,0.02072,0.00189,343.60000
0.18843,0.20529,0.71598,0.99974,0.00956,0.02072,0.00189,343.69600
0.18843,0.20529,0.71607,0.99974,0.00956,0.02072,0.00189,343.78800
0.18843,0.20529,0.71616,0.99974,0.00956,0.02072,0.00189,343.87600
0.18843,0.20529,0.71624,0.99974,0.00956,0.02072,0.00189,343.96000
0.18843,0.20529,0.71632,0.99974,0.00956,0.02072,0.00189,344.04000
0.18843,0.20529,0.71640,0.99974,0.00956,0.02072,0.00189,344.11600
0.18843,0.20529,0.71647,0.99974,0.00956,0.02072,0.00189,344.18800
0.18843,0.20529,0.71654,0.99974,0.00956,0.02072,0.00189,344.25600
0.18843,0.20529,0.71660,0.99974,0.00956,0.02072,0.00189,344.32000
0.18843,0.20529,0.71666,0.99974,0.00956,0.02072,0.00189,344.38000
0.18843,0.20529,0.71672,0.99974,0.00956,0.02072,0.00189,344.43600
0.18843,0.20529,0.71677,0.99974,0.00956,0.02072,0.00189,344.48800
0.18843,0.20529,0.71682,0.99974,0.00956,0.02072,0.00189,344.53600
0.18843,0.20529,0.71686,0.99974,0.00956,0.02072,0.00189,344.58000
0.18843,0.20529,0.71690,0.99974,0.00956,0.02072,0.00189,344.62000
0.18843,0.20529,0.71694,0.99974,0.00956,0.02072,0.00189,344.65600
0.18843,0.20529,0.71697,0.99974,0.00956,0.02072,0.00189,344.68800
0.18843,0.20529,0.71700,0.99974,0.00956,0.02072,0.00189,344.71600
0.18843,0.20529,0.71702,0.99974,0.00956,0.02072,0.00189,344.74000
0.18843,0.20529,0.71704,0.99974,0.00956,0.02072,0.00189,344.76000
0.18843,0.20529,0.71706,0.99974,0.00956,0.02072,0.00189,344.77600
0.18843,0.20529,0.71707,0.99974,0.00956,0.02072,0.00189,344.78800
0.18843,0.20529,0.71708,0.99974,0.00956,0.02072,0.00189,344.79600
0.18843,0.20529,0.71708,0.99974,0.00956,0.02072,0.00189,344.80000
0.18843,0.20529,0.71708,0.99974,0.00956,0.02072,0.00189,344.80000
0.18843,0.20529,0.71708,0.99974,0.00956,0.02072,0.00189,344.80400

