t,shoulder_pan,shoulder_lift,elbow,wrist_1,wrist_2,wrist_3
0.0,-1.5934856070708228,-2.275560278750207,-1.1913617474113294,-0.18448130193580065,1.7069320084504542,3.023433863229777
0.002,-1.5934856070708228,-2.274683239865433,-1.1913617474113294,-0.17962062558287809,1.7069320084504542,3.0234338632297773
0.004,-1.5934856070708228,-2.2738062009806588,-1.1913617474113294,-0.17475994922995555,1.7069320084504542,3.023433863229777
0.006,-1.5934856070708225,-2.2729291620958847,-1.1913617474113294,-0.16989927287703296,1.7069320084504542,3.0234338632297764
0.008,-1.5934856070708228,-2.2720521232111106,-1.1913617474113294,-0.16503859652411043,1.7069320084504542,3.023433863229777
0.01,-1.5934856070708228,-2.2711750843263365,-1.1913617474113294,-0.16017792017118787,1.7069320084504542,3.0234338632297773
0.012,-1.5934856070708228,-2.2702980454415624,-1.1913617474113294,-0.15531724381826534,1.7069320084504542,3.023433863229777
0.014,-1.5934856070708225,-2.2694210065567884,-1.1913617474113294,-0.15045656746534275,1.706932008450454,3.0234338632297764
0.016,-1.5934856070708228,-2.2685439676720143,-1.1913617474113294,-0.14559589111242022,1.7069320084504542,3.023433863229777
0.018000000000000002,-1.5934856070708228,-2.26766692878724,-1.1913617474113294,-0.14073521475949768,1.7069320084504545,3.0234338632297773
0.02,-1.5934856070708228,-2.266789889902466,-1.1913617474113294,-0.1358745384065751,1.7069320084504542,3.023433863229777
0.022,-1.5934856070708225,-2.2659128510176916,-1.1913617474113294,-0.13101386205365254,1.706932008450454,3.0234338632297764
0.024,-1.5934856070708228,-2.265035812132918,-1.1913617474113294,-0.12615318570072998,1.7069320084504542,3.023433863229777
0.026000000000000002,-1.5934856070708228,-2.264158773248144,-1.1913617474113294,-0.12129250934780747,1.7069320084504545,3.0234338632297773
0.028,-1.5934856070708228,-2.2632817343633698,-1.1913617474113294,-0.11643183299488488,1.7069320084504542,3.023433863229777
0.03,-1.5934856070708225,-2.2624046954785952,-1.1913617474113294,-0.11157115664196234,1.7069320084504542,3.0234338632297764
0.032,-1.5934856070708228,-2.2615276565938216,-1.1913617474113294,-0.10671048028903979,1.7069320084504542,3.023433863229777
0.034,-1.5934856070708228,-2.2606506177090475,-1.1913617474113294,-0.10184980393611723,1.7069320084504542,3.0234338632297773
0.036000000000000004,-1.5934856070708228,-2.2597735788242734,-1.1913617474113294,-0.09698912758319468,1.7069320084504542,3.023433863229777
0.038,-1.5934856070708225,-2.258896539939499,-1.1913617474113294,-0.09212845123027212,1.7069320084504542,3.0234338632297764
0.04,-1.5934856070708228,-2.2580195010547253,-1.1913617474113294,-0.08726777487734957,1.7069320084504542,3.023433863229777
0.042,-1.5934856070708228,-2.257142462169951,-1.1913617474113294,-0.08240709852442701,1.7069320084504542,3.0234338632297773
0.044,-1.5934856070708228,-2.2562654232851767,-1.1913617474113294,-0.07754642217150447,1.7069320084504542,3.023433863229777
0.046,-1.5934856070708225,-2.2553883844004026,-1.1913617474113294,-0.07268574581858189,1.7069320084504542,3.0234338632297764
0.048,-1.5934856070708228,-2.2545113455156285,-1.1913617474113294,-0.06782506946565936,1.7069320084504542,3.023433863229777
0.05,-1.5934856070708228,-2.253634306630855,-1.1913617474113294,-0.06296439311273681,1.7069320084504542,3.0234338632297773
0.052000000000000005,-1.5934856070708228,-2.2527572677460803,-1.1913617474113294,-0.05810371675981425,1.7069320084504542,3.023433863229777
0.054,-1.5934856070708228,-2.2518802288613062,-1.1913617474113294,-0.05324304040689168,1.7069320084504542,3.0234338632297764
0.056,-1.5934856070708228,-2.251003189976532,-1.1913617474113294,-0.04838236405396913,1.7069320084504542,3.023433863229777
0.058,-1.5934856070708228,-2.2501261510917585,-1.1913617474113294,-0.04352168770104661,1.7069320084504542,3.0234338632297773
0.06,-1.5934856070708228,-2.249249112206984,-1.1913617474113294,-0.038661011348124025,1.7069320084504542,3.023433863229777
0.062,-1.5934856070708228,-2.24837207332221,-1.1913617474113294,-0.033800334995201464,1.706932008450454,3.0234338632297764
0.064,-1.5934856070708228,-2.247495034437436,-1.1913617474113294,-0.02893965864227893,1.7069320084504542,3.023433863229777
0.066,-1.5934856070708228,-2.2466179955526617,-1.1913617474113294,-0.0240789822893564,1.7069320084504545,3.0234338632297773
0.068,-1.5934856070708228,-2.2457409566678876,-1.1913617474113294,-0.01921830593643381,1.7069320084504542,3.023433863229777
0.07,-1.5934856070708228,-2.2448639177831136,-1.1913617474113294,-0.01435762958351125,1.706932008450454,3.0234338632297764
0.07200000000000001,-1.5934856070708228,-2.2439868788983395,-1.1913617474113294,-0.009496953230588717,1.7069320084504542,3.023433863229777
0.074,-1.593485607070823,-2.2431098400135654,-1.1913617474113294,-0.004636276877666157,1.7069320084504545,3.0234338632297773
0.076,-1.5934856070708228,-2.2422328011287913,-1.1913617474113294,0.0002243994752564038,1.7069320084504542,3.023433863229777
0.078,-1.5934856070708228,-2.2413557622440172,-1.1913617474113294,0.0050850758281789366,1.7069320084504542,3.0234338632297764
0.08,-1.5934856070708228,-2.240478723359243,-1.1913617474113294,0.009945752181101497,1.7069320084504542,3.023433863229777
0.082,-1.593485607070823,-2.239601684474469,-1.1913617474113294,0.014806428534024058,1.7069320084504542,3.023433863229777
0.084,-1.5934856070708228,-2.238724645589695,-1.1913617474113294,0.019667104886946618,1.7069320084504542,3.023433863229777
0.08600000000000001,-1.5934856070708228,-2.237847606704921,-1.1913617474113294,0.02452778123986918,1.7069320084504542,3.0234338632297764
0.088,-1.5934856070708228,-2.236970567820147,-1.1913617474113294,0.02938845759279171,1.7069320084504542,3.023433863229777
0.09,-1.593485607070823,-2.2360935289353727,-1.1913617474113294,0.03424913394571427,1.7069320084504542,3.023433863229777
0.092,-1.5934856070708228,-2.2352164900505986,-1.1913617474113294,0.039109810298636805,1.7069320084504542,3.023433863229777
0.094,-1.5934856070708228,-2.2343394511658246,-1.1913617474113294,0.04397048665155939,1.7069320084504542,3.0234338632297764
0.096,-1.5934856070708228,-2.2334624122810505,-1.1913617474113294,0.04883116300448195,1.7069320084504542,3.023433863229777
0.098,-1.593485607070823,-2.2325853733962764,-1.1913617474113294,0.05369183935740446,1.7069320084504542,3.023433863229777
0.1,-1.5934856070708228,-2.2317083345115023,-1.1913617474113294,0.05855251571032705,1.7069320084504542,3.023433863229777
0.10200000000000001,-1.5934856070708228,-2.230831295626728,-1.1913617474113294,0.06341319206324961,1.706932008450454,3.0234338632297764
0.10400000000000001,-1.5934856070708228,-2.229954256741954,-1.1913617474113294,0.06827386841617217,1.7069320084504542,3.023433863229777
0.106,-1.593485607070823,-2.22907721785718,-1.1913617474113294,0.0731345447690947,1.7069320084504545,3.023433863229777
0.108,-1.5934856070708228,-2.228200178972406,-1.1913617474113294,0.07799522112201726,1.7069320084504542,3.023433863229777
0.11,-1.5934856070708228,-2.227323140087632,-1.1913617474113294,0.08285589747493982,1.706932008450454,3.0234338632297764
0.112,-1.5934856070708228,-2.226446101202858,-1.1913617474113294,0.08771657382786235,1.7069320084504542,3.023433863229777
0.114,-1.5934856070708228,-2.2255690623180837,-1.1913617474113294,0.09257725018078491,1.7069320084504545,3.023433863229777
0.116,-1.5934856070708228,-2.2246920234333096,-1.1913617474113294,0.09743792653370745,1.7069320084504542,3.023433863229777
0.11800000000000001,-1.5934856070708228,-2.2238149845485355,-1.1913617474113294,0.10229860288663006,1.7069320084504542,3.0234338632297764
0.12,-1.5934856070708228,-2.2229379456637615,-1.1913617474113294,0.10715927923955257,1.7069320084504542,3.023433863229777
0.122,-1.5934856070708228,-2.2220609067789874,-1.1913617474113294,0.1120199555924751,1.7069320084504542,3.023433863229777
0.124,-1.5934856070708228,-2.2211838678942133,-1.1913617474113294,0.11688063194539769,1.7069320084504542,3.023433863229777
0.126,-1.5934856070708228,-2.2203068290094388,-1.1913617474113294,0.12174130829832025,1.7069320084504542,3.0234338632297764
0.128,-1.5934856070708228,-2.219429790124665,-1.1913617474113294,0.12660198465124275,1.7069320084504542,3.023433863229777
0.13,-1.5934856070708228,-2.218552751239891,-1.1913617474113294,0.13146266100416534,1.7069320084504542,3.023433863229777
0.132,-1.5934856070708228,-2.217675712355117,-1.1913617474113294,0.1363233373570879,1.7069320084504542,3.023433863229777
0.134,-1.5934856070708225,-2.2167986734703424,-1.1913617474113294,0.1411840137100105,1.7069320084504542,3.0234338632297764
0.136,-1.5934856070708228,-2.215921634585569,-1.1913617474113294,0.14604469006293302,1.7069320084504542,3.023433863229777
0.138,-1.5934856070708228,-2.2150445957007947,-1.1913617474113294,0.15090536641585553,1.7069320084504542,3.023433863229777
0.14,-1.5934856070708228,-2.2141675568160206,-1.1913617474113294,0.15576604276877815,1.7069320084504542,3.023433863229777
0.14200000000000002,-1.5934856070708225,-2.213290517931246,-1.1913617474113294,0.16062671912170068,1.7069320084504542,3.0234338632297764
0.14400000000000002,-1.5934856070708228,-2.212413479046472,-1.1913617474113294,0.1654873954746232,1.7069320084504542,3.023433863229777
0.146,-1.5934856070708228,-2.2115364401616984,-1.1913617474113294,0.1703480718275458,1.7069320084504545,3.023433863229777
0.148,-1.5934856070708228,-2.210659401276924,-1.1913617474113294,0.17520874818046833,1.7069320084504542,3.023433863229777
0.15,-1.5934856070708225,-2.2097823623921498,-1.1913617474113294,0.18006942453339086,1.706932008450454,3.0234338632297764
0.152,-1.5934856070708228,-2.2089053235073757,-1.1913617474113294,0.18493010088631345,1.7069320084504542,3.023433863229777
0.154,-1.5934856070708228,-2.208028284622602,-1.1913617474113294,0.18979077723923599,1.7069320084504545,3.023433863229777
0.156,-1.5934856070708228,-2.2071512457378275,-1.1913617474113294,0.19465145359215852,1.7069320084504542,3.023433863229777
0.158,-1.5934856070708225,-2.2062742068530534,-1.1913617474113294,0.19951212994508113,1.706932008450454,3.0234338632297764
0.16,-1.5934856070708228,-2.2053971679682793,-1.1913617474113294,0.20437280629800364,1.7069320084504542,3.023433863229777
0.162,-1.5934856070708228,-2.2045201290835057,-1.1913617474113294,0.20923348265092617,1.7069320084504542,3.023433863229777
0.164,-1.5934856070708228,-2.203643090198731,-1.1913617474113294,0.21409415900384876,1.7069320084504542,3.023433863229777
0.166,-1.5934856070708228,-2.202766051313957,-1.1913617474113294,0.21895483535677132,1.7069320084504542,3.0234338632297764
0.168,-1.5934856070708228,-2.201889012429183,-1.1913617474113294,0.2238155117096939,1.7069320084504542,3.023433863229777
0.17,-1.5934856070708228,-2.201011973544409,-1.1913617474113294,0.22867618806261641,1.7069320084504542,3.023433863229777
0.17200000000000001,-1.5934856070708228,-2.200134934659635,-1.1913617474113294,0.23353686441553898,1.7069320084504542,3.023433863229777
0.17400000000000002,-1.5934856070708228,-2.1992578957748607,-1.1913617474113294,0.23839754076846156,1.7069320084504542,3.0234338632297764
0.176,-1.5934856070708228,-2.1983808568900867,-1.1913617474113294,0.2432582171213841,1.7069320084504542,3.023433863229777
0.178,-1.5934856070708228,-2.1975038180053126,-1.1913617474113294,0.2481188934743066,1.7069320084504542,3.023433863229777
0.18,-1.5934856070708228,-2.1966267791205385,-1.1913617474113294,0.25297956982722924,1.7069320084504542,3.023433863229777
0.182,-1.5934856070708228,-2.1957497402357644,-1.1913617474113294,0.2578402461801518,1.7069320084504542,3.0234338632297764
0.184,-1.5934856070708228,-2.1948727013509903,-1.1913617474113294,0.2627009225330743,1.7069320084504542,3.023433863229777
0.186,-1.593485607070823,-2.1939956624662162,-1.1913617474113294,0.26756159888599684,1.7069320084504542,3.023433863229777
0.188,-1.5934856070708228,-2.193118623581442,-1.1913617474113294,0.2724222752389194,1.7069320084504542,3.023433863229777
0.19,-1.5934856070708228,-2.192241584696668,-1.1913617474113294,0.27728295159184196,1.7069320084504542,3.0234338632297764
0.192,-1.5934856070708228,-2.191364545811894,-1.1913617474113294,0.28214362794476455,1.7069320084504542,3.023433863229777
0.194,-1.593485607070823,-2.19048750692712,-1.1913617474113294,0.2870043042976871,1.7069320084504545,3.023433863229777
0.196,-1.5934856070708228,-2.189610468042346,-1.1913617474113294,0.2918649806506096,1.7069320084504542,3.023433863229777
0.198,-1.5934856070708228,-2.1887334291575717,-1.1913617474113294,0.2967256570035322,1.706932008450454,3.0234338632297764
0.2,-1.5934856070708228,-2.1878563902727977,-1.1913617474113294,0.3015863333564547,1.7069320084504542,3.023433863229777
0.202,-1.593485607070823,-2.1869793513880236,-1.1913617474113294,0.3064470097093773,1.7069320084504545,3.023433863229777
0.20400000000000001,-1.5934856070708228,-2.1861023125032495,-1.1913617474113294,0.31130768606229986,1.7069320084504542,3.023433863229777
0.20600000000000002,-1.5934856070708228,-2.185225273618475,-1.1913617474113294,0.3161683624152224,1.7069320084504542,3.0234338632297764
0.20800000000000002,-1.5934856070708228,-2.1843482347337013,-1.1913617474113294,0.321029038768145,1.7069320084504542,3.023433863229777
0.21,-1.593485607070823,-2.1834711958489272,-1.1913617474113294,0.32588971512106746,1.7069320084504542,3.023433863229777
0.212,-1.5934856070708228,-2.182594156964153,-1.1913617474113294,0.33075039147399005,1.7069320084504542,3.023433863229777
0.214,-1.5934856070708228,-2.1817171180793786,-1.1913617474113294,0.33561106782691263,1.7069320084504542,3.0234338632297764
0.216,-1.5934856070708228,-2.180840079194605,-1.1913617474113294,0.34047174417983517,1.7069320084504542,3.023433863229777
0.218,-1.5934856070708228,-2.179963040309831,-1.1913617474113294,0.3453324205327577,1.7069320084504542,3.023433863229777
0.22,-1.5934856070708228,-2.179086001425057,-1.1913617474113294,0.3501930968856803,1.7069320084504542,3.023433863229777
0.222,-1.5934856070708228,-2.1782089625402823,-1.1913617474113294,0.3550537732386028,1.7069320084504542,3.023433863229777
0.224,-1.5934856070708228,-2.1773319236555086,-1.1913617474113294,0.35991444959152535,1.7069320084504542,3.0234338632297773
0.226,-1.5934856070708228,-2.1764548847707346,-1.1913617474113294,0.36477512594444794,1.7069320084504542,3.023433863229777
0.228,-1.5934856070708228,-2.17557784588596,-1.1913617474113294,0.3696358022973705,1.7069320084504542,3.023433863229777
0.23,-1.5934856070708228,-2.174700807001186,-1.1913617474113294,0.374496478650293,1.7069320084504542,3.023433863229777
0.232,-1.5934856070708228,-2.173823768116412,-1.1913617474113294,0.37935715500321554,1.7069320084504542,3.0234338632297773
0.234,-1.5934856070708228,-2.1729467292316382,-1.1913617474113294,0.3842178313561382,1.7069320084504545,3.023433863229777
0.23600000000000002,-1.5934856070708228,-2.1720696903468637,-1.1913617474113294,0.3890785077090607,1.7069320084504542,3.023433863229777
0.23800000000000002,-1.5934856070708228,-2.17119265146209,-1.1913617474113294,0.39393918406198325,1.7069320084504542,3.023433863229777
0.24,-1.5934856070708228,-2.1703156125773155,-1.1913617474113294,0.3987998604149058,1.7069320084504542,3.0234338632297773
0.242,-1.5934856070708228,-2.169438573692542,-1.1913617474113294,0.4036605367678283,1.7069320084504542,3.023433863229777
0.244,-1.5934856070708228,-2.1685615348077674,-1.1913617474113294,0.40852121312075085,1.7069320084504542,3.023433863229777
0.246,-1.5934856070708225,-2.1676844959229933,-1.1913617474113294,0.4133818894736735,1.706932008450454,3.023433863229777
0.248,-1.5934856070708228,-2.166807457038219,-1.1913617474113294,0.418242565826596,1.7069320084504542,3.0234338632297773
0.25,-1.5934856070708228,-2.1659304181534456,-1.1913617474113294,0.42310324217951856,1.7069320084504542,3.023433863229777
0.252,-1.5934856070708228,-2.165053379268671,-1.1913617474113294,0.4279639185324411,1.7069320084504542,3.023433863229777
0.254,-1.5934856070708228,-2.164176340383897,-1.1913617474113294,0.4328245948853636,1.7069320084504542,3.023433863229777
0.256,-1.5934856070708228,-2.163299301499123,-1.1913617474113294,0.43768527123828616,1.7069320084504542,3.0234338632297773
0.258,-1.5934856070708228,-2.1624222626143492,-1.1913617474113294,0.4425459475912088,1.7069320084504542,3.023433863229777
0.26,-1.5934856070708228,-2.1615452237295747,-1.1913617474113294,0.44740662394413133,1.7069320084504542,3.023433863229777
0.262,-1.5934856070708225,-2.1606681848448006,-1.1913617474113294,0.4522673002970539,1.7069320084504542,3.023433863229777
0.264,-1.5934856070708228,-2.1597911459600265,-1.1913617474113294,0.4571279766499764,1.7069320084504542,3.0234338632297773
0.266,-1.5934856070708228,-2.158914107075253,-1.1913617474113294,0.46198865300289893,1.7069320084504542,3.023433863229777
0.268,-1.5934856070708228,-2.1580370681904784,-1.1913617474113294,0.46684932935582163,1.7069320084504542,3.023433863229777
0.27,-1.5934856070708225,-2.1571600293057043,-1.1913617474113294,0.47171000570874416,1.7069320084504542,3.0234338632297764
0.272,-1.5934856070708228,-2.15628299042093,-1.1913617474113294,0.4765706820616667,1.7069320084504542,3.023433863229777
0.274,-1.5934856070708228,-2.1554059515361566,-1.1913617474113294,0.48143135841458917,1.7069320084504542,3.023433863229777
0.276,-1.5934856070708228,-2.154528912651382,-1.1913617474113294,0.48629203476751176,1.7069320084504542,3.023433863229777
0.278,-1.5934856070708228,-2.153651873766608,-1.1913617474113294,0.4911527111204343,1.7069320084504542,3.0234338632297764
0.28,-1.5934856070708228,-2.152774834881834,-1.1913617474113294,0.49601338747335694,1.7069320084504542,3.023433863229777
0.28200000000000003,-1.5934856070708228,-2.15189779599706,-1.1913617474113294,0.5008740638262794,1.7069320084504545,3.023433863229777
0.28400000000000003,-1.5934856070708228,-2.1510207571122857,-1.1913617474113294,0.505734740179202,1.7069320084504542,3.023433863229777
0.28600000000000003,-1.5934856070708228,-2.150143718227511,-1.1913617474113294,0.5105954165321245,1.706932008450454,3.0234338632297764
0.28800000000000003,-1.5934856070708228,-2.1492666793427375,-1.1913617474113294,0.5154560928850471,1.7069320084504542,3.023433863229777
0.29,-1.5934856070708228,-2.148389640457964,-1.1913617474113294,0.5203167692379695,1.7069320084504542,3.023433863229777
0.292,-1.5934856070708228,-2.1475126015731894,-1.1913617474113294,0.5251774455908922,1.7069320084504542,3.023433863229777
0.294,-1.5934856070708228,-2.146635562688415,-1.1913617474113294,0.5300381219438148,1.7069320084504542,3.023433863229777
0.296,-1.5934856070708228,-2.145758523803641,-1.1913617474113294,0.5348987982967373,1.7069320084504542,3.023433863229777
0.298,-1.5934856070708228,-2.144881484918867,-1.1913617474113294,0.5397594746496598,1.7069320084504542,3.0234338632297773
0.3,-1.5934856070708228,-2.144004446034093,-1.1913617474113294,0.5446201510025823,1.7069320084504542,3.023433863229777
0.302,-1.5934856070708228,-2.1431274071493185,-1.1894961260429695,0.5494808273555051,1.7069320084504542,3.023433863229777
0.304,-1.5934856070708228,-2.142250368264545,-1.1876305046746096,0.5543415037084276,1.7069320084504542,3.023433863229777
0.306,-1.5934856070708228,-2.1413733293797708,-1.1857648833062497,0.55920218006135,1.7069320084504542,3.0234338632297773
0.308,-1.5934856070708228,-2.1404962904949967,-1.18389926193789,0.5640628564142727,1.7069320084504542,3.023433863229777
0.31,-1.5934856070708228,-2.139619251610222,-1.1820336405695302,0.5689235327671952,1.7069320084504542,3.023433863229777
0.312,-1.5934856070708228,-2.1387422127254485,-1.1801680192011703,0.5737842091201177,1.7069320084504542,3.023433863229777
0.314,-1.5934856070708228,-2.1378651738406744,-1.1783023978328102,0.5786448854730404,1.7069320084504542,3.0234338632297773
0.316,-1.5934856070708228,-2.1369881349559003,-1.1764367764644506,0.5835055618259629,1.7069320084504542,3.023433863229777
0.318,-1.5934856070708228,-2.136111096071126,-1.1745711550960907,0.5883662381788854,1.7069320084504542,3.023433863229777
0.32,-1.5934856070708228,-2.135234057186352,-1.1727055337277308,0.593226914531808,1.7069320084504542,3.023433863229777
0.322,-1.5934856070708228,-2.134357018301578,-1.170839912359371,0.5980875908847305,1.7069320084504545,3.0234338632297773
0.324,-1.5934856070708228,-2.133479979416804,-1.1689742909910112,0.602948267237653,1.7069320084504542,3.023433863229777
0.326,-1.5934856070708228,-2.1326029405320295,-1.1671086696226514,0.6078089435905757,1.7069320084504542,3.023433863229777
0.328,-1.5934856070708228,-2.131725901647256,-1.1652430482542915,0.6126696199434982,1.7069320084504542,3.023433863229777
0.33,-1.5934856070708228,-2.1308488627624818,-1.1633774268859314,0.6175302962964208,1.7069320084504542,3.0234338632297773
0.332,-1.5934856070708228,-2.1299718238777077,-1.1615118055175717,0.6223909726493433,1.7069320084504542,3.023433863229777
0.334,-1.5934856070708228,-2.129094784992933,-1.1596461841492118,0.6272516490022658,1.7069320084504542,3.023433863229777
0.336,-1.5934856070708228,-2.1282177461081595,-1.1577805627808522,0.6321123253551885,1.7069320084504542,3.023433863229777
0.338,-1.5934856070708228,-2.127340707223385,-1.155914941412492,0.636973001708111,1.7069320084504542,3.0234338632297773
0.34,-1.5934856070708228,-2.1264636683386113,-1.1540493200441324,0.6418336780610335,1.7069320084504542,3.023433863229777
0.342,-1.5934856070708228,-2.125586629453837,-1.1521836986757725,0.6466943544139561,1.7069320084504542,3.023433863229777
0.34400000000000003,-1.5934856070708228,-2.124709590569063,-1.1503180773074126,0.6515550307668786,1.7069320084504542,3.023433863229777
0.34600000000000003,-1.5934856070708228,-2.1238325516842886,-1.1484524559390528,0.6564157071198011,1.7069320084504542,3.0234338632297773
0.34800000000000003,-1.5934856070708228,-2.122955512799515,-1.146586834570693,0.6612763834727238,1.7069320084504542,3.023433863229777
0.35000000000000003,-1.5934856070708228,-2.1220784739147405,-1.144721213202333,0.6661370598256463,1.7069320084504542,3.023433863229777
0.352,-1.5934856070708228,-2.1212014350299664,-1.1428555918339733,0.6709977361785688,1.7069320084504542,3.023433863229777
0.354,-1.5934856070708228,-2.1203243961451923,-1.1409899704656132,0.6758584125314914,1.7069320084504542,3.0234338632297773
0.356,-1.5934856070708228,-2.119447357260418,-1.1391243490972534,0.6807190888844139,1.7069320084504542,3.023433863229777
0.358,-1.5934856070708228,-2.118570318375644,-1.1372587277288937,0.6855797652373364,1.7069320084504542,3.023433863229777
0.36,-1.5934856070708228,-2.11769327949087,-1.1353931063605336,0.6904404415902591,1.7069320084504542,3.023433863229777
0.362,-1.5934856070708228,-2.116816240606096,-1.133527484992174,0.6953011179431816,1.7069320084504542,3.0234338632297773
0.364,-1.5934856070708228,-2.115939201721322,-1.131661863623814,0.7001617942961041,1.7069320084504542,3.023433863229777
0.366,-1.5934856070708228,-2.115062162836548,-1.1297962422554544,0.7050224706490267,1.7069320084504542,3.0234338632297764
0.368,-1.5934856070708228,-2.1141851239517737,-1.1279306208870943,0.7098831470019492,1.7069320084504542,3.023433863229777
0.37,-1.5934856070708228,-2.1133080850669996,-1.1260649995187344,0.7147438233548719,1.7069320084504542,3.0234338632297773
0.372,-1.5934856070708228,-2.1124310461822255,-1.1241993781503745,0.7196044997077944,1.7069320084504542,3.023433863229777
0.374,-1.5934856070708228,-2.1115540072974515,-1.1223337567820149,0.7244651760607169,1.7069320084504542,3.0234338632297764
0.376,-1.5934856070708228,-2.1106769684126774,-1.120468135413655,0.7293258524136395,1.7069320084504542,3.023433863229777
0.378,-1.5934856070708228,-2.1097999295279033,-1.118602514045295,0.734186528766562,1.7069320084504542,3.0234338632297773
0.38,-1.5934856070708228,-2.108922890643129,-1.1167368926769352,0.7390472051194845,1.7069320084504542,3.023433863229777
0.382,-1.5934856070708228,-2.108045851758355,-1.1148712713085756,0.7439078814724072,1.7069320084504542,3.0234338632297764
0.384,-1.5934856070708228,-2.107168812873581,-1.1130056499402154,0.7487685578253297,1.7069320084504542,3.023433863229777
0.386,-1.5934856070708228,-2.106291773988807,-1.1111400285718558,0.7536292341782522,1.7069320084504542,3.0234338632297773
0.388,-1.5934856070708228,-2.105414735104033,-1.1092744072034957,0.7584899105311748,1.7069320084504542,3.023433863229777
0.39,-1.5934856070708228,-2.104537696219259,-1.107408785835136,0.7633505868840973,1.7069320084504542,3.0234338632297764
0.392,-1.5934856070708228,-2.1036606573344843,-1.1055431644667761,0.7682112632370198,1.7069320084504542,3.023433863229777
0.394,-1.5934856070708228,-2.1027836184497106,-1.1036775430984163,0.7730719395899425,1.7069320084504542,3.0234338632297773
0.396,-1.5934856070708228,-2.101906579564936,-1.1018119217300564,0.777932615942865,1.7069320084504542,3.023433863229777
0.398,-1.5934856070708228,-2.1010295406801625,-1.0999463003616967,0.7827932922957875,1.7069320084504542,3.0234338632297764
0.4,-1.5934856070708228,-2.1001525017953884,-1.0980806789933366,0.7876539686487101,1.7069320084504542,3.023433863229777
0.402,-1.5934856070708228,-2.0992754629106143,-1.096215057624977,0.7925146450016325,1.7069320084504542,3.023433863229777
0.404,-1.5934856070708228,-2.09839842402584,-1.094349436256617,0.7973753213545552,1.7069320084504542,3.023433863229777
0.406,-1.5934856070708228,-2.097521385141066,-1.0924838148882574,0.8022359977074779,1.7069320084504542,3.023433863229777
0.40800000000000003,-1.5934856070708228,-2.096644346256292,-1.0906181935198973,0.8070966740604003,1.7069320084504542,3.023433863229777
0.41000000000000003,-1.5934856070708228,-2.095767307371518,-1.0887525721515372,0.8119573504133227,1.7069320084504542,3.023433863229777
0.41200000000000003,-1.5934856070708228,-2.094890268486744,-1.0868869507831775,0.8168180267662454,1.7069320084504542,3.023433863229777
0.41400000000000003,-1.5934856070708228,-2.09401322960197,-1.0850213294148177,0.821678703119168,1.7069320084504542,3.023433863229777
0.41600000000000004,-1.5934856070708228,-2.0931361907171953,-1.083155708046458,0.8265393794720906,1.7069320084504542,3.023433863229777
0.418,-1.5934856070708228,-2.0922591518324216,-1.081290086678098,0.831400055825013,1.7069320084504542,3.023433863229777
0.42,-1.5934856070708228,-2.091382112947647,-1.0794244653097382,0.8362607321779356,1.7069320084504542,3.023433863229777
0.422,-1.5934856070708228,-2.0905050740628734,-1.0775588439413784,0.8411214085308583,1.7069320084504542,3.023433863229777
0.424,-1.5934856070708228,-2.089628035178099,-1.0756932225730185,0.8459820848837807,1.7069320084504542,3.023433863229777
0.426,-1.5934856070708228,-2.0887509962933253,-1.0738276012046584,0.8508427612367032,1.7069320084504542,3.023433863229777
0.428,-1.5934856070708228,-2.0878739574085508,-1.0719619798362987,0.8557034375896259,1.7069320084504542,3.023433863229777
0.43,-1.5934856070708228,-2.086996918523777,-1.070096358467939,0.8605641139425486,1.7069320084504542,3.023433863229777
0.432,-1.5934856070708228,-2.0861198796390026,-1.068230737099579,0.8654247902954709,1.7069320084504542,3.023433863229777
0.434,-1.5934856070708228,-2.085242840754229,-1.066365115731219,0.8702854666483933,1.7069320084504542,3.023433863229777
0.436,-1.5934856070708228,-2.0843658018694544,-1.0644994943628594,0.8751461430013161,1.7069320084504542,3.023433863229777
0.438,-1.5934856070708228,-2.0834887629846808,-1.0626338729944995,0.8800068193542387,1.7069320084504542,3.023433863229777
0.44,-1.5934856070708228,-2.0826117240999062,-1.0607682516261396,0.8848674957071612,1.7069320084504542,3.023433863229777
0.442,-1.5934856070708228,-2.0817346852151326,-1.0589026302577798,0.8897281720600836,1.7069320084504542,3.023433863229777
0.444,-1.5934856070708228,-2.080857646330358,-1.0570370088894199,0.8945888484130062,1.7069320084504542,3.023433863229777
0.446,-1.5934856070708228,-2.0799806074455844,-1.0551713875210602,0.899449524765929,1.7069320084504542,3.023433863229777
0.448,-1.5934856070708228,-2.07910356856081,-1.0533057661527003,0.9043102011188513,1.7069320084504542,3.023433863229777
0.45,-1.5934856070708228,-2.078226529676036,-1.0514401447843404,0.9091708774717739,1.7069320084504542,3.023433863229777
0.452,-1.5934856070708228,-2.0773494907912617,-1.0495745234159806,0.9140315538246966,1.7069320084504542,3.023433863229777
0.454,-1.5934856070708228,-2.0764724519064877,-1.0477089020476207,0.9188922301776192,1.7069320084504542,3.023433863229777
0.456,-1.5934856070708228,-2.0755954130217136,-1.0458432806792608,0.9237529065305417,1.7069320084504542,3.023433863229777
0.458,-1.5934856070708228,-2.0747183741369395,-1.043977659310901,0.9286135828834641,1.7069320084504542,3.023433863229777
0.46,-1.5934856070708228,-2.0738413352521654,-1.042112037942541,0.9334742592363867,1.7069320084504542,3.023433863229777
0.462,-1.5934856070708228,-2.0729642963673913,-1.0402464165741812,0.9383349355893094,1.7069320084504542,3.023433863229777
0.464,-1.5934856070708228,-2.0720872574826172,-1.0383807952058213,0.9431956119422318,1.7069320084504542,3.023433863229777
0.466,-1.5934856070708228,-2.071210218597843,-1.0365151738374614,0.9480562882951544,1.7069320084504542,3.023433863229777
0.468,-1.5934856070708228,-2.070333179713069,-1.0346495524691017,0.9529169646480771,1.7069320084504542,3.023433863229777
0.47000000000000003,-1.5934856070708228,-2.069456140828295,-1.0327839311007418,0.9577776410009997,1.7069320084504542,3.023433863229777
0.47200000000000003,-1.5934856070708228,-2.068579101943521,-1.030918309732382,0.9626383173539221,1.7069320084504542,3.023433863229777
0.47400000000000003,-1.5934856070708228,-2.067702063058747,-1.029052688364022,0.9674989937068446,1.7069320084504542,3.023433863229777
0.47600000000000003,-1.5934856070708228,-2.0668250241739727,-1.0271870669956622,0.9723596700597672,1.7069320084504542,3.023433863229777
0.47800000000000004,-1.5934856070708228,-2.0659479852891987,-1.0253214456273025,0.9772203464126898,1.7069320084504542,3.023433863229777
0.48,-1.5934856070708228,-2.0650709464044246,-1.0234558242589427,0.9820810227656123,1.7069320084504542,3.023433863229777
0.482,-1.5934856070708228,-2.0641939075196505,-1.0215902028905826,0.9869416991185347,1.7069320084504542,3.023433863229777
0.484,-1.5934856070708228,-2.0633168686348764,-1.019724581522223,0.9918023754714573,1.7069320084504542,3.023433863229777
0.486,-1.5934856070708228,-2.0624398297501023,-1.017858960153863,0.99666305182438,1.7069320084504542,3.023433863229777
0.488,-1.5934856070708228,-2.0615627908653282,-1.0159933387855031,1.0015237281773024,1.7069320084504542,3.023433863229777
0.49,-1.5934856070708228,-2.060685751980554,-1.0141277174171432,1.006384404530225,1.7069320084504542,3.023433863229777
0.492,-1.5934856070708228,-2.05980871309578,-1.0122620960487834,1.0112450808831477,1.7069320084504542,3.023433863229777
0.494,-1.5934856070708228,-2.058931674211006,-1.0103964746804237,1.0161057572360703,1.7069320084504542,3.023433863229777
0.496,-1.5934856070708228,-2.058054635326232,-1.0085308533120638,1.0209664335889928,1.7069320084504542,3.023433863229777
0.498,-1.5934856070708228,-2.057177596441458,-1.006665231943704,1.0258271099419152,1.7069320084504542,3.023433863229777
0.5,-1.5934856070708228,-2.0563005575566837,-1.004799610575344,1.0306877862948378,1.7069320084504542,3.023433863229777
0.502,-1.5934856070708228,-2.055423518671909,-1.0029339892069842,1.0355484626477605,1.7069320084504542,3.023433863229777
0.504,-1.5934856070708228,-2.0545464797871356,-1.0010683678386243,1.0404091390006829,1.7069320084504542,3.023433863229777
0.506,-1.5934856070708228,-2.053669440902361,-0.9992027464702644,1.0452698153536053,1.7069320084504542,3.023433863229777
0.508,-1.5934856070708228,-2.0527924020175874,-0.9973371251019046,1.050130491706528,1.7069320084504542,3.023433863229777
0.51,-1.5934856070708228,-2.051915363132813,-0.9954715037335449,1.0549911680594506,1.7069320084504542,3.023433863229777
0.512,-1.5934856070708228,-2.0510383242480392,-0.9936058823651849,1.059851844412373,1.7069320084504542,3.023433863229777
0.514,-1.5934856070708228,-2.0501612853632647,-0.991740260996825,1.0647125207652957,1.7069320084504542,3.023433863229777
0.516,-1.5934856070708228,-2.049284246478491,-0.9898746396284652,1.0695731971182183,1.7069320084504542,3.023433863229777
0.518,-1.5934856070708228,-2.0484072075937165,-0.9880090182601055,1.074433873471141,1.7069320084504542,3.023433863229777
0.52,-1.5934856070708228,-2.047530168708943,-0.9861433968917455,1.0792945498240634,1.7069320084504542,3.023433863229777
0.522,-1.5934856070708228,-2.0466531298241684,-0.9842777755233856,1.0841552261769858,1.7069320084504542,3.023433863229777
0.524,-1.5934856070708228,-2.0457760909393947,-0.9824121541550258,1.0890159025299084,1.7069320084504542,3.023433863229777
0.526,-1.5934856070708228,-2.04489905205462,-0.980546532786666,1.093876578882831,1.7069320084504542,3.023433863229777
0.528,-1.5934856070708228,-2.0440220131698466,-0.9786809114183062,1.0987372552357535,1.7069320084504542,3.023433863229777
0.53,-1.5934856070708228,-2.043144974285072,-0.9768152900499462,1.103597931588676,1.7069320084504542,3.0234338632297764
0.532,-1.5934856070708228,-2.0422679354002984,-0.9749496686815864,1.1084586079415986,1.7069320084504542,3.0234338632297764
0.534,-1.5934856070708228,-2.041390896515524,-0.9730840473132266,1.1133192842945212,1.7069320084504542,3.0234338632297773
0.536,-1.5934856070708228,-2.04051385763075,-0.9712184259448667,1.1181799606474438,1.7069320084504542,3.023433863229777
0.538,-1.5934856070708228,-2.0396368187459757,-0.9693528045765067,1.1230406370003663,1.7069320084504542,3.023433863229777
0.54,-1.5934856070708228,-2.038759779861202,-0.9674871832081469,1.127901313353289,1.7069320084504542,3.0234338632297764
0.542,-1.5934856070708228,-2.0378827409764275,-0.9656215618397872,1.1327619897062116,1.7069320084504542,3.0234338632297773
0.544,-1.5934856070708228,-2.037005702091654,-0.9637559404714273,1.137622666059134,1.7069320084504542,3.023433863229777
0.546,-1.5934856070708228,-2.0361286632068794,-0.9618903191030674,1.1424833424120564,1.7069320084504542,3.023433863229777
0.548,-1.5934856070708228,-2.0352516243221053,-0.9600246977347076,1.147344018764979,1.7069320084504542,3.0234338632297764
0.55,-1.5934856070708228,-2.034374585437331,-0.9581590763663477,1.1522046951179017,1.7069320084504542,3.0234338632297773
0.552,-1.5934856070708228,-2.033497546552557,-0.9562934549979878,1.1570653714708241,1.7069320084504542,3.023433863229777
0.554,-1.5934856070708228,-2.032620507667783,-0.9544278336296279,1.1619260478237465,1.7069320084504542,3.023433863229777
0.556,-1.5934856070708228,-2.031743468783009,-0.9525622122612681,1.1667867241766692,1.7069320084504542,3.0234338632297764
0.558,-1.5934856070708228,-2.030866429898235,-0.9506965908929084,1.1716474005295918,1.7069320084504542,3.0234338632297773
0.56,-1.5934856070708228,-2.0299893910134608,-0.9488309695245484,1.1765080768825145,1.7069320084504542,3.023433863229777
0.562,-1.5934856070708228,-2.0291123521286867,-0.9469653481561885,1.1813687532354369,1.7069320084504542,3.023433863229777
0.5640000000000001,-1.5934856070708228,-2.0282353132439126,-0.9450997267878287,1.1862294295883595,1.7069320084504542,3.0234338632297764
0.5660000000000001,-1.5934856070708228,-2.0273582743591385,-0.943234105419469,1.1910901059412822,1.7069320084504542,3.0234338632297773
0.5680000000000001,-1.5934856070708228,-2.0264812354743644,-0.941368484051109,1.1959507822942046,1.7069320084504542,3.023433863229777
0.5700000000000001,-1.5934856070708228,-2.0256041965895903,-0.9395028626827491,1.200811458647127,1.7069320084504542,3.023433863229777
0.5720000000000001,-1.5934856070708228,-2.0247271577048163,-0.9376372413143893,1.2056721350000497,1.7069320084504542,3.0234338632297764
0.5740000000000001,-1.5934856070708228,-2.023850118820042,-0.9357716199460295,1.2105328113529723,1.7069320084504542,3.0234338632297773
0.5760000000000001,-1.5934856070708228,-2.022973079935268,-0.9339059985776696,1.2153934877058947,1.7069320084504542,3.023433863229777
0.578,-1.5934856070708228,-2.022096041050494,-0.9320403772093097,1.2202541640588171,1.7069320084504542,3.023433863229777
0.58,-1.5934856070708228,-2.02121900216572,-0.9301747558409499,1.2251148404117398,1.7069320084504542,3.0234338632297764
0.582,-1.5934856070708228,-2.020341963280946,-0.9283091344725901,1.2299755167646627,1.7069320084504542,3.023433863229777
0.584,-1.5934856070708228,-2.0194649243961718,-0.9264435131042302,1.234836193117585,1.7069320084504542,3.023433863229777
0.586,-1.5934856070708228,-2.0185878855113977,-0.9245778917358703,1.2396968694705075,1.7069320084504542,3.0234338632297764
0.588,-1.5934856070708228,-2.0177108466266236,-0.9227122703675105,1.2445575458234301,1.7069320084504542,3.0234338632297773
0.59,-1.5934856070708228,-2.0168338077418495,-0.9208466489991507,1.2494182221763528,1.7069320084504542,3.023433863229777
0.592,-1.5934856070708228,-2.0159567688570754,-0.9189810276307908,1.2542788985292752,1.7069320084504542,3.023433863229777
0.594,-1.5934856070708228,-2.0150797299723013,-0.9171154062624309,1.2591395748821976,1.7069320084504542,3.0234338632297764
0.596,-1.5934856070708228,-2.0142026910875273,-0.915249784894071,1.2640002512351203,1.7069320084504542,3.0234338632297773
0.598,-1.5934856070708228,-2.013325652202753,-0.9133841635257114,1.268860927588043,1.7069320084504542,3.023433863229777
0.6,-1.5934856070708228,-2.012448613317979,-0.9115185421573513,1.2737216039409653,1.7069320084504542,3.023433863229777
0.602,-1.5934856070708228,-2.011571574433205,-0.9096529207889914,1.278582280293888,1.7069320084504542,3.0234338632297764
0.604,-1.5934856070708228,-2.010694535548431,-0.9077872994206317,1.2834429566468106,1.7069320084504542,3.0234338632297773
0.606,-1.5934856070708228,-2.0098174966636564,-0.9059216780522719,1.2883036329997333,1.7069320084504542,3.023433863229777
0.608,-1.5934856070708228,-2.0089404577788823,-0.9040560566839119,1.2931643093526557,1.7069320084504542,3.023433863229777
0.61,-1.5934856070708228,-2.008063418894108,-0.902190435315552,1.2980249857055781,1.7069320084504542,3.0234338632297764
0.612,-1.5934856070708228,-2.007186380009334,-0.9003248139471922,1.3028856620585008,1.7069320084504542,3.0234338632297773
0.614,-1.5934856070708228,-2.00630934112456,-0.8984591925788324,1.3077463384114234,1.7069320084504542,3.023433863229777
0.616,-1.5934856070708228,-2.005432302239786,-0.8965935712104726,1.3126070147643458,1.7069320084504542,3.023433863229777
0.618,-1.5934856070708228,-2.004555263355012,-0.8947279498421126,1.3174676911172682,1.7069320084504542,3.0234338632297764
0.62,-1.5934856070708228,-2.003678224470238,-0.8928623284737528,1.322328367470191,1.7069320084504542,3.0234338632297773
0.622,-1.5934856070708228,-2.0028011855854637,-0.890996707105393,1.3271890438231135,1.7069320084504542,3.023433863229777
0.624,-1.5934856070708228,-2.0019241467006896,-0.8891310857370331,1.332049720176036,1.7069320084504542,3.023433863229777
0.626,-1.5934856070708228,-2.0010471078159155,-0.8872654643686732,1.3369103965289586,1.7069320084504542,3.0234338632297764
0.628,-1.5934856070708228,-2.0001700689311415,-0.8853998430003134,1.3417710728818812,1.7069320084504542,3.0234338632297773
0.63,-1.5934856070708228,-1.9992930300463674,-0.8835342216319536,1.3466317492348039,1.7069320084504542,3.023433863229777
0.632,-1.5934856070708228,-1.9984159911615933,-0.8816686002635937,1.3514924255877263,1.7069320084504542,3.023433863229777
0.634,-1.5934856070708228,-1.9975389522768194,-0.8798029788952338,1.3563531019406487,1.7069320084504542,3.0234338632297764
0.636,-1.5934856070708228,-1.9966619133920451,-0.8779373575268741,1.3612137782935714,1.7069320084504542,3.0234338632297773
0.638,-1.5934856070708228,-1.995784874507271,-0.8760717361585142,1.366074454646494,1.7069320084504542,3.023433863229777
0.64,-1.5934856070708228,-1.994907835622497,-0.8742061147901543,1.3709351309994164,1.7069320084504542,3.023433863229777
0.642,-1.5934856070708228,-1.994030796737723,-0.8723404934217944,1.3757958073523389,1.7069320084504542,3.0234338632297764
0.644,-1.5934856070708228,-1.9931537578529488,-0.8704748720534347,1.3806564837052615,1.7069320084504542,3.0234338632297773
0.646,-1.5934856070708228,-1.992276718968175,-0.8686092506850749,1.3855171600581841,1.7069320084504542,3.023433863229777
0.648,-1.5934856070708228,-1.9913996800834006,-0.8667436293167148,1.3903778364111066,1.7069320084504542,3.023433863229777
0.65,-1.5934856070708228,-1.9905226411986268,-0.8648780079483549,1.3952385127640292,1.7069320084504542,3.0234338632297764
0.652,-1.5934856070708228,-1.9896456023138525,-0.8630123865799952,1.4000991891169519,1.7069320084504542,3.0234338632297773
0.654,-1.5934856070708228,-1.9887685634290784,-0.8611467652116354,1.4049598654698747,1.7069320084504542,3.023433863229777
0.656,-1.5934856070708228,-1.9878915245443043,-0.8592811438432755,1.409820541822797,1.7069320084504542,3.023433863229777
0.658,-1.5934856070708228,-1.9870144856595302,-0.8574155224749156,1.4146812181757193,1.7069320084504542,3.0234338632297773
0.66,-1.5934856070708228,-1.9861374467747561,-0.8555499011065557,1.419541894528642,1.7069320084504542,3.023433863229777
0.662,-1.5934856070708228,-1.985260407889982,-0.8536842797381959,1.4244025708815649,1.7069320084504542,3.023433863229777
0.664,-1.5934856070708228,-1.984383369005208,-0.8518186583698361,1.4292632472344873,1.7069320084504542,3.023433863229777
0.666,-1.5934856070708228,-1.9835063301204339,-0.8499530370014761,1.4341239235874095,1.7069320084504542,3.0234338632297773
0.668,-1.5934856070708228,-1.9826292912356598,-0.8480874156331163,1.4389845999403323,1.7069320084504542,3.023433863229777
0.67,-1.5934856070708228,-1.9817522523508857,-0.8462217942647565,1.443845276293255,1.7069320084504542,3.023433863229777
0.672,-1.5934856070708228,-1.9808752134661116,-0.8443561728963966,1.4487059526461776,1.7069320084504542,3.023433863229777
0.674,-1.5934856070708228,-1.9799981745813375,-0.8424905515280368,1.4535666289990998,1.7069320084504542,3.0234338632297773
0.676,-1.5934856070708228,-1.9791211356965634,-0.8406249301596769,1.4584273053520227,1.7069320084504542,3.023433863229777
0.678,-1.5934856070708228,-1.9782440968117894,-0.8387593087913171,1.4632879817049453,1.7069320084504542,3.023433863229777
0.68,-1.5934856070708228,-1.9773670579270153,-0.8368936874229572,1.4681486580578678,1.7069320084504542,3.023433863229777
0.682,-1.5934856070708228,-1.9764900190422412,-0.8350280660545973,1.4730093344107902,1.7069320084504542,3.0234338632297773
0.684,-1.5934856070708228,-1.975612980157467,-0.8331624446862376,1.4778700107637128,1.7069320084504542,3.023433863229777
0.686,-1.5934856070708228,-1.974735941272693,-0.8312968233178777,1.4827306871166355,1.7069320084504542,3.023433863229777
0.6880000000000001,-1.5934856070708228,-1.9738589023879187,-0.8294312019495178,1.487591363469558,1.7069320084504542,3.023433863229777
0.6900000000000001,-1.5934856070708228,-1.9729818635031449,-0.8275655805811579,1.4924520398224803,1.7069320084504542,3.0234338632297773
0.6920000000000001,-1.5934856070708228,-1.9721048246183706,-0.8256999592127982,1.497312716175403,1.7069320084504542,3.023433863229777
0.6940000000000001,-1.5934856070708228,-1.9712277857335967,-0.8238343378444384,1.5021733925283256,1.7069320084504542,3.023433863229777
0.6960000000000001,-1.5934856070708228,-1.9703507468488224,-0.8219687164760784,1.5070340688812482,1.7069320084504542,3.023433863229777
0.6980000000000001,-1.5934856070708228,-1.9694737079640485,-0.8201030951077185,1.5118947452341707,1.7069320084504542,3.023433863229777
0.7000000000000001,-1.5934856070708228,-1.9685966690792742,-0.8182374737393587,1.5167554215870933,1.7069320084504542,3.023433863229777
0.7020000000000001,-1.5934856070708228,-1.9677196301945001,-0.8163718523709989,1.521616097940016,1.7069320084504542,3.023433863229777
0.704,-1.5934856070708228,-1.966842591309726,-0.814506231002639,1.5264767742929384,1.7069320084504542,3.023433863229777
0.706,-1.5934856070708228,-1.9659655524249522,-0.8126406096342791,1.5313374506458608,1.7069320084504542,3.023433863229777
0.708,-1.5934856070708228,-1.9650885135401779,-0.8107749882659192,1.5361981269987834,1.7069320084504542,3.023433863229777
0.71,-1.5934856070708228,-1.9642114746554038,-0.8089093668975594,1.541058803351706,1.7069320084504542,3.023433863229777
0.712,-1.5934856070708228,-1.9633344357706297,-0.8070437455291997,1.5459194797046285,1.7069320084504542,3.023433863229777
0.714,-1.5934856070708228,-1.9624573968858556,-0.8051781241608396,1.550780156057551,1.7069320084504542,3.023433863229777
0.716,-1.5934856070708228,-1.9615803580010815,-0.8033125027924798,1.5556408324104736,1.7069320084504542,3.023433863229777
0.718,-1.5934856070708228,-1.9607033191163075,-0.80144688142412,1.5605015087633962,1.7069320084504542,3.023433863229777
0.72,-1.5934856070708228,-1.9598262802315332,-0.7995812600557601,1.5653621851163189,1.7069320084504542,3.023433863229777
0.722,-1.5934856070708228,-1.9589492413467593,-0.7977156386874003,1.5702228614692413,1.7069320084504542,3.023433863229777
0.724,-1.5934856070708228,-1.958072202461985,-0.7958500173190404,1.575083537822164,1.7069320084504542,3.023433863229777
0.726,-1.5934856070708228,-1.9571951635772111,-0.7939843959506806,1.5799442141750866,1.7069320084504542,3.023433863229777
0.728,-1.5934856070708228,-1.9563181246924368,-0.7921187745823207,1.584804890528009,1.7069320084504542,3.023433863229777
0.73,-1.5934856070708228,-1.955441085807663,-0.7902531532139608,1.5896655668809314,1.7069320084504542,3.023433863229777
0.732,-1.5934856070708228,-1.9545640469228887,-0.7883875318456011,1.594526243233854,1.7069320084504542,3.023433863229777
0.734,-1.5934856070708228,-1.9536870080381146,-0.7865219104772413,1.5993869195867767,1.7069320084504542,3.023433863229777
0.736,-1.5934856070708228,-1.9528099691533405,-0.7846562891088813,1.6042475959396991,1.7069320084504542,3.023433863229777
0.738,-1.5934856070708228,-1.9519329302685666,-0.7827906677405214,1.6091082722926215,1.7069320084504542,3.023433863229777
0.74,-1.5934856070708228,-1.9510558913837923,-0.7809250463721616,1.6139689486455444,1.7069320084504542,3.023433863229777
0.742,-1.5934856070708228,-1.9501788524990182,-0.7790594250038019,1.618829624998467,1.7069320084504542,3.023433863229777
0.744,-1.5934856070708228,-1.9493018136142441,-0.7771938036354419,1.6236903013513895,1.7069320084504542,3.023433863229777
0.746,-1.5934856070708228,-1.94842477472947,-0.775328182267082,1.628550977704312,1.7069320084504542,3.023433863229777
0.748,-1.5934856070708228,-1.947547735844696,-0.7734625608987222,1.6334116540572345,1.7069320084504542,3.023433863229777
0.75,-1.5934856070708228,-1.946670696959922,-0.7715969395303623,1.6382723304101572,1.7069320084504542,3.023433863229777
0.752,-1.5934856070708228,-1.9457936580751478,-0.7697313181620025,1.6431330067630796,1.7069320084504542,3.023433863229777
0.754,-1.5934856070708228,-1.9449166191903737,-0.7678656967936426,1.647993683116002,1.7069320084504542,3.023433863229777
0.756,-1.5934856070708228,-1.9440395803055996,-0.7660000754252827,1.6528543594689247,1.7069320084504542,3.023433863229777
0.758,-1.5934856070708228,-1.9431625414208256,-0.764134454056923,1.6577150358218473,1.7069320084504542,3.023433863229777
0.76,-1.5934856070708228,-1.9422855025360515,-0.7622688326885632,1.6625757121747697,1.7069320084504542,3.023433863229777
0.762,-1.5934856070708228,-1.9414084636512774,-0.760403211320203,1.6674363885276924,1.7069320084504542,3.023433863229777
0.764,-1.5934856070708228,-1.940531424766503,-0.7585375899518434,1.672297064880615,1.7069320084504542,3.023433863229777
0.766,-1.5934856070708228,-1.9396543858817292,-0.7566719685834835,1.6771577412335377,1.7069320084504542,3.023433863229777
0.768,-1.5934856070708228,-1.938777346996955,-0.7548063472151236,1.68201841758646,1.7069320084504542,3.023433863229777
0.77,-1.5934856070708228,-1.937900308112181,-0.7529407258467637,1.6868790939393825,1.7069320084504542,3.023433863229777
0.772,-1.5934856070708228,-1.9370232692274068,-0.751075104478404,1.6917397702923052,1.7069320084504542,3.023433863229777
0.774,-1.5934856070708228,-1.936146230342633,-0.7492094831100442,1.6966004466452278,1.7069320084504542,3.023433863229777
0.776,-1.5934856070708228,-1.9352691914578586,-0.7473438617416842,1.7014611229981502,1.7069320084504542,3.023433863229777
0.778,-1.5934856070708228,-1.9343921525730847,-0.7454782403733244,1.7063217993510726,1.7069320084504542,3.023433863229777
0.78,-1.5934856070708228,-1.9335151136883104,-0.7436126190049646,1.7111824757039953,1.7069320084504542,3.023433863229777
0.782,-1.5934856070708228,-1.9326380748035363,-0.7417469976366047,1.716043152056918,1.7069320084504542,3.023433863229777
0.784,-1.5934856070708228,-1.9317610359187622,-0.7398813762682448,1.7209038284098404,1.7069320084504542,3.023433863229777
0.786,-1.5934856070708228,-1.9308839970339882,-0.7380157548998849,1.725764504762763,1.7069320084504542,3.023433863229777
0.788,-1.5934856070708228,-1.930006958149214,-0.7361501335315251,1.7306251811156856,1.7069320084504542,3.023433863229777
0.79,-1.5934856070708228,-1.92912991926444,-0.7342845121631654,1.7354858574686083,1.7069320084504542,3.023433863229777
0.792,-1.5934856070708228,-1.928252880379666,-0.7324188907948055,1.7403465338215307,1.7069320084504542,3.023433863229777
0.794,-1.5934856070708228,-1.9273758414948918,-0.7305532694264455,1.7452072101744531,1.7069320084504542,3.023433863229777
0.796,-1.5934856070708228,-1.926498802610118,-0.7286876480580857,1.7500678865273758,1.7069320084504542,3.023433863229777
0.798,-1.5934856070708228,-1.9256217637253437,-0.7268220266897258,1.7549285628802984,1.7069320084504542,3.023433863229777
0.8,-1.5934856070708228,-1.9256217637253437,-0.724956405321366,1.7549285628802984,1.7069320084504542,3.023433863229777
0.802,-1.5934856070708228,-1.9256217637253437,-0.7230907839530061,1.7549285628802984,1.7069320084504542,3.023433863229777
0.804,-1.5934856070708228,-1.9256217637253437,-0.7212251625846463,1.7549285628802984,1.7069320084504542,3.023433863229777
0.806,-1.5934856070708228,-1.9256217637253437,-0.7193595412162865,1.7549285628802984,1.7069320084504542,3.023433863229777
0.808,-1.5934856070708228,-1.9256217637253437,-0.7174939198479267,1.7549285628802984,1.7069320084504542,3.023433863229777
0.81,-1.5934856070708228,-1.9256217637253437,-0.7156282984795668,1.7549285628802984,1.7069320084504542,3.023433863229777
0.812,-1.5934856070708228,-1.9256217637253437,-0.7137626771112069,1.7549285628802984,1.7069320084504542,3.023433863229777
0.8140000000000001,-1.5934856070708228,-1.9256217637253437,-0.7118970557428471,1.7549285628802984,1.7069320084504542,3.023433863229777
0.8160000000000001,-1.5934856070708228,-1.9256217637253437,-0.7100314343744871,1.7549285628802984,1.7069320084504542,3.023433863229777
0.8180000000000001,-1.5934856070708228,-1.9256217637253437,-0.7081658130061272,1.7549285628802984,1.7069320084504542,3.023433863229777
0.8200000000000001,-1.5934856070708228,-1.9256217637253437,-0.7063001916377675,1.7549285628802984,1.7069320084504542,3.023433863229777
0.8220000000000001,-1.5934856070708228,-1.9256217637253437,-0.7044345702694077,1.7549285628802984,1.7069320084504542,3.023433863229777
0.8240000000000001,-1.5934856070708228,-1.9256217637253437,-0.7025689489010478,1.7549285628802984,1.7069320084504542,3.023433863229777
0.8260000000000001,-1.5934856070708228,-1.9256217637253437,-0.7007033275326879,1.7549285628802984,1.7069320084504542,3.023433863229777
0.8280000000000001,-1.5934856070708228,-1.9256217637253437,-0.698837706164328,1.7549285628802984,1.7069320084504542,3.023433863229777
0.8300000000000001,-1.5934856070708228,-1.9256217637253437,-0.6969720847959682,1.7549285628802984,1.7069320084504542,3.023433863229777
0.8320000000000001,-1.5934856070708228,-1.9256217637253437,-0.6951064634276083,1.7549285628802984,1.7069320084504542,3.023433863229777
0.834,-1.5934856070708228,-1.9256217637253437,-0.6932408420592484,1.7549285628802984,1.7069320084504542,3.023433863229777
0.836,-1.5934856070708228,-1.9256217637253437,-0.6913752206908886,1.7549285628802984,1.7069320084504542,3.023433863229777
0.838,-1.5934856070708228,-1.9256217637253437,-0.6895095993225289,1.7549285628802984,1.7069320084504542,3.023433863229777
0.84,-1.5934856070708228,-1.9256217637253437,-0.687643977954169,1.7549285628802984,1.7069320084504542,3.023433863229777
0.842,-1.5934856070708228,-1.9256217637253437,-0.6857783565858091,1.7549285628802984,1.7069320084504542,3.023433863229777
0.844,-1.5934856070708228,-1.9256217637253437,-0.6839127352174492,1.7549285628802984,1.7069320084504542,3.023433863229777
0.846,-1.5934856070708228,-1.9256217637253437,-0.6820471138490893,1.7549285628802984,1.7069320084504542,3.023433863229777
0.848,-1.5934856070708228,-1.9256217637253437,-0.6801814924807296,1.7549285628802984,1.7069320084504542,3.023433863229777
0.85,-1.5934856070708228,-1.9256217637253437,-0.6783158711123696,1.7549285628802984,1.7069320084504542,3.023433863229777
0.852,-1.5934856070708228,-1.9256217637253437,-0.6764502497440099,1.7549285628802984,1.7069320084504542,3.023433863229777
0.854,-1.5934856070708228,-1.9256217637253437,-0.67458462837565,1.7549285628802984,1.7069320084504542,3.023433863229777
0.856,-1.5934856070708228,-1.9256217637253437,-0.6727190070072901,1.7549285628802984,1.7069320084504542,3.023433863229777
0.858,-1.5934856070708228,-1.9256217637253437,-0.6708533856389303,1.7549285628802984,1.7069320084504542,3.023433863229777
0.86,-1.5934856070708228,-1.9256217637253437,-0.6689877642705704,1.7549285628802984,1.7069320084504542,3.023433863229777
0.862,-1.5934856070708228,-1.9256217637253437,-0.6671221429022106,1.7549285628802984,1.7069320084504542,3.023433863229777
0.864,-1.5934856070708228,-1.9256217637253437,-0.6652565215338506,1.7549285628802984,1.7069320084504542,3.023433863229777
0.866,-1.5934856070708228,-1.9256217637253437,-0.6633909001654908,1.7549285628802984,1.7069320084504542,3.023433863229777
0.868,-1.5934856070708228,-1.9256217637253437,-0.661525278797131,1.7549285628802984,1.7069320084504542,3.023433863229777
0.87,-1.5934856070708228,-1.9256217637253437,-0.6596596574287712,1.7549285628802984,1.7069320084504542,3.023433863229777
0.872,-1.5934856070708228,-1.9256217637253437,-0.6577940360604113,1.7549285628802984,1.7069320084504542,3.023433863229777
0.874,-1.5934856070708228,-1.9256217637253437,-0.6559284146920514,1.7549285628802984,1.7069320084504542,3.023433863229777
0.876,-1.5934856070708228,-1.9256217637253437,-0.6540627933236915,1.7549285628802984,1.7069320084504542,3.023433863229777
0.878,-1.5934856070708228,-1.9256217637253437,-0.6521971719553318,1.7549285628802984,1.7069320084504542,3.023433863229777
0.88,-1.5934856070708228,-1.9256217637253437,-0.6503315505869719,1.7549285628802984,1.7069320084504542,3.023433863229777
0.882,-1.5934856070708228,-1.9256217637253437,-0.6484659292186119,1.7549285628802984,1.7069320084504542,3.023433863229777
0.884,-1.5934856070708228,-1.9256217637253437,-0.6466003078502521,1.7549285628802984,1.7069320084504542,3.023433863229777
0.886,-1.5934856070708228,-1.9256217637253437,-0.6447346864818924,1.7549285628802984,1.7069320084504542,3.023433863229777
0.888,-1.5934856070708228,-1.9256217637253437,-0.6428690651135325,1.7549285628802984,1.7069320084504542,3.023433863229777
0.89,-1.5934856070708228,-1.9256217637253437,-0.6410034437451726,1.7549285628802984,1.7069320084504542,3.023433863229777
0.892,-1.5934856070708228,-1.9256217637253437,-0.6391378223768127,1.7549285628802984,1.7069320084504542,3.023433863229777
0.894,-1.5934856070708228,-1.9256217637253437,-0.6372722010084529,1.7549285628802984,1.7069320084504542,3.023433863229777
0.896,-1.5934856070708228,-1.9256217637253437,-0.6354065796400931,1.7549285628802984,1.7069320084504542,3.023433863229777
0.898,-1.5934856070708228,-1.9256217637253437,-0.6335409582717331,1.7549285628802984,1.7069320084504542,3.023433863229777
0.9,-1.5934856070708228,-1.9256217637253437,-0.6316753369033734,1.7549285628802984,1.7069320084504542,3.023433863229777
0.902,-1.5934856070708228,-1.9256217637253437,-0.6298097155350135,1.7549285628802984,1.7069320084504542,3.023433863229777
0.904,-1.5934856070708228,-1.9256217637253437,-0.6279440941666536,1.7549285628802984,1.7069320084504542,3.023433863229777
0.906,-1.5934856070708228,-1.9256217637253437,-0.6260784727982938,1.7549285628802984,1.7069320084504542,3.023433863229777
0.908,-1.5934856070708228,-1.9256217637253437,-0.6242128514299339,1.7549285628802984,1.7069320084504542,3.023433863229777
0.91,-1.5934856070708228,-1.9256217637253437,-0.6223472300615741,1.7549285628802984,1.7069320084504542,3.023433863229777
0.912,-1.5934856070708228,-1.9256217637253437,-0.6204816086932141,1.7549285628802984,1.7069320084504542,3.023433863229777
0.914,-1.5934856070708228,-1.9256217637253437,-0.6186159873248543,1.7549285628802984,1.7069320084504542,3.023433863229777
0.916,-1.5934856070708228,-1.9256217637253437,-0.6167503659564946,1.7549285628802984,1.7069320084504542,3.023433863229777
0.918,-1.5934856070708228,-1.9256217637253437,-0.6148847445881347,1.7549285628802984,1.7069320084504542,3.023433863229777
0.92,-1.5934856070708228,-1.9256217637253437,-0.6130191232197748,1.7549285628802984,1.7069320084504542,3.023433863229777
0.922,-1.5934856070708228,-1.9256217637253437,-0.6111535018514149,1.7549285628802984,1.7069320084504542,3.023433863229777
0.924,-1.5934856070708228,-1.9256217637253437,-0.609287880483055,1.7549285628802984,1.7069320084504542,3.023433863229777
0.926,-1.5934856070708228,-1.9256217637253437,-0.6074222591146953,1.7549285628802984,1.7069320084504542,3.023433863229777
0.928,-1.5934856070708228,-1.9256217637253437,-0.6055566377463354,1.7549285628802984,1.7069320084504542,3.023433863229777
0.93,-1.5934856070708228,-1.9256217637253437,-0.6036910163779754,1.7549285628802984,1.7069320084504542,3.023433863229777
0.932,-1.5934856070708228,-1.9256217637253437,-0.6018253950096157,1.7549285628802984,1.7069320084504542,3.023433863229777
0.934,-1.5934856070708228,-1.9256217637253437,-0.5999597736412559,1.7549285628802984,1.7069320084504542,3.023433863229777
0.936,-1.5934856070708228,-1.9256217637253437,-0.598094152272896,1.7549285628802984,1.7069320084504542,3.023433863229777
0.9380000000000001,-1.5934856070708228,-1.9256217637253437,-0.5962285309045361,1.7549285628802984,1.7069320084504542,3.023433863229777
0.9400000000000001,-1.5934856070708228,-1.9256217637253437,-0.5943629095361762,1.7549285628802984,1.7069320084504542,3.023433863229777
0.9420000000000001,-1.5934856070708228,-1.9256217637253437,-0.5924972881678164,1.7549285628802984,1.7069320084504542,3.023433863229777
0.9440000000000001,-1.5934856070708228,-1.9256217637253437,-0.5906316667994566,1.7549285628802984,1.7069320084504542,3.023433863229777
0.9460000000000001,-1.5934856070708228,-1.9256217637253437,-0.5887660454310967,1.7549285628802984,1.7069320084504542,3.023433863229777
0.9480000000000001,-1.5934856070708228,-1.9256217637253437,-0.5869004240627369,1.7549285628802984,1.7069320084504542,3.023433863229777
0.9500000000000001,-1.5934856070708228,-1.9256217637253437,-0.585034802694377,1.7549285628802984,1.7069320084504542,3.023433863229777
0.9520000000000001,-1.5934856070708228,-1.9256217637253437,-0.5831691813260171,1.7549285628802984,1.7069320084504542,3.023433863229777
0.9540000000000001,-1.5934856070708228,-1.9256217637253437,-0.5813035599576573,1.7549285628802984,1.7069320084504542,3.023433863229777
0.9560000000000001,-1.5934856070708228,-1.9256217637253437,-0.5794379385892975,1.7549285628802984,1.7069320084504542,3.023433863229777
0.9580000000000001,-1.5934856070708228,-1.9256217637253437,-0.5775723172209376,1.7549285628802984,1.7069320084504542,3.023433863229777
0.96,-1.5934856070708228,-1.9256217637253437,-0.5757066958525777,1.7549285628802984,1.7069320084504542,3.023433863229777
0.962,-1.5934856070708228,-1.9256217637253437,-0.5738410744842178,1.7549285628802984,1.7069320084504542,3.023433863229777
0.964,-1.5934856070708228,-1.9256217637253437,-0.571975453115858,1.7549285628802984,1.7069320084504542,3.023433863229777
0.966,-1.5934856070708228,-1.9256217637253437,-0.5701098317474982,1.7549285628802984,1.7069320084504542,3.023433863229777
0.968,-1.5934856070708228,-1.9256217637253437,-0.5682442103791383,1.7549285628802984,1.7069320084504542,3.023433863229777
0.97,-1.5934856070708228,-1.9256217637253437,-0.5663785890107784,1.7549285628802984,1.7069320084504542,3.023433863229777
0.972,-1.5934856070708228,-1.9256217637253437,-0.5645129676424185,1.7549285628802984,1.7069320084504542,3.023433863229777
0.974,-1.5934856070708228,-1.9256217637253437,-0.5626473462740589,1.7549285628802984,1.7069320084504542,3.023433863229777
0.976,-1.5934856070708228,-1.9256217637253437,-0.5607817249056989,1.7549285628802984,1.7069320084504542,3.023433863229777
0.978,-1.5934856070708228,-1.9256217637253437,-0.558916103537339,1.7549285628802984,1.7069320084504542,3.023433863229777
0.98,-1.5934856070708228,-1.9256217637253437,-0.5570504821689792,1.7549285628802984,1.7069320084504542,3.023433863229777
0.982,-1.5934856070708228,-1.9256217637253437,-0.5551848608006194,1.7549285628802984,1.7069320084504542,3.023433863229777
0.984,-1.5934856070708228,-1.9256217637253437,-0.5533192394322595,1.7549285628802984,1.7069320084504542,3.023433863229777
0.986,-1.5934856070708228,-1.9256217637253437,-0.5514536180638996,1.7549285628802984,1.7069320084504542,3.023433863229777
0.988,-1.5934856070708228,-1.9256217637253437,-0.5495879966955398,1.7549285628802984,1.7069320084504542,3.023433863229777
0.99,-1.5934856070708228,-1.9256217637253437,-0.5477223753271799,1.7549285628802984,1.7069320084504542,3.023433863229777
0.992,-1.5934856070708228,-1.9256217637253437,-0.54585675395882,1.7549285628802984,1.7069320084504542,3.023433863229777
0.994,-1.5934856070708228,-1.9256217637253437,-0.5439911325904602,1.7549285628802984,1.7069320084504542,3.023433863229777
0.996,-1.5934856070708228,-1.9256217637253437,-0.5421255112221004,1.7549285628802984,1.7069320084504542,3.023433863229777
0.998,-1.5934856070708228,-1.9256217637253437,-0.5402598898537405,1.7549285628802984,1.7069320084504542,3.023433863229777
1.0,-1.5934856070708228,-1.9256217637253437,-0.5383942684853806,1.7549285628802984,1.7069320084504542,3.023433863229777
1.002,-1.5934856070708228,-1.9256217637253437,-0.5365286471170208,1.7549285628802984,1.7069320084504542,3.023433863229777
1.004,-1.5934856070708228,-1.9256217637253437,-0.534663025748661,1.7549285628802984,1.7069320084504542,3.023433863229777
1.006,-1.5934856070708228,-1.9256217637253437,-0.5327974043803012,1.7549285628802984,1.7069320084504542,3.023433863229777
1.008,-1.5934856070708228,-1.9256217637253437,-0.5309317830119412,1.7549285628802984,1.7069320084504542,3.023433863229777
1.01,-1.5934856070708228,-1.9256217637253437,-0.5290661616435813,1.7549285628802984,1.7069320084504542,3.023433863229777
1.012,-1.5934856070708228,-1.9256217637253437,-0.5272005402752216,1.7549285628802984,1.7069320084504542,3.023433863229777
1.014,-1.5934856070708228,-1.9256217637253437,-0.5253349189068617,1.7549285628802984,1.7069320084504542,3.023433863229777
1.016,-1.5934856070708228,-1.9256217637253437,-0.5234692975385018,1.7549285628802984,1.7069320084504542,3.023433863229777
1.018,-1.5934856070708228,-1.9256217637253437,-0.5216036761701419,1.7549285628802984,1.7069320084504542,3.023433863229777
1.02,-1.5934856070708228,-1.9256217637253437,-0.5197380548017821,1.7549285628802984,1.7069320084504542,3.023433863229777
1.022,-1.5934856070708228,-1.9256217637253437,-0.5178724334334224,1.7549285628802984,1.7069320084504542,3.023433863229777
1.024,-1.5934856070708228,-1.9256217637253437,-0.5160068120650624,1.7549285628802984,1.7069320084504542,3.023433863229777
1.026,-1.5934856070708228,-1.9256217637253437,-0.5141411906967025,1.7549285628802984,1.7069320084504542,3.023433863229777
1.028,-1.5934856070708228,-1.9256217637253437,-0.5122755693283427,1.7549285628802984,1.7069320084504542,3.023433863229777
1.03,-1.5934856070708228,-1.9256217637253437,-0.510409947959983,1.7549285628802984,1.7069320084504542,3.023433863229777
1.032,-1.5934856070708228,-1.9256217637253437,-0.508544326591623,1.7549285628802984,1.7069320084504542,3.023433863229777
1.034,-1.5934856070708228,-1.9256217637253437,-0.5066787052232631,1.7549285628802984,1.7069320084504542,3.023433863229777
1.036,-1.5934856070708228,-1.9256217637253437,-0.5048130838549033,1.7549285628802984,1.7069320084504542,3.023433863229777
1.038,-1.5934856070708228,-1.9256217637253437,-0.5029474624865434,1.7549285628802984,1.7069320084504542,3.023433863229777
1.04,-1.5934856070708228,-1.9256217637253437,-0.5010818411181837,1.7549285628802984,1.7069320084504542,3.023433863229777
1.042,-1.5934856070708228,-1.9256217637253437,-0.49921621974982366,1.7549285628802984,1.7069320084504542,3.023433863229777
1.044,-1.5934856070708228,-1.9256217637253437,-0.4973505983814639,1.7549285628802984,1.7069320084504542,3.023433863229777
1.046,-1.5934856070708228,-1.9256217637253437,-0.49548497701310407,1.7549285628802984,1.7069320084504542,3.023433863229777
1.048,-1.5934856070708228,-1.9256217637253437,-0.49361935564474413,1.7549285628802984,1.7069320084504542,3.023433863229777
1.05,-1.5934856070708228,-1.9256217637253437,-0.4917537342763843,1.7549285628802984,1.7069320084504542,3.023433863229777
1.052,-1.5934856070708228,-1.9256217637253437,-0.4898881129080245,1.7549285628802984,1.7069320084504542,3.023433863229777
1.054,-1.5934856070708228,-1.9256217637253437,-0.4880224915396647,1.7549285628802984,1.7069320084504542,3.023433863229777
1.056,-1.5934856070708228,-1.9256217637253437,-0.48615687017130477,1.7549285628802984,1.7069320084504542,3.023433863229777
1.058,-1.5934856070708228,-1.9256217637253437,-0.48429124880294483,1.7549285628802984,1.7069320084504542,3.023433863229777
1.06,-1.5934856070708228,-1.9256217637253437,-0.48242562743458506,1.7549285628802984,1.7069320084504542,3.023433863229777
1.062,-1.5934856070708228,-1.9256217637253437,-0.48056000606622523,1.7549285628802984,1.7069320084504542,3.023433863229777
1.064,-1.5934856070708228,-1.9256217637253437,-0.47869438469786535,1.7549285628802984,1.7069320084504542,3.023433863229777
1.066,-1.5934856070708228,-1.9256217637253437,-0.47682876332950547,1.7549285628802984,1.7069320084504542,3.023433863229777
1.068,-1.5934856070708228,-1.9256217637253437,-0.47496314196114564,1.7549285628802984,1.7069320084504542,3.023433863229777
1.07,-1.5934856070708228,-1.9256217637253437,-0.4730975205927858,1.7549285628802984,1.7069320084504542,3.023433863229777
1.072,-1.5934856070708228,-1.9256217637253437,-0.471231899224426,1.7549285628802984,1.7069320084504542,3.023433863229777
1.074,-1.5934856070708228,-1.9256217637253437,-0.46936627785606605,1.7549285628802984,1.7069320084504542,3.023433863229777
1.076,-1.5934856070708228,-1.9256217637253437,-0.4675006564877062,1.7549285628802984,1.7069320084504542,3.023433863229777
1.078,-1.5934856070708228,-1.9256217637253437,-0.46563503511934645,1.7549285628802984,1.7069320084504542,3.023433863229777
1.08,-1.5934856070708228,-1.9256217637253437,-0.4637694137509865,1.7549285628802984,1.7069320084504542,3.023433863229777
1.082,-1.5934856070708228,-1.9256217637253437,-0.46190379238262663,1.7549285628802984,1.7069320084504542,3.023433863229777
1.084,-1.5934856070708228,-1.9256217637253437,-0.4600381710142668,1.7549285628802984,1.7069320084504542,3.023433863229777
1.086,-1.5934856070708228,-1.9256217637253437,-0.45817254964590703,1.7549285628802984,1.7069320084504542,3.023433863229777
1.088,-1.5934856070708228,-1.9256217637253437,-0.4563069282775471,1.7549285628802984,1.7069320084504542,3.023433863229777
1.09,-1.5934856070708228,-1.9256217637253437,-0.4544413069091872,1.7549285628802984,1.7069320084504542,3.023433863229777
1.092,-1.5934856070708228,-1.9256217637253437,-0.4525756855408274,1.7549285628802984,1.7069320084504542,3.023433863229777
1.094,-1.5934856070708228,-1.9256217637253437,-0.45071006417246756,1.7549285628802984,1.7069320084504542,3.023433863229777
1.096,-1.5934856070708228,-1.9256217637253437,-0.44884444280410773,1.7549285628802984,1.7069320084504542,3.023433863229777
1.098,-1.5934856070708228,-1.9256217637253437,-0.4469788214357478,1.7549285628802984,1.7069320084504542,3.023433863229777
1.1,-1.5934856070708228,-1.9256217637253437,-0.4469788214357478,1.7549285628802984,1.7069320084504542,3.023433863229777
1.102,-1.5934856070708228,-1.9256217637253437,-0.4469788214357478,1.7549285628802984,1.7069320084504542,3.023433863229777
1.104,-1.5934856070708228,-1.9256217637253437,-0.4469788214357478,1.7549285628802984,1.7069320084504542,3.023433863229777
1.106,-1.5934856070708228,-1.9256217637253437,-0.4469788214357478,1.7549285628802984,1.7069320084504542,3.023433863229777
1.108,-1.5934856070708228,-1.9256217637253437,-0.4469788214357478,1.7549285628802984,1.7069320084504542,3.023433863229777
1.11,-1.5934856070708228,-1.9256217637253437,-0.4469788214357478,1.7549285628802984,1.7069320084504542,3.023433863229777
1.112,-1.5934856070708228,-1.9256217637253437,-0.4469788214357478,1.7549285628802984,1.7069320084504542,3.023433863229777
1.114,-1.5934856070708228,-1.9256217637253437,-0.4469788214357478,1.7549285628802984,1.7069320084504542,3.023433863229777
1.116,-1.5934856070708228,-1.9256217637253437,-0.4469788214357478,1.7549285628802984,1.7069320084504542,3.023433863229777
1.118,-1.5934856070708228,-1.9256217637253437,-0.4469788214357478,1.7549285628802984,1.7069320084504542,3.023433863229777
1.12,-1.5934856070708228,-1.9256217637253437,-0.4469788214357478,1.7549285628802984,1.7069320084504542,3.023433863229777
1.122,-1.5934856070708228,-1.9256217637253437,-0.4469788214357478,1.7549285628802984,1.7069320084504542,3.023433863229777
1.124,-1.5934856070708228,-1.9256217637253437,-0.4469788214357478,1.7549285628802984,1.7069320084504542,3.023433863229777
1.1260000000000001,-1.5934856070708228,-1.9256217637253437,-0.4469788214357478,1.7549285628802984,1.7069320084504542,3.023433863229777
1.1280000000000001,-1.5934856070708228,-1.9256217637253437,-0.4469788214357478,1.7549285628802984,1.7069320084504542,3.023433863229777
1.1300000000000001,-1.5934856070708228,-1.9256217637253437,-0.4469788214357478,1.7549285628802984,1.7069320084504542,3.023433863229777
1.1320000000000001,-1.5934856070708228,-1.9256217637253437,-0.4469788214357478,1.7549285628802984,1.7069320084504542,3.023433863229777
1.1340000000000001,-1.5934856070708228,-1.9256217637253437,-0.4469788214357478,1.7549285628802984,1.7069320084504542,3.023433863229777
1.1360000000000001,-1.5934856070708228,-1.9256217637253437,-0.4469788214357478,1.7549285628802984,1.7069320084504542,3.023433863229777
1.1380000000000001,-1.5934856070708228,-1.9256217637253437,-0.4469788214357478,1.7549285628802984,1.7069320084504542,3.023433863229777
1.1400000000000001,-1.5934856070708228,-1.9256217637253437,-0.4469788214357478,1.7549285628802984,1.7069320084504542,3.023433863229777
1.1420000000000001,-1.5934856070708228,-1.9256217637253437,-0.4469788214357478,1.7549285628802984,1.7069320084504542,3.023433863229777
1.1440000000000001,-1.5934856070708228,-1.9256217637253437,-0.4469788214357478,1.7549285628802984,1.7069320084504542,3.023433863229777
1.1460000000000001,-1.5934856070708228,-1.9256217637253437,-0.4469788214357478,1.7549285628802984,1.7069320084504542,3.023433863229777
1.1480000000000001,-1.5934856070708228,-1.9256217637253437,-0.4469788214357478,1.7549285628802984,1.7069320084504542,3.023433863229777
1.1500000000000001,-1.5934856070708228,-1.9256217637253437,-0.4469788214357478,1.7549285628802984,1.7069320084504542,3.023433863229777
1.1520000000000001,-1.5934856070708228,-1.9256217637253437,-0.4469788214357478,1.7549285628802984,1.7069320084504542,3.023433863229777
1.154,-1.5934856070708228,-1.9256217637253437,-0.4469788214357478,1.7549285628802984,1.7069320084504542,3.023433863229777
1.156,-1.5934856070708228,-1.9256217637253437,-0.4469788214357478,1.7549285628802984,1.7069320084504542,3.023433863229777
1.158,-1.5934856070708228,-1.9256217637253437,-0.4469788214357478,1.7549285628802984,1.7069320084504542,3.023433863229777
1.16,-1.5934856070708228,-1.9256217637253437,-0.4469788214357478,1.7549285628802984,1.7069320084504542,3.023433863229777
1.162,-1.5934856070708228,-1.9256217637253437,-0.4469788214357478,1.7549285628802984,1.7069320084504542,3.023433863229777
1.164,-1.5934856070708228,-1.9256217637253437,-0.4469788214357478,1.7549285628802984,1.7069320084504542,3.023433863229777
1.166,-1.5934856070708228,-1.9256217637253437,-0.4469788214357478,1.7549285628802984,1.7069320084504542,3.023433863229777
1.168,-1.5934856070708228,-1.9256217637253437,-0.4469788214357478,1.7549285628802984,1.7069320084504542,3.023433863229777
1.17,-1.5934856070708228,-1.9256217637253437,-0.4469788214357478,1.7549285628802984,1.7069320084504542,3.023433863229777
1.172,-1.5934856070708228,-1.9256217637253437,-0.4469788214357478,1.7549285628802984,1.7069320084504542,3.023433863229777
1.174,-1.5934856070708228,-1.9256217637253437,-0.4469788214357478,1.7549285628802984,1.7069320084504542,3.023433863229777
1.176,-1.5934856070708228,-1.9256217637253437,-0.4469788214357478,1.7549285628802984,1.7069320084504542,3.023433863229777
1.178,-1.5934856070708228,-1.9256217637253437,-0.4469788214357478,1.7549285628802984,1.7069320084504542,3.023433863229777
1.18,-1.5934856070708228,-1.9256217637253437,-0.4469788214357478,1.7549285628802984,1.7069320084504542,3.023433863229777
1.182,-1.5934856070708228,-1.9256217637253437,-0.4469788214357478,1.7549285628802984,1.7069320084504542,3.023433863229777
1.184,-1.5934856070708228,-1.9256217637253437,-0.4469788214357478,1.7549285628802984,1.7069320084504542,3.023433863229777
1.186,-1.5934856070708228,-1.9256217637253437,-0.4469788214357478,1.7549285628802984,1.7069320084504542,3.023433863229777
1.188,-1.5934856070708228,-1.9256217637253437,-0.4469788214357478,1.7549285628802984,1.7069320084504542,3.023433863229777
1.19,-1.5934856070708228,-1.9256217637253437,-0.4469788214357478,1.7549285628802984,1.7069320084504542,3.023433863229777
1.192,-1.5934856070708228,-1.9256217637253437,-0.4469788214357478,1.7549285628802984,1.7069320084504542,3.023433863229777
1.194,-1.5934856070708228,-1.9256217637253437,-0.4469788214357478,1.7549285628802984,1.7069320084504542,3.023433863229777
1.196,-1.5934856070708228,-1.9256217637253437,-0.4469788214357478,1.7549285628802984,1.7069320084504542,3.023433863229777
1.198,-1.5934856070708228,-1.9256217637253437,-0.4469788214357478,1.7549285628802984,1.7069320084504542,3.023433863229777
1.2,-1.5934856070708228,-1.9256217637253437,-0.4469788214357478,1.7549285628802984,1.7069320084504542,3.023433863229777
1.202,-1.5934856070708228,-1.9256217637253437,-0.4469788214357478,1.7549285628802984,1.7069320084504542,3.023433863229777
1.204,-1.5934856070708228,-1.9256217637253437,-0.4469788214357478,1.7549285628802984,1.7069320084504542,3.023433863229777
1.206,-1.5934856070708228,-1.9256217637253437,-0.4469788214357478,1.7549285628802984,1.7069320084504542,3.023433863229777
1.208,-1.5934856070708228,-1.9256217637253437,-0.4469788214357478,1.7549285628802984,1.7069320084504542,3.023433863229777
1.21,-1.5934856070708228,-1.9256217637253437,-0.4469788214357478,1.7549285628802984,1.7069320084504542,3.023433863229777
1.212,-1.5934856070708228,-1.9256217637253437,-0.4469788214357478,1.7549285628802984,1.7069320084504542,3.023433863229777
1.214,-1.5934856070708228,-1.9256217637253437,-0.4469788214357478,1.7549285628802984,1.7069320084504542,3.023433863229777
1.216,-1.5934856070708228,-1.9256217637253437,-0.4469788214357478,1.7549285628802984,1.7069320084504542,3.023433863229777
1.218,-1.5934856070708228,-1.9256217637253437,-0.4469788214357478,1.7549285628802984,1.7069320084504542,3.023433863229777
1.22,-1.5934856070708228,-1.9256217637253437,-0.4469788214357478,1.7549285628802984,1.7069320084504542,3.023433863229777
1.222,-1.5934856070708228,-1.9256217637253437,-0.4469788214357478,1.7549285628802984,1.7069320084504542,3.023433863229777
1.224,-1.5934856070708228,-1.9256217637253437,-0.4469788214357478,1.7549285628802984,1.7069320084504542,3.023433863229777
1.226,-1.5934856070708228,-1.9256217637253437,-0.4469788214357478,1.7549285628802984,1.7069320084504542,3.023433863229777
1.228,-1.5934856070708228,-1.9256217637253437,-0.4469788214357478,1.7549285628802984,1.7069320084504542,3.023433863229777
1.23,-1.5934856070708228,-1.9256217637253437,-0.4469788214357478,1.7549285628802984,1.7069320084504542,3.023433863229777
1.232,-1.5934856070708228,-1.9256217637253437,-0.4469788214357478,1.7549285628802984,1.7069320084504542,3.023433863229777
1.234,-1.5934856070708228,-1.9256217637253437,-0.4469788214357478,1.7549285628802984,1.7069320084504542,3.023433863229777
1.236,-1.5934856070708228,-1.9256217637253437,-0.4469788214357478,1.7549285628802984,1.7069320084504542,3.023433863229777
1.238,-1.5934856070708228,-1.9256217637253437,-0.4469788214357478,1.7549285628802984,1.7069320084504542,3.023433863229777
1.24,-1.5934856070708228,-1.9256217637253437,-0.4469788214357478,1.7549285628802984,1.7069320084504542,3.023433863229777
1.242,-1.5934856070708228,-1.9256217637253437,-0.4469788214357478,1.7549285628802984,1.7069320084504542,3.023433863229777
1.244,-1.5934856070708228,-1.9256217637253437,-0.4469788214357478,1.7549285628802984,1.7069320084504542,3.023433863229777
1.246,-1.5934856070708228,-1.9256217637253437,-0.4469788214357478,1.7549285628802984,1.7069320084504542,3.023433863229777
1.248,-1.5934856070708228,-1.9256217637253437,-0.4469788214357478,1.7549285628802984,1.7069320084504542,3.023433863229777
1.25,-1.5934856070708228,-1.9256217637253437,-0.4469788214357478,1.7549285628802984,1.7069320084504542,3.023433863229777
1.252,-1.5934856070708228,-1.9256217637253437,-0.4469788214357478,1.7549285628802984,1.7069320084504542,3.023433863229777
1.254,-1.5934856070708228,-1.9256217637253437,-0.4469788214357478,1.7549285628802984,1.7069320084504542,3.023433863229777
1.256,-1.5934856070708228,-1.9256217637253437,-0.4469788214357478,1.7549285628802984,1.7069320084504542,3.023433863229777
1.258,-1.5934856070708228,-1.9256217637253437,-0.4469788214357478,1.7549285628802984,1.7069320084504542,3.023433863229777
1.26,-1.5934856070708228,-1.9256217637253437,-0.4469788214357478,1.7549285628802984,1.7069320084504542,3.023433863229777
1.262,-1.5934856070708228,-1.9256217637253437,-0.4469788214357478,1.7549285628802984,1.7069320084504542,3.023433863229777
1.264,-1.5934856070708228,-1.9256217637253437,-0.4469788214357478,1.7549285628802984,1.7069320084504542,3.023433863229777
1.266,-1.5934856070708228,-1.9256217637253437,-0.4469788214357478,1.7549285628802984,1.7069320084504542,3.023433863229777
1.268,-1.5934856070708228,-1.9256217637253437,-0.4469788214357478,1.7549285628802984,1.7069320084504542,3.023433863229777
1.27,-1.5934856070708228,-1.9256217637253437,-0.4469788214357478,1.7549285628802984,1.7069320084504542,3.023433863229777
1.272,-1.5934856070708228,-1.9256217637253437,-0.4469788214357478,1.7549285628802984,1.7069320084504542,3.023433863229777
1.274,-1.5934856070708228,-1.9256217637253437,-0.4469788214357478,1.7549285628802984,1.7069320084504542,3.023433863229777
1.276,-1.5934856070708228,-1.9256217637253437,-0.4469788214357478,1.7549285628802984,1.7069320084504542,3.023433863229777
1.278,-1.5934856070708228,-1.9256217637253437,-0.4469788214357478,1.7549285628802984,1.7069320084504542,3.023433863229777
1.28,-1.5934856070708228,-1.9256217637253437,-0.4469788214357478,1.7549285628802984,1.7069320084504542,3.023433863229777
1.282,-1.5934856070708228,-1.9256217637253437,-0.4469788214357478,1.7549285628802984,1.7069320084504542,3.023433863229777
1.284,-1.5934856070708228,-1.9256217637253437,-0.4469788214357478,1.7549285628802984,1.7069320084504542,3.023433863229777
1.286,-1.5934856070708228,-1.9256217637253437,-0.4469788214357478,1.7549285628802984,1.7069320084504542,3.023433863229777
1.288,-1.5934856070708228,-1.9256217637253437,-0.4469788214357478,1.7549285628802984,1.7069320084504542,3.023433863229777
1.29,-1.5934856070708228,-1.9256217637253437,-0.4469788214357478,1.7549285628802984,1.7069320084504542,3.023433863229777
1.292,-1.5934856070708228,-1.9256217637253437,-0.4469788214357478,1.7549285628802984,1.7069320084504542,3.023433863229777
1.294,-1.5934856070708228,-1.9256217637253437,-0.4469788214357478,1.7549285628802984,1.7069320084504542,3.023433863229777
1.296,-1.5934856070708228,-1.9256217637253437,-0.4469788214357478,1.7549285628802984,1.7069320084504542,3.023433863229777
1.298,-1.5934856070708228,-1.9256217637253437,-0.4469788214357478,1.7549285628802984,1.7069320084504542,3.023433863229777
1.3,-1.5934856070708228,-1.9256217637253437,-0.4469788214357478,1.7549285628802984,1.7069320084504542,3.023433863229777
1.302,-1.5934856070708228,-1.9256217637253437,-0.4469788214357478,1.7549285628802984,1.7069320084504542,3.023433863229777
1.304,-1.5934856070708228,-1.9256217637253437,-0.4469788214357478,1.7549285628802984,1.7069320084504542,3.023433863229777
1.306,-1.5934856070708228,-1.9256217637253437,-0.4469788214357478,1.7549285628802984,1.7069320084504542,3.023433863229777
1.308,-1.5934856070708228,-1.9256217637253437,-0.4469788214357478,1.7549285628802984,1.7069320084504542,3.023433863229777
1.31,-1.5934856070708228,-1.9256217637253437,-0.4469788214357478,1.7549285628802984,1.7069320084504542,3.023433863229777
1.312,-1.5934856070708228,-1.9256217637253437,-0.4469788214357478,1.7549285628802984,1.7069320084504542,3.023433863229777
1.314,-1.5934856070708228,-1.9256217637253437,-0.4469788214357478,1.7549285628802984,1.7069320084504542,3.023433863229777
1.316,-1.5934856070708228,-1.9256217637253437,-0.4469788214357478,1.7549285628802984,1.7069320084504542,3.023433863229777
1.318,-1.5934856070708228,-1.9256217637253437,-0.4469788214357478,1.7549285628802984,1.7069320084504542,3.023433863229777
1.32,-1.5934856070708228,-1.9256217637253437,-0.4469788214357478,1.7549285628802984,1.7069320084504542,3.023433863229777
1.322,-1.5934856070708228,-1.9256217637253437,-0.4469788214357478,1.7549285628802984,1.7069320084504542,3.023433863229777
1.324,-1.5934856070708228,-1.9256217637253437,-0.4469788214357478,1.7549285628802984,1.7069320084504542,3.023433863229777
1.326,-1.5934856070708228,-1.9256217637253437,-0.4469788214357478,1.7549285628802984,1.7069320084504542,3.023433863229777
1.328,-1.5934856070708228,-1.9256217637253437,-0.4469788214357478,1.7549285628802984,1.7069320084504542,3.023433863229777
1.33,-1.5934856070708228,-1.9256217637253437,-0.4469788214357478,1.7549285628802984,1.7069320084504542,3.023433863229777
1.332,-1.5934856070708228,-1.9256217637253437,-0.4469788214357478,1.7549285628802984,1.7069320084504542,3.023433863229777
1.334,-1.5934856070708228,-1.9256217637253437,-0.4469788214357478,1.7549285628802984,1.7069320084504542,3.023433863229777
1.336,-1.5934856070708228,-1.9256217637253437,-0.4469788214357478,1.7549285628802984,1.7069320084504542,3.023433863229777
1.338,-1.5934856070708228,-1.9256217637253437,-0.4469788214357478,1.7549285628802984,1.7069320084504542,3.023433863229777
1.34,-1.5934856070708228,-1.9256217637253437,-0.4469788214357478,1.7549285628802984,1.7069320084504542,3.023433863229777
1.342,-1.5934856070708228,-1.9256217637253437,-0.4469788214357478,1.7549285628802984,1.7069320084504542,3.023433863229777
1.344,-1.5934856070708228,-1.9256217637253437,-0.4469788214357478,1.7549285628802984,1.7069320084504542,3.023433863229777
1.346,-1.5934856070708228,-1.9256217637253437,-0.4469788214357478,1.7549285628802984,1.7069320084504542,3.023433863229777
1.348,-1.5934856070708228,-1.9256217637253437,-0.4469788214357478,1.7549285628802984,1.7069320084504542,3.023433863229777
1.35,-1.5934856070708228,-1.9256217637253437,-0.4469788214357478,1.7549285628802984,1.7069320084504542,3.023433863229777
1.352,-1.5934856070708228,-1.9256217637253437,-0.4469788214357478,1.7549285628802984,1.7069320084504542,3.023433863229777
1.354,-1.5934856070708228,-1.9256217637253437,-0.4469788214357478,1.7549285628802984,1.7069320084504542,3.023433863229777
1.356,-1.5934856070708228,-1.9256217637253437,-0.4469788214357478,1.7549285628802984,1.7069320084504542,3.023433863229777
1.358,-1.5934856070708228,-1.9256217637253437,-0.4469788214357478,1.7549285628802984,1.7069320084504542,3.023433863229777
1.36,-1.5934856070708228,-1.9256217637253437,-0.4469788214357478,1.7549285628802984,1.7069320084504542,3.023433863229777
1.362,-1.5934856070708228,-1.9256217637253437,-0.4469788214357478,1.7549285628802984,1.7069320084504542,3.023433863229777
1.364,-1.5934856070708228,-1.9256217637253437,-0.4469788214357478,1.7549285628802984,1.7069320084504542,3.023433863229777
1.366,-1.5934856070708228,-1.9256217637253437,-0.4469788214357478,1.7549285628802984,1.7069320084504542,3.023433863229777
1.368,-1.5934856070708228,-1.9256217637253437,-0.4469788214357478,1.7549285628802984,1.7069320084504542,3.023433863229777
1.37,-1.5934856070708228,-1.9256217637253437,-0.4469788214357478,1.7549285628802984,1.7069320084504542,3.023433863229777
1.372,-1.5934856070708228,-1.9256217637253437,-0.4469788214357478,1.7549285628802984,1.7069320084504542,3.023433863229777
1.374,-1.5934856070708228,-1.9256217637253437,-0.4469788214357478,1.7549285628802984,1.7069320084504542,3.023433863229777
1.3760000000000001,-1.5934856070708228,-1.9256217637253437,-0.4469788214357478,1.7549285628802984,1.7069320084504542,3.023433863229777
1.3780000000000001,-1.5934856070708228,-1.9256217637253437,-0.4469788214357478,1.7549285628802984,1.7069320084504542,3.023433863229777
1.3800000000000001,-1.5934856070708228,-1.9256217637253437,-0.4469788214357478,1.7549285628802984,1.7069320084504542,3.023433863229777
1.3820000000000001,-1.5934856070708228,-1.9256217637253437,-0.4469788214357478,1.7549285628802984,1.7069320084504542,3.023433863229777
1.3840000000000001,-1.5934856070708228,-1.9256217637253437,-0.4469788214357478,1.7549285628802984,1.7069320084504542,3.023433863229777
1.3860000000000001,-1.5934856070708228,-1.9256217637253437,-0.4469788214357478,1.7549285628802984,1.7069320084504542,3.023433863229777
1.3880000000000001,-1.5934856070708228,-1.9256217637253437,-0.4469788214357478,1.7549285628802984,1.7069320084504542,3.023433863229777
1.3900000000000001,-1.5934856070708228,-1.9256217637253437,-0.4469788214357478,1.7549285628802984,1.7069320084504542,3.023433863229777
1.3920000000000001,-1.5934856070708228,-1.9256217637253437,-0.4469788214357478,1.7549285628802984,1.7069320084504542,3.023433863229777
1.3940000000000001,-1.5934856070708228,-1.9256217637253437,-0.4469788214357478,1.7549285628802984,1.7069320084504542,3.023433863229777
1.3960000000000001,-1.5934856070708228,-1.9256217637253437,-0.4469788214357478,1.7549285628802984,1.7069320084504542,3.023433863229777
1.3980000000000001,-1.5934856070708228,-1.9256217637253437,-0.4469788214357478,1.7549285628802984,1.7069320084504542,3.023433863229777
1.4000000000000001,-1.5934856070708228,-1.9256217637253437,-0.4469788214357478,1.7549285628802984,1.7069320084504542,3.023433863229777
1.4020000000000001,-1.5934856070708228,-1.9256217637253437,-0.4469788214357478,1.7549285628802984,1.7069320084504542,3.023433863229777
1.4040000000000001,-1.5934856070708228,-1.9256217637253437,-0.4469788214357478,1.7549285628802984,1.7069320084504542,3.023433863229777
1.4060000000000001,-1.5934856070708228,-1.9256217637253437,-0.4469788214357478,1.7549285628802984,1.7069320084504542,3.023433863229777
1.408,-1.5934856070708228,-1.9256217637253437,-0.4469788214357478,1.7549285628802984,1.7069320084504542,3.023433863229777
1.41,-1.5934856070708228,-1.9256217637253437,-0.4469788214357478,1.7549285628802984,1.7069320084504542,3.023433863229777
1.412,-1.5934856070708228,-1.9256217637253437,-0.4469788214357478,1.7549285628802984,1.7069320084504542,3.023433863229777
1.414,-1.5934856070708228,-1.9256217637253437,-0.4469788214357478,1.7549285628802984,1.7069320084504542,3.023433863229777
1.416,-1.5934856070708228,-1.9256217637253437,-0.4469788214357478,1.7549285628802984,1.7069320084504542,3.023433863229777
1.418,-1.5934856070708228,-1.9256217637253437,-0.4469788214357478,1.7549285628802984,1.7069320084504542,3.023433863229777
1.42,-1.5934856070708228,-1.9256217637253437,-0.4469788214357478,1.7549285628802984,1.7069320084504542,3.023433863229777
1.422,-1.5934856070708228,-1.9256217637253437,-0.4469788214357478,1.7549285628802984,1.7069320084504542,3.023433863229777
1.424,-1.5934856070708228,-1.9256217637253437,-0.4469788214357478,1.7549285628802984,1.7069320084504542,3.023433863229777
1.426,-1.5934856070708228,-1.9256217637253437,-0.4469788214357478,1.7549285628802984,1.7069320084504542,3.023433863229777
1.428,-1.5934856070708228,-1.9256217637253437,-0.4469788214357478,1.7549285628802984,1.7069320084504542,3.023433863229777
1.43,-1.5934856070708228,-1.9256217637253437,-0.4469788214357478,1.7549285628802984,1.7069320084504542,3.023433863229777
1.432,-1.5934856070708228,-1.9256217637253437,-0.4469788214357478,1.7549285628802984,1.7069320084504542,3.023433863229777
1.434,-1.5934856070708228,-1.9256217637253437,-0.4469788214357478,1.7549285628802984,1.7069320084504542,3.023433863229777
1.436,-1.5934856070708228,-1.9256217637253437,-0.4469788214357478,1.7549285628802984,1.7069320084504542,3.023433863229777
1.438,-1.5934856070708228,-1.9256217637253437,-0.4469788214357478,1.7549285628802984,1.7069320084504542,3.023433863229777
1.44,-1.5934856070708228,-1.9256217637253437,-0.4469788214357478,1.7549285628802984,1.7069320084504542,3.023433863229777
1.442,-1.5934856070708228,-1.9256217637253437,-0.4469788214357478,1.7549285628802984,1.7069320084504542,3.023433863229777
1.444,-1.5934856070708228,-1.9256217637253437,-0.4469788214357478,1.7549285628802984,1.7069320084504542,3.023433863229777
1.446,-1.5934856070708228,-1.9256217637253437,-0.4469788214357478,1.7549285628802984,1.7069320084504542,3.023433863229777
1.448,-1.5934856070708228,-1.9256217637253437,-0.4469788214357478,1.7549285628802984,1.7069320084504542,3.023433863229777
1.45,-1.5934856070708228,-1.9256217637253437,-0.4469788214357478,1.7549285628802984,1.7069320084504542,3.023433863229777
1.452,-1.5934856070708228,-1.9256217637253437,-0.4469788214357478,1.7549285628802984,1.7069320084504542,3.023433863229777
1.454,-1.5934856070708228,-1.9256217637253437,-0.4469788214357478,1.7549285628802984,1.7069320084504542,3.023433863229777
1.456,-1.5934856070708228,-1.9256217637253437,-0.4469788214357478,1.7549285628802984,1.7069320084504542,3.023433863229777
1.458,-1.5934856070708228,-1.9256217637253437,-0.4469788214357478,1.7549285628802984,1.7069320084504542,3.023433863229777
1.46,-1.5934856070708228,-1.9256217637253437,-0.4469788214357478,1.7549285628802984,1.7069320084504542,3.023433863229777
1.462,-1.5934856070708228,-1.9256217637253437,-0.4469788214357478,1.7549285628802984,1.7069320084504542,3.023433863229777
1.464,-1.5934856070708228,-1.9256217637253437,-0.4469788214357478,1.7549285628802984,1.7069320084504542,3.023433863229777
1.466,-1.5934856070708228,-1.9256217637253437,-0.4469788214357478,1.7549285628802984,1.7069320084504542,3.023433863229777
1.468,-1.5934856070708228,-1.9256217637253437,-0.4469788214357478,1.7549285628802984,1.7069320084504542,3.023433863229777
1.47,-1.5934856070708228,-1.9256217637253437,-0.4469788214357478,1.7549285628802984,1.7069320084504542,3.023433863229777
1.472,-1.5934856070708228,-1.9256217637253437,-0.4469788214357478,1.7549285628802984,1.7069320084504542,3.023433863229777
1.474,-1.5934856070708228,-1.9256217637253437,-0.4469788214357478,1.7549285628802984,1.7069320084504542,3.023433863229777
1.476,-1.5934856070708228,-1.9256217637253437,-0.4469788214357478,1.7549285628802984,1.7069320084504542,3.023433863229777
1.478,-1.5934856070708228,-1.9256217637253437,-0.4469788214357478,1.7549285628802984,1.7069320084504542,3.023433863229777
1.48,-1.5934856070708228,-1.9256217637253437,-0.4469788214357478,1.7549285628802984,1.7069320084504542,3.023433863229777
1.482,-1.5934856070708228,-1.9256217637253437,-0.4469788214357478,1.7549285628802984,1.7069320084504542,3.023433863229777
1.484,-1.5934856070708228,-1.9256217637253437,-0.4469788214357478,1.7549285628802984,1.7069320084504542,3.023433863229777
1.486,-1.5934856070708228,-1.9256217637253437,-0.4469788214357478,1.7549285628802984,1.7069320084504542,3.023433863229777
1.488,-1.5934856070708228,-1.9256217637253437,-0.4469788214357478,1.7549285628802984,1.7069320084504542,3.023433863229777
1.49,-1.5934856070708228,-1.9256217637253437,-0.4469788214357478,1.7549285628802984,1.7069320084504542,3.023433863229777
1.492,-1.5934856070708228,-1.9256217637253437,-0.4469788214357478,1.7549285628802984,1.7069320084504542,3.023433863229777
1.494,-1.5934856070708228,-1.9256217637253437,-0.4469788214357478,1.7549285628802984,1.7069320084504542,3.023433863229777
1.496,-1.5934856070708228,-1.9256217637253437,-0.4469788214357478,1.7549285628802984,1.7069320084504542,3.023433863229777
1.498,-1.5934856070708228,-1.9256217637253437,-0.4469788214357478,1.7549285628802984,1.7069320084504542,3.023433863229777
1.5,-1.5934856070708228,-1.9256217637253437,-0.4469788214357478,1.7549285628802984,1.7069320084504542,3.023433863229777
1.502,-1.5934856070708228,-1.9256217637253437,-0.4469788214357478,1.7549285628802984,1.7069320084504542,3.023433863229777
1.504,-1.5934856070708228,-1.9256217637253437,-0.4469788214357478,1.7549285628802984,1.7069320084504542,3.023433863229777
1.506,-1.5934856070708228,-1.9256217637253437,-0.4469788214357478,1.7549285628802984,1.7069320084504542,3.023433863229777
1.508,-1.5934856070708228,-1.9256217637253437,-0.4469788214357478,1.7549285628802984,1.7069320084504542,3.023433863229777
1.51,-1.5934856070708228,-1.9256217637253437,-0.4469788214357478,1.7549285628802984,1.7069320084504542,3.023433863229777
1.512,-1.5934856070708228,-1.9256217637253437,-0.4469788214357478,1.7549285628802984,1.7069320084504542,3.023433863229777
1.514,-1.5934856070708228,-1.9256217637253437,-0.4469788214357478,1.7549285628802984,1.7069320084504542,3.023433863229777
1.516,-1.5934856070708228,-1.9256217637253437,-0.4469788214357478,1.7549285628802984,1.7069320084504542,3.023433863229777
1.518,-1.5934856070708228,-1.9256217637253437,-0.4469788214357478,1.7549285628802984,1.7069320084504542,3.023433863229777
1.52,-1.5934856070708228,-1.9256217637253437,-0.4469788214357478,1.7549285628802984,1.7069320084504542,3.023433863229777
1.522,-1.5934856070708228,-1.9256217637253437,-0.4469788214357478,1.7549285628802984,1.7069320084504542,3.023433863229777
1.524,-1.5934856070708228,-1.9256217637253437,-0.4469788214357478,1.7549285628802984,1.7069320084504542,3.023433863229777
1.526,-1.5934856070708228,-1.9256217637253437,-0.4469788214357478,1.7549285628802984,1.7069320084504542,3.023433863229777
1.528,-1.5934856070708228,-1.9256217637253437,-0.4469788214357478,1.7549285628802984,1.7069320084504542,3.023433863229777
1.53,-1.5934856070708228,-1.9256217637253437,-0.4469788214357478,1.7549285628802984,1.7069320084504542,3.023433863229777
1.532,-1.5934856070708228,-1.9256217637253437,-0.4469788214357478,1.7549285628802984,1.7069320084504542,3.023433863229777
1.534,-1.5934856070708228,-1.9256217637253437,-0.4469788214357478,1.7549285628802984,1.7069320084504542,3.023433863229777
1.536,-1.5934856070708228,-1.9256217637253437,-0.4469788214357478,1.7549285628802984,1.7069320084504542,3.023433863229777
1.538,-1.5934856070708228,-1.9256217637253437,-0.4469788214357478,1.7549285628802984,1.7069320084504542,3.023433863229777
1.54,-1.5934856070708228,-1.9256217637253437,-0.4469788214357478,1.7549285628802984,1.7069320084504542,3.023433863229777
1.542,-1.5934856070708228,-1.9256217637253437,-0.4469788214357478,1.7549285628802984,1.7069320084504542,3.023433863229777
1.544,-1.5934856070708228,-1.9256217637253437,-0.4469788214357478,1.7549285628802984,1.7069320084504542,3.023433863229777
1.546,-1.5934856070708228,-1.9256217637253437,-0.4469788214357478,1.7549285628802984,1.7069320084504542,3.023433863229777
1.548,-1.5934856070708228,-1.9256217637253437,-0.4469788214357478,1.7549285628802984,1.7069320084504542,3.023433863229777
1.55,-1.5934856070708228,-1.9256217637253437,-0.4469788214357478,1.7549285628802984,1.7069320084504542,3.023433863229777
1.552,-1.5934856070708228,-1.9256217637253437,-0.4469788214357478,1.7549285628802984,1.7069320084504542,3.023433863229777
1.554,-1.5934856070708228,-1.9256217637253437,-0.4469788214357478,1.7549285628802984,1.7069320084504542,3.023433863229777
1.556,-1.5934856070708228,-1.9256217637253437,-0.4469788214357478,1.7549285628802984,1.7069320084504542,3.023433863229777
1.558,-1.5934856070708228,-1.9256217637253437,-0.4469788214357478,1.7549285628802984,1.7069320084504542,3.023433863229777
1.56,-1.5934856070708228,-1.9256217637253437,-0.4469788214357478,1.7549285628802984,1.7069320084504542,3.023433863229777
1.562,-1.5934856070708228,-1.9256217637253437,-0.4469788214357478,1.7549285628802984,1.7069320084504542,3.023433863229777
1.564,-1.5934856070708228,-1.9256217637253437,-0.4469788214357478,1.7549285628802984,1.7069320084504542,3.023433863229777
1.566,-1.5934856070708228,-1.9256217637253437,-0.4469788214357478,1.7549285628802984,1.7069320084504542,3.023433863229777
1.568,-1.5934856070708228,-1.9256217637253437,-0.4469788214357478,1.7549285628802984,1.7069320084504542,3.023433863229777
1.57,-1.5934856070708228,-1.9256217637253437,-0.4469788214357478,1.7549285628802984,1.7069320084504542,3.023433863229777
1.572,-1.5934856070708228,-1.9256217637253437,-0.4469788214357478,1.7549285628802984,1.7069320084504542,3.023433863229777
1.574,-1.5934856070708228,-1.9256217637253437,-0.4469788214357478,1.7549285628802984,1.7069320084504542,3.023433863229777
1.576,-1.5934856070708228,-1.9256217637253437,-0.4469788214357478,1.7549285628802984,1.7069320084504542,3.023433863229777
1.578,-1.5934856070708228,-1.9256217637253437,-0.4469788214357478,1.7549285628802984,1.7069320084504542,3.023433863229777
1.58,-1.5934856070708228,-1.9256217637253437,-0.4469788214357478,1.7549285628802984,1.7069320084504542,3.023433863229777
1.582,-1.5934856070708228,-1.9256217637253437,-0.4469788214357478,1.7549285628802984,1.7069320084504542,3.023433863229777
1.584,-1.5934856070708228,-1.9256217637253437,-0.4469788214357478,1.7549285628802984,1.7069320084504542,3.023433863229777
1.586,-1.5934856070708228,-1.9256217637253437,-0.4469788214357478,1.7549285628802984,1.7069320084504542,3.023433863229777
1.588,-1.5934856070708228,-1.9256217637253437,-0.4469788214357478,1.7549285628802984,1.7069320084504542,3.023433863229777
1.59,-1.5934856070708228,-1.9256217637253437,-0.4469788214357478,1.7549285628802984,1.7069320084504542,3.023433863229777
1.592,-1.5934856070708228,-1.9256217637253437,-0.4469788214357478,1.7549285628802984,1.7069320084504542,3.023433863229777
1.594,-1.5934856070708228,-1.9256217637253437,-0.4469788214357478,1.7549285628802984,1.7069320084504542,3.023433863229777
1.596,-1.5934856070708228,-1.9256217637253437,-0.4469788214357478,1.7549285628802984,1.7069320084504542,3.023433863229777
1.598,-1.5934856070708228,-1.9256217637253437,-0.4469788214357478,1.7549285628802984,1.7069320084504542,3.023433863229777
1.6,-1.5934856070708228,-1.9256217637253437,-0.4469788214357478,1.7549285628802984,1.7069320084504542,3.023433863229777
1.602,-1.5934856070708228,-1.9256217637253437,-0.4469788214357478,1.7549285628802984,1.7069320084504542,3.023433863229777
1.604,-1.5934856070708228,-1.9256217637253437,-0.4469788214357478,1.7549285628802984,1.7069320084504542,3.023433863229777
1.606,-1.5934856070708228,-1.9256217637253437,-0.4469788214357478,1.7549285628802984,1.7069320084504542,3.023433863229777
1.608,-1.5934856070708228,-1.9256217637253437,-0.4469788214357478,1.7549285628802984,1.7069320084504542,3.023433863229777
1.61,-1.5934856070708228,-1.9256217637253437,-0.4469788214357478,1.7549285628802984,1.7069320084504542,3.023433863229777
1.612,-1.5934856070708228,-1.9256217637253437,-0.4469788214357478,1.7549285628802984,1.7069320084504542,3.023433863229777
1.614,-1.5934856070708228,-1.9256217637253437,-0.4469788214357478,1.7549285628802984,1.7069320084504542,3.023433863229777
1.616,-1.5934856070708228,-1.9256217637253437,-0.4469788214357478,1.7549285628802984,1.7069320084504542,3.023433863229777
1.618,-1.5934856070708228,-1.9256217637253437,-0.4469788214357478,1.7549285628802984,1.7069320084504542,3.023433863229777
1.62,-1.5934856070708228,-1.9256217637253437,-0.4469788214357478,1.7549285628802984,1.7069320084504542,3.023433863229777
1.622,-1.5934856070708228,-1.9256217637253437,-0.4469788214357478,1.7549285628802984,1.7069320084504542,3.023433863229777
1.624,-1.5934856070708228,-1.9256217637253437,-0.4469788214357478,1.7549285628802984,1.7069320084504542,3.023433863229777
1.6260000000000001,-1.5934856070708228,-1.9256217637253437,-0.4469788214357478,1.7549285628802984,1.7069320084504542,3.023433863229777
1.6280000000000001,-1.5934856070708228,-1.9256217637253437,-0.4469788214357478,1.7549285628802984,1.7069320084504542,3.023433863229777
1.6300000000000001,-1.5934856070708228,-1.9256217637253437,-0.4469788214357478,1.7549285628802984,1.7069320084504542,3.023433863229777
1.6320000000000001,-1.5934856070708228,-1.9256217637253437,-0.4469788214357478,1.7549285628802984,1.7069320084504542,3.023433863229777
1.6340000000000001,-1.5934856070708228,-1.9256217637253437,-0.4469788214357478,1.7549285628802984,1.7069320084504542,3.023433863229777
1.6360000000000001,-1.5934856070708228,-1.9256217637253437,-0.4469788214357478,1.7549285628802984,1.7069320084504542,3.023433863229777
1.6380000000000001,-1.5934856070708228,-1.9256217637253437,-0.4469788214357478,1.7549285628802984,1.7069320084504542,3.023433863229777
1.6400000000000001,-1.5934856070708228,-1.9256217637253437,-0.4469788214357478,1.7549285628802984,1.7069320084504542,3.023433863229777
1.6420000000000001,-1.5934856070708228,-1.9256217637253437,-0.4469788214357478,1.7549285628802984,1.7069320084504542,3.023433863229777
1.6440000000000001,-1.5934856070708228,-1.9256217637253437,-0.4469788214357478,1.7549285628802984,1.7069320084504542,3.023433863229777
1.6460000000000001,-1.5934856070708228,-1.9256217637253437,-0.4469788214357478,1.7549285628802984,1.7069320084504542,3.023433863229777
1.6480000000000001,-1.5934856070708228,-1.9256217637253437,-0.4469788214357478,1.7549285628802984,1.7069320084504542,3.023433863229777
1.6500000000000001,-1.5934856070708228,-1.9256217637253437,-0.4469788214357478,1.7549285628802984,1.7069320084504542,3.023433863229777
1.6520000000000001,-1.5934856070708228,-1.9256217637253437,-0.4469788214357478,1.7549285628802984,1.7069320084504542,3.023433863229777
1.6540000000000001,-1.5934856070708228,-1.9256217637253437,-0.4469788214357478,1.7549285628802984,1.7069320084504542,3.023433863229777
1.6560000000000001,-1.5934856070708228,-1.9256217637253437,-0.4469788214357478,1.7549285628802984,1.7069320084504542,3.023433863229777
1.6580000000000001,-1.5934856070708228,-1.9256217637253437,-0.4469788214357478,1.7549285628802984,1.7069320084504542,3.023433863229777
1.6600000000000001,-1.5934856070708228,-1.9256217637253437,-0.4469788214357478,1.7549285628802984,1.7069320084504542,3.023433863229777
1.6620000000000001,-1.5934856070708228,-1.9256217637253437,-0.4469788214357478,1.7549285628802984,1.7069320084504542,3.023433863229777
1.6640000000000001,-1.5934856070708228,-1.9256217637253437,-0.4469788214357478,1.7549285628802984,1.7069320084504542,3.023433863229777
1.666,-1.5934856070708228,-1.9256217637253437,-0.4469788214357478,1.7549285628802984,1.7069320084504542,3.023433863229777
1.668,-1.5934856070708228,-1.9256217637253437,-0.4469788214357478,1.7549285628802984,1.7069320084504542,3.023433863229777
1.67,-1.5934856070708228,-1.9256217637253437,-0.4469788214357478,1.7549285628802984,1.7069320084504542,3.023433863229777
1.672,-1.5934856070708228,-1.9256217637253437,-0.4469788214357478,1.7549285628802984,1.7069320084504542,3.023433863229777
1.674,-1.5934856070708228,-1.9256217637253437,-0.4469788214357478,1.7549285628802984,1.7069320084504542,3.023433863229777
1.676,-1.5934856070708228,-1.9256217637253437,-0.4469788214357478,1.7549285628802984,1.7069320084504542,3.023433863229777
1.678,-1.5934856070708228,-1.9256217637253437,-0.4469788214357478,1.7549285628802984,1.7069320084504542,3.023433863229777
1.68,-1.5934856070708228,-1.9256217637253437,-0.4469788214357478,1.7549285628802984,1.7069320084504542,3.023433863229777
1.682,-1.5934856070708228,-1.9256217637253437,-0.4469788214357478,1.7549285628802984,1.7069320084504542,3.023433863229777
1.684,-1.5934856070708228,-1.9256217637253437,-0.4469788214357478,1.7549285628802984,1.7069320084504542,3.023433863229777
1.686,-1.5934856070708228,-1.9256217637253437,-0.4469788214357478,1.7549285628802984,1.7069320084504542,3.023433863229777
1.688,-1.5934856070708228,-1.9256217637253437,-0.4469788214357478,1.7549285628802984,1.7069320084504542,3.023433863229777
1.69,-1.5934856070708228,-1.9256217637253437,-0.4469788214357478,1.7549285628802984,1.7069320084504542,3.023433863229777
1.692,-1.5934856070708228,-1.9256217637253437,-0.4469788214357478,1.7549285628802984,1.7069320084504542,3.023433863229777
1.694,-1.5934856070708228,-1.9256217637253437,-0.4469788214357478,1.7549285628802984,1.7069320084504542,3.023433863229777
1.696,-1.5934856070708228,-1.9256217637253437,-0.4469788214357478,1.7549285628802984,1.7069320084504542,3.023433863229777
1.698,-1.5934856070708228,-1.9256217637253437,-0.4469788214357478,1.7549285628802984,1.7069320084504542,3.023433863229777
1.7,-1.5934856070708228,-1.9256217637253437,-0.4469788214357478,1.7549285628802984,1.7069320084504542,3.023433863229777
1.702,-1.5934856070708228,-1.9256217637253437,-0.4469788214357478,1.7549285628802984,1.7069320084504542,3.023433863229777
1.704,-1.5934856070708228,-1.9256217637253437,-0.4469788214357478,1.7549285628802984,1.7069320084504542,3.023433863229777
1.706,-1.5934856070708228,-1.9256217637253437,-0.4469788214357478,1.7549285628802984,1.7069320084504542,3.023433863229777
1.708,-1.5934856070708228,-1.9256217637253437,-0.4469788214357478,1.7549285628802984,1.7069320084504542,3.023433863229777
1.71,-1.5934856070708228,-1.9256217637253437,-0.4469788214357478,1.7549285628802984,1.7069320084504542,3.023433863229777
1.712,-1.5934856070708228,-1.9256217637253437,-0.4469788214357478,1.7549285628802984,1.7069320084504542,3.023433863229777
1.714,-1.5934856070708228,-1.9256217637253437,-0.4469788214357478,1.7549285628802984,1.7069320084504542,3.023433863229777
1.716,-1.5934856070708228,-1.9256217637253437,-0.4469788214357478,1.7549285628802984,1.7069320084504542,3.023433863229777
1.718,-1.5934856070708228,-1.9256217637253437,-0.4469788214357478,1.7549285628802984,1.7069320084504542,3.023433863229777
1.72,-1.5934856070708228,-1.9256217637253437,-0.4469788214357478,1.7549285628802984,1.7069320084504542,3.023433863229777
1.722,-1.5934856070708228,-1.9256217637253437,-0.4469788214357478,1.7549285628802984,1.7069320084504542,3.023433863229777
1.724,-1.5934856070708228,-1.9256217637253437,-0.4469788214357478,1.7549285628802984,1.7069320084504542,3.023433863229777
1.726,-1.5934856070708228,-1.9256217637253437,-0.4469788214357478,1.7549285628802984,1.7069320084504542,3.023433863229777
1.728,-1.5934856070708228,-1.9256217637253437,-0.4469788214357478,1.7549285628802984,1.7069320084504542,3.023433863229777
1.73,-1.5934856070708228,-1.9256217637253437,-0.4469788214357478,1.7549285628802984,1.7069320084504542,3.023433863229777
1.732,-1.5934856070708228,-1.9256217637253437,-0.4469788214357478,1.7549285628802984,1.7069320084504542,3.023433863229777
1.734,-1.5934856070708228,-1.9256217637253437,-0.4469788214357478,1.7549285628802984,1.7069320084504542,3.023433863229777
1.736,-1.5934856070708228,-1.9256217637253437,-0.4469788214357478,1.7549285628802984,1.7069320084504542,3.023433863229777
1.738,-1.5934856070708228,-1.9256217637253437,-0.4469788214357478,1.7549285628802984,1.7069320084504542,3.023433863229777
1.74,-1.5934856070708228,-1.9256217637253437,-0.4469788214357478,1.7549285628802984,1.7069320084504542,3.023433863229777
1.742,-1.5934856070708228,-1.9256217637253437,-0.4469788214357478,1.7549285628802984,1.7069320084504542,3.023433863229777
1.744,-1.5934856070708228,-1.9256217637253437,-0.4469788214357478,1.7549285628802984,1.7069320084504542,3.023433863229777
1.746,-1.5934856070708228,-1.9256217637253437,-0.4469788214357478,1.7549285628802984,1.7069320084504542,3.023433863229777
1.748,-1.5934856070708228,-1.9256217637253437,-0.4469788214357478,1.7549285628802984,1.7069320084504542,3.023433863229777
1.75,-1.5934856070708228,-1.9256217637253437,-0.4469788214357478,1.7549285628802984,1.7069320084504542,3.023433863229777
1.752,-1.5934856070708228,-1.9256217637253437,-0.4469788214357478,1.7549285628802984,1.7069320084504542,3.023433863229777
1.754,-1.5934856070708228,-1.9256217637253437,-0.4469788214357478,1.7549285628802984,1.7069320084504542,3.023433863229777
1.756,-1.5934856070708228,-1.9256217637253437,-0.4469788214357478,1.7549285628802984,1.7069320084504542,3.023433863229777
1.758,-1.5934856070708228,-1.9256217637253437,-0.4469788214357478,1.7549285628802984,1.7069320084504542,3.023433863229777
1.76,-1.5934856070708228,-1.9256217637253437,-0.4469788214357478,1.7549285628802984,1.7069320084504542,3.023433863229777
1.762,-1.5934856070708228,-1.9256217637253437,-0.4469788214357478,1.7549285628802984,1.7069320084504542,3.023433863229777
1.764,-1.5934856070708228,-1.9256217637253437,-0.4469788214357478,1.7549285628802984,1.7069320084504542,3.023433863229777
1.766,-1.5934856070708228,-1.9256217637253437,-0.4469788214357478,1.7549285628802984,1.7069320084504542,3.023433863229777
1.768,-1.5934856070708228,-1.9256217637253437,-0.4469788214357478,1.7549285628802984,1.7069320084504542,3.023433863229777
1.77,-1.5934856070708228,-1.9256217637253437,-0.4469788214357478,1.7549285628802984,1.7069320084504542,3.023433863229777
1.772,-1.5934856070708228,-1.9256217637253437,-0.4469788214357478,1.7549285628802984,1.7069320084504542,3.023433863229777
1.774,-1.5934856070708228,-1.9256217637253437,-0.4469788214357478,1.7549285628802984,1.7069320084504542,3.023433863229777
1.776,-1.5934856070708228,-1.9256217637253437,-0.4469788214357478,1.7549285628802984,1.7069320084504542,3.023433863229777
1.778,-1.5934856070708228,-1.9256217637253437,-0.4469788214357478,1.7549285628802984,1.7069320084504542,3.023433863229777
1.78,-1.5934856070708228,-1.9256217637253437,-0.4469788214357478,1.7549285628802984,1.7069320084504542,3.023433863229777
1.782,-1.5934856070708228,-1.9256217637253437,-0.4469788214357478,1.7549285628802984,1.7069320084504542,3.023433863229777
1.784,-1.5934856070708228,-1.9256217637253437,-0.4469788214357478,1.7549285628802984,1.7069320084504542,3.023433863229777
1.786,-1.5934856070708228,-1.9256217637253437,-0.4469788214357478,1.7549285628802984,1.7069320084504542,3.023433863229777
1.788,-1.5934856070708228,-1.9256217637253437,-0.4469788214357478,1.7549285628802984,1.7069320084504542,3.023433863229777
1.79,-1.5934856070708228,-1.9256217637253437,-0.4469788214357478,1.7549285628802984,1.7069320084504542,3.023433863229777
1.792,-1.5934856070708228,-1.9256217637253437,-0.4469788214357478,1.7549285628802984,1.7069320084504542,3.023433863229777
1.794,-1.5934856070708228,-1.9256217637253437,-0.4469788214357478,1.7549285628802984,1.7069320084504542,3.023433863229777
1.796,-1.5934856070708228,-1.9256217637253437,-0.4469788214357478,1.7549285628802984,1.7069320084504542,3.023433863229777
1.798,-1.5934856070708228,-1.9256217637253437,-0.4469788214357478,1.7549285628802984,1.7069320084504542,3.023433863229777
1.8,-1.5934856070708228,-1.9256217637253437,-0.4469788214357478,1.7549285628802984,1.7069320084504542,3.023433863229777
1.802,-1.5934856070708228,-1.9256217637253437,-0.4469788214357478,1.7549285628802984,1.7069320084504542,3.023433863229777
1.804,-1.5934856070708228,-1.9256217637253437,-0.4469788214357478,1.7549285628802984,1.7069320084504542,3.023433863229777
1.806,-1.5934856070708228,-1.9256217637253437,-0.4469788214357478,1.7549285628802984,1.7069320084504542,3.023433863229777
1.808,-1.5934856070708228,-1.9256217637253437,-0.4469788214357478,1.7549285628802984,1.7069320084504542,3.023433863229777
1.81,-1.5934856070708228,-1.9256217637253437,-0.4469788214357478,1.7549285628802984,1.7069320084504542,3.023433863229777
1.812,-1.5934856070708228,-1.9256217637253437,-0.4469788214357478,1.7549285628802984,1.7069320084504542,3.023433863229777
1.814,-1.5934856070708228,-1.9256217637253437,-0.4469788214357478,1.7549285628802984,1.7069320084504542,3.023433863229777
1.816,-1.5934856070708228,-1.9256217637253437,-0.4469788214357478,1.7549285628802984,1.7069320084504542,3.023433863229777
1.818,-1.5934856070708228,-1.9256217637253437,-0.4469788214357478,1.7549285628802984,1.7069320084504542,3.023433863229777
1.82,-1.5934856070708228,-1.9256217637253437,-0.4469788214357478,1.7549285628802984,1.7069320084504542,3.023433863229777
1.822,-1.5934856070708228,-1.9256217637253437,-0.4469788214357478,1.7549285628802984,1.7069320084504542,3.023433863229777
1.824,-1.5934856070708228,-1.9256217637253437,-0.4469788214357478,1.7549285628802984,1.7069320084504542,3.023433863229777
1.826,-1.5934856070708228,-1.9256217637253437,-0.4469788214357478,1.7549285628802984,1.7069320084504542,3.023433863229777
1.828,-1.5934856070708228,-1.9256217637253437,-0.4469788214357478,1.7549285628802984,1.7069320084504542,3.023433863229777
1.83,-1.5934856070708228,-1.9256217637253437,-0.4469788214357478,1.7549285628802984,1.7069320084504542,3.023433863229777
1.832,-1.5934856070708228,-1.9256217637253437,-0.4469788214357478,1.7549285628802984,1.7069320084504542,3.023433863229777
1.834,-1.5934856070708228,-1.9256217637253437,-0.4469788214357478,1.7549285628802984,1.7069320084504542,3.023433863229777
1.836,-1.5934856070708228,-1.9256217637253437,-0.4469788214357478,1.7549285628802984,1.7069320084504542,3.023433863229777
1.838,-1.5934856070708228,-1.9256217637253437,-0.4469788214357478,1.7549285628802984,1.7069320084504542,3.023433863229777
1.84,-1.5934856070708228,-1.9256217637253437,-0.4469788214357478,1.7549285628802984,1.7069320084504542,3.023433863229777
1.842,-1.5934856070708228,-1.9256217637253437,-0.4469788214357478,1.7549285628802984,1.7069320084504542,3.023433863229777
1.844,-1.5934856070708228,-1.9256217637253437,-0.4469788214357478,1.7549285628802984,1.7069320084504542,3.023433863229777
1.846,-1.5934856070708228,-1.9256217637253437,-0.4469788214357478,1.7549285628802984,1.7069320084504542,3.023433863229777
1.848,-1.5934856070708228,-1.9256217637253437,-0.4469788214357478,1.7549285628802984,1.7069320084504542,3.023433863229777
1.85,-1.5934856070708228,-1.9256217637253437,-0.4469788214357478,1.7549285628802984,1.7069320084504542,3.023433863229777
1.852,-1.5934856070708228,-1.9256217637253437,-0.4469788214357478,1.7549285628802984,1.7069320084504542,3.023433863229777
1.854,-1.5934856070708228,-1.9256217637253437,-0.4469788214357478,1.7549285628802984,1.7069320084504542,3.023433863229777
1.856,-1.5934856070708228,-1.9256217637253437,-0.4469788214357478,1.7549285628802984,1.7069320084504542,3.023433863229777
1.858,-1.5934856070708228,-1.9256217637253437,-0.4469788214357478,1.7549285628802984,1.7069320084504542,3.023433863229777
1.86,-1.5934856070708228,-1.9256217637253437,-0.4469788214357478,1.7549285628802984,1.7069320084504542,3.023433863229777
1.862,-1.5934856070708228,-1.9256217637253437,-0.4469788214357478,1.7549285628802984,1.7069320084504542,3.023433863229777
1.864,-1.5934856070708228,-1.9256217637253437,-0.4469788214357478,1.7549285628802984,1.7069320084504542,3.023433863229777
1.866,-1.5934856070708228,-1.9256217637253437,-0.4469788214357478,1.7549285628802984,1.7069320084504542,3.023433863229777
1.868,-1.5934856070708228,-1.9256217637253437,-0.4469788214357478,1.7549285628802984,1.7069320084504542,3.023433863229777
1.87,-1.5934856070708228,-1.9256217637253437,-0.4469788214357478,1.7549285628802984,1.7069320084504542,3.023433863229777
1.872,-1.5934856070708228,-1.9256217637253437,-0.4469788214357478,1.7549285628802984,1.7069320084504542,3.023433863229777
1.874,-1.5934856070708228,-1.9256217637253437,-0.4469788214357478,1.7549285628802984,1.7069320084504542,3.023433863229777
1.8760000000000001,-1.5934856070708228,-1.9256217637253437,-0.4469788214357478,1.7549285628802984,1.7069320084504542,3.023433863229777
1.8780000000000001,-1.5934856070708228,-1.9256217637253437,-0.4469788214357478,1.7549285628802984,1.7069320084504542,3.023433863229777
1.8800000000000001,-1.5934856070708228,-1.9256217637253437,-0.4469788214357478,1.7549285628802984,1.7069320084504542,3.023433863229777
1.8820000000000001,-1.5934856070708228,-1.9256217637253437,-0.4469788214357478,1.7549285628802984,1.7069320084504542,3.023433863229777
1.8840000000000001,-1.5934856070708228,-1.9256217637253437,-0.4469788214357478,1.7549285628802984,1.7069320084504542,3.023433863229777
1.8860000000000001,-1.5934856070708228,-1.9256217637253437,-0.4469788214357478,1.7549285628802984,1.7069320084504542,3.023433863229777
1.8880000000000001,-1.5934856070708228,-1.9256217637253437,-0.4469788214357478,1.7549285628802984,1.7069320084504542,3.023433863229777
1.8900000000000001,-1.5934856070708228,-1.9256217637253437,-0.4469788214357478,1.7549285628802984,1.7069320084504542,3.023433863229777
1.8920000000000001,-1.5934856070708228,-1.9256217637253437,-0.4469788214357478,1.7549285628802984,1.7069320084504542,3.023433863229777
1.8940000000000001,-1.5934856070708228,-1.9256217637253437,-0.4469788214357478,1.7549285628802984,1.7069320084504542,3.023433863229777
1.8960000000000001,-1.5934856070708228,-1.9256217637253437,-0.4469788214357478,1.7549285628802984,1.7069320084504542,3.023433863229777
1.8980000000000001,-1.5934856070708228,-1.9256217637253437,-0.4469788214357478,1.7549285628802984,1.7069320084504542,3.023433863229777
1.9000000000000001,-1.5934856070708228,-1.9256217637253437,-0.4469788214357478,1.7549285628802984,1.7069320084504542,3.023433863229777
1.9020000000000001,-1.5934856070708228,-1.9256217637253437,-0.4469788214357478,1.7549285628802984,1.7069320084504542,3.023433863229777
1.9040000000000001,-1.5934856070708228,-1.9256217637253437,-0.4469788214357478,1.7549285628802984,1.7069320084504542,3.023433863229777
1.9060000000000001,-1.5934856070708228,-1.9256217637253437,-0.4469788214357478,1.7549285628802984,1.7069320084504542,3.023433863229777
1.9080000000000001,-1.5934856070708228,-1.9256217637253437,-0.4469788214357478,1.7549285628802984,1.7069320084504542,3.023433863229777
1.9100000000000001,-1.5934856070708228,-1.9256217637253437,-0.4469788214357478,1.7549285628802984,1.7069320084504542,3.023433863229777
1.9120000000000001,-1.5934856070708228,-1.9256217637253437,-0.4469788214357478,1.7549285628802984,1.7069320084504542,3.023433863229777
1.9140000000000001,-1.5934856070708228,-1.9256217637253437,-0.4469788214357478,1.7549285628802984,1.7069320084504542,3.023433863229777
1.9160000000000001,-1.5934856070708228,-1.9256217637253437,-0.4469788214357478,1.7549285628802984,1.7069320084504542,3.023433863229777
1.9180000000000001,-1.5934856070708228,-1.9256217637253437,-0.4469788214357478,1.7549285628802984,1.7069320084504542,3.023433863229777
1.92,-1.5934856070708228,-1.9256217637253437,-0.4469788214357478,1.7549285628802984,1.7069320084504542,3.023433863229777
1.922,-1.5934856070708228,-1.9256217637253437,-0.4469788214357478,1.7549285628802984,1.7069320084504542,3.023433863229777
1.924,-1.5934856070708228,-1.9256217637253437,-0.4469788214357478,1.7549285628802984,1.7069320084504542,3.023433863229777
1.926,-1.5934856070708228,-1.9256217637253437,-0.4469788214357478,1.7549285628802984,1.7069320084504542,3.023433863229777
1.928,-1.5934856070708228,-1.9256217637253437,-0.4469788214357478,1.7549285628802984,1.7069320084504542,3.023433863229777
1.93,-1.5934856070708228,-1.9256217637253437,-0.4469788214357478,1.7549285628802984,1.7069320084504542,3.023433863229777
1.932,-1.5934856070708228,-1.9256217637253437,-0.4469788214357478,1.7549285628802984,1.7069320084504542,3.023433863229777
1.934,-1.5934856070708228,-1.9256217637253437,-0.4469788214357478,1.7549285628802984,1.7069320084504542,3.023433863229777
1.936,-1.5934856070708228,-1.9256217637253437,-0.4469788214357478,1.7549285628802984,1.7069320084504542,3.023433863229777
1.938,-1.5934856070708228,-1.9256217637253437,-0.4469788214357478,1.7549285628802984,1.7069320084504542,3.023433863229777
1.94,-1.5934856070708228,-1.9256217637253437,-0.4469788214357478,1.7549285628802984,1.7069320084504542,3.023433863229777
1.942,-1.5934856070708228,-1.9256217637253437,-0.4469788214357478,1.7549285628802984,1.7069320084504542,3.023433863229777
1.944,-1.5934856070708228,-1.9256217637253437,-0.4469788214357478,1.7549285628802984,1.7069320084504542,3.023433863229777
1.946,-1.5934856070708228,-1.9256217637253437,-0.4469788214357478,1.7549285628802984,1.7069320084504542,3.023433863229777
1.948,-1.5934856070708228,-1.9256217637253437,-0.4469788214357478,1.7549285628802984,1.7069320084504542,3.023433863229777
1.95,-1.5934856070708228,-1.9256217637253437,-0.4469788214357478,1.7549285628802984,1.7069320084504542,3.023433863229777
1.952,-1.5934856070708228,-1.9256217637253437,-0.4469788214357478,1.7549285628802984,1.7069320084504542,3.023433863229777
1.954,-1.5934856070708228,-1.9256217637253437,-0.4469788214357478,1.7549285628802984,1.7069320084504542,3.023433863229777
1.956,-1.5934856070708228,-1.9256217637253437,-0.4469788214357478,1.7549285628802984,1.7069320084504542,3.023433863229777
1.958,-1.5934856070708228,-1.9256217637253437,-0.4469788214357478,1.7549285628802984,1.7069320084504542,3.023433863229777
1.96,-1.5934856070708228,-1.9256217637253437,-0.4469788214357478,1.7549285628802984,1.7069320084504542,3.023433863229777
1.962,-1.5934856070708228,-1.9256217637253437,-0.4469788214357478,1.7549285628802984,1.7069320084504542,3.023433863229777
1.964,-1.5934856070708228,-1.9256217637253437,-0.4469788214357478,1.7549285628802984,1.7069320084504542,3.023433863229777
1.966,-1.5934856070708228,-1.9256217637253437,-0.4469788214357478,1.7549285628802984,1.7069320084504542,3.023433863229777
1.968,-1.5934856070708228,-1.9256217637253437,-0.4469788214357478,1.7549285628802984,1.7069320084504542,3.023433863229777
1.97,-1.5934856070708228,-1.9256217637253437,-0.4469788214357478,1.7549285628802984,1.7069320084504542,3.023433863229777
1.972,-1.5934856070708228,-1.9256217637253437,-0.4469788214357478,1.7549285628802984,1.7069320084504542,3.023433863229777
1.974,-1.5934856070708228,-1.9256217637253437,-0.4469788214357478,1.7549285628802984,1.7069320084504542,3.023433863229777
1.976,-1.5934856070708228,-1.9256217637253437,-0.4469788214357478,1.7549285628802984,1.7069320084504542,3.023433863229777
1.978,-1.5934856070708228,-1.9256217637253437,-0.4469788214357478,1.7549285628802984,1.7069320084504542,3.023433863229777
1.98,-1.5934856070708228,-1.9256217637253437,-0.4469788214357478,1.7549285628802984,1.7069320084504542,3.023433863229777
1.982,-1.5934856070708228,-1.9256217637253437,-0.4469788214357478,1.7549285628802984,1.7069320084504542,3.023433863229777
1.984,-1.5934856070708228,-1.9256217637253437,-0.4469788214357478,1.7549285628802984,1.7069320084504542,3.023433863229777
1.986,-1.5934856070708228,-1.9256217637253437,-0.4469788214357478,1.7549285628802984,1.7069320084504542,3.023433863229777
1.988,-1.5934856070708228,-1.9256217637253437,-0.4469788214357478,1.7549285628802984,1.7069320084504542,3.023433863229777
1.99,-1.5934856070708228,-1.9256217637253437,-0.4469788214357478,1.7549285628802984,1.7069320084504542,3.023433863229777
1.992,-1.5934856070708228,-1.9256217637253437,-0.4469788214357478,1.7549285628802984,1.7069320084504542,3.023433863229777
1.994,-1.5934856070708228,-1.9256217637253437,-0.4469788214357478,1.7549285628802984,1.7069320084504542,3.023433863229777
1.996,-1.5934856070708228,-1.9256217637253437,-0.4469788214357478,1.7549285628802984,1.7069320084504542,3.023433863229777
1.998,-1.5934856070708228,-1.9256217637253437,-0.4469788214357478,1.7549285628802984,1.7069320084504542,3.023433863229777
2.0,-1.5934856070708228,-1.9256217637253437,-0.4469788214357478,1.7549285628802984,1.7069320084504542,3.023433863229777
2.0020000000000002,-1.5934856070708228,-1.9256217637253437,-0.4469788214357478,1.7549285628802984,1.7069320084504542,3.023433863229777
2.004,-1.5934856070708228,-1.9256217637253437,-0.4469788214357478,1.7549285628802984,1.7069320084504542,3.023433863229777
2.0060000000000002,-1.5934856070708228,-1.9256217637253437,-0.4469788214357478,1.7549285628802984,1.7069320084504542,3.023433863229777
2.008,-1.5934856070708228,-1.9256217637253437,-0.4469788214357478,1.7549285628802984,1.7069320084504542,3.023433863229777
2.0100000000000002,-1.5934856070708228,-1.9256217637253437,-0.4469788214357478,1.7549285628802984,1.7069320084504542,3.023433863229777
2.012,-1.5934856070708228,-1.9256217637253437,-0.4469788214357478,1.7549285628802984,1.7069320084504542,3.023433863229777
2.0140000000000002,-1.5934856070708228,-1.9256217637253437,-0.4469788214357478,1.7549285628802984,1.7069320084504542,3.023433863229777
2.016,-1.5934856070708228,-1.9256217637253437,-0.4469788214357478,1.7549285628802984,1.7069320084504542,3.023433863229777
2.0180000000000002,-1.5934856070708228,-1.9256217637253437,-0.4469788214357478,1.7549285628802984,1.7069320084504542,3.023433863229777
2.02,-1.5934856070708228,-1.9256217637253437,-0.4469788214357478,1.7549285628802984,1.7069320084504542,3.023433863229777
2.0220000000000002,-1.5934856070708228,-1.9256217637253437,-0.4469788214357478,1.7549285628802984,1.7069320084504542,3.023433863229777
2.024,-1.5934856070708228,-1.9256217637253437,-0.4469788214357478,1.7549285628802984,1.7069320084504542,3.023433863229777
2.0260000000000002,-1.5934856070708228,-1.9256217637253437,-0.4469788214357478,1.7549285628802984,1.7069320084504542,3.023433863229777
2.028,-1.5934856070708228,-1.9256217637253437,-0.4469788214357478,1.7549285628802984,1.7069320084504542,3.023433863229777
2.0300000000000002,-1.5934856070708228,-1.9256217637253437,-0.4469788214357478,1.7549285628802984,1.7069320084504542,3.023433863229777
2.032,-1.5934856070708228,-1.9256217637253437,-0.4469788214357478,1.7549285628802984,1.7069320084504542,3.023433863229777
2.0340000000000003,-1.5934856070708228,-1.9256217637253437,-0.4469788214357478,1.7549285628802984,1.7069320084504542,3.023433863229777
2.036,-1.5934856070708228,-1.9256217637253437,-0.4469788214357478,1.7549285628802984,1.7069320084504542,3.023433863229777
2.0380000000000003,-1.5934856070708228,-1.9256217637253437,-0.4469788214357478,1.7549285628802984,1.7069320084504542,3.023433863229777
2.04,-1.5934856070708228,-1.9256217637253437,-0.4469788214357478,1.7549285628802984,1.7069320084504542,3.023433863229777
2.0420000000000003,-1.5934856070708228,-1.9256217637253437,-0.4469788214357478,1.7549285628802984,1.7069320084504542,3.023433863229777
2.044,-1.5934856070708228,-1.9256217637253437,-0.4469788214357478,1.7549285628802984,1.7069320084504542,3.023433863229777
2.0460000000000003,-1.5934856070708228,-1.9256217637253437,-0.4469788214357478,1.7549285628802984,1.7069320084504542,3.023433863229777
2.048,-1.5934856070708228,-1.9256217637253437,-0.4469788214357478,1.7549285628802984,1.7069320084504542,3.023433863229777
2.05,-1.5934856070708228,-1.9256217637253437,-0.4469788214357478,1.7549285628802984,1.7069320084504542,3.023433863229777
2.052,-1.5934856070708228,-1.9256217637253437,-0.4469788214357478,1.7549285628802984,1.7069320084504542,3.023433863229777
2.054,-1.5934856070708228,-1.9256217637253437,-0.4469788214357478,1.7549285628802984,1.7069320084504542,3.023433863229777
2.056,-1.5934856070708228,-1.9256217637253437,-0.4469788214357478,1.7549285628802984,1.7069320084504542,3.023433863229777
2.058,-1.5934856070708228,-1.9256217637253437,-0.4469788214357478,1.7549285628802984,1.7069320084504542,3.023433863229777
2.06,-1.5934856070708228,-1.9256217637253437,-0.4469788214357478,1.7549285628802984,1.7069320084504542,3.023433863229777
2.062,-1.5934856070708228,-1.9256217637253437,-0.4469788214357478,1.7549285628802984,1.7069320084504542,3.023433863229777
2.064,-1.5934856070708228,-1.9256217637253437,-0.4469788214357478,1.7549285628802984,1.7069320084504542,3.023433863229777
2.066,-1.5934856070708228,-1.9256217637253437,-0.4469788214357478,1.7549285628802984,1.7069320084504542,3.023433863229777
2.068,-1.5934856070708228,-1.9256217637253437,-0.4469788214357478,1.7549285628802984,1.7069320084504542,3.023433863229777
2.07,-1.5934856070708228,-1.9256217637253437,-0.4469788214357478,1.7549285628802984,1.7069320084504542,3.023433863229777
2.072,-1.5934856070708228,-1.9256217637253437,-0.4469788214357478,1.7549285628802984,1.7069320084504542,3.023433863229777
2.074,-1.5934856070708228,-1.9256217637253437,-0.4469788214357478,1.7549285628802984,1.7069320084504542,3.023433863229777
2.076,-1.5934856070708228,-1.9256217637253437,-0.4469788214357478,1.7549285628802984,1.7069320084504542,3.023433863229777
2.078,-1.5934856070708228,-1.9256217637253437,-0.4469788214357478,1.7549285628802984,1.7069320084504542,3.023433863229777
2.08,-1.5934856070708228,-1.9256217637253437,-0.4469788214357478,1.7549285628802984,1.7069320084504542,3.023433863229777
2.082,-1.5934856070708228,-1.9256217637253437,-0.4469788214357478,1.7549285628802984,1.7069320084504542,3.023433863229777
2.084,-1.5934856070708228,-1.9256217637253437,-0.4469788214357478,1.7549285628802984,1.7069320084504542,3.023433863229777
2.086,-1.5934856070708228,-1.9256217637253437,-0.4469788214357478,1.7549285628802984,1.7069320084504542,3.023433863229777
2.088,-1.5934856070708228,-1.9256217637253437,-0.4469788214357478,1.7549285628802984,1.7069320084504542,3.023433863229777
2.09,-1.5934856070708228,-1.9256217637253437,-0.4469788214357478,1.7549285628802984,1.7069320084504542,3.023433863229777
2.092,-1.5934856070708228,-1.9256217637253437,-0.4469788214357478,1.7549285628802984,1.7069320084504542,3.023433863229777
2.094,-1.5934856070708228,-1.9256217637253437,-0.4469788214357478,1.7549285628802984,1.7069320084504542,3.023433863229777
2.096,-1.5934856070708228,-1.9256217637253437,-0.4469788214357478,1.7549285628802984,1.7069320084504542,3.023433863229777
2.098,-1.5934856070708228,-1.9256217637253437,-0.4469788214357478,1.7549285628802984,1.7069320084504542,3.023433863229777
