t,shoulder_pan,shoulder_lift,elbow,wrist_1,wrist_2,wrist_3
0.0,-1.5934856070708228,-2.275560278750207,-1.1913617474113294,-0.18448130193580065,1.7069320084504542,3.023433863229777
0.002,-1.5934856070708228,-2.275560278750207,-1.1898460667451238,-0.18071419027711014,1.7069320084504542,3.0234338632297773
0.004,-1.5934856070708228,-2.275560278750207,-1.188330386078918,-0.1769470786184196,1.7069320084504542,3.023433863229777
0.006,-1.5934856070708225,-2.275560278750207,-1.1868147054127125,-0.17317996695972906,1.7069320084504542,3.0234338632297764
0.008,-1.5934856070708228,-2.275560278750207,-1.1852990247465072,-0.16941285530103858,1.7069320084504542,3.023433863229777
0.01,-1.5934856070708228,-2.275560278750207,-1.1837833440803016,-0.16564574364234808,1.7069320084504542,3.0234338632297773
0.012,-1.5934856070708228,-2.275560278750207,-1.1822676634140958,-0.16187863198365754,1.7069320084504542,3.023433863229777
0.014,-1.5934856070708225,-2.275560278750207,-1.18075198274789,-0.158111520324967,1.706932008450454,3.0234338632297764
0.016,-1.5934856070708228,-2.275560278750207,-1.1792363020816845,-0.15434440866627652,1.7069320084504542,3.023433863229777
0.018000000000000002,-1.5934856070708228,-2.275560278750207,-1.177720621415479,-0.15057729700758601,1.7069320084504545,3.0234338632297773
0.02,-1.5934856070708228,-2.275560278750207,-1.1762049407492732,-0.14681018534889545,1.7069320084504542,3.023433863229777
0.022,-1.5934856070708225,-2.2755602787502065,-1.1746892600830678,-0.14304307369020494,1.706932008450454,3.0234338632297764
0.024,-1.5934856070708228,-2.275560278750207,-1.1731735794168623,-0.13927596203151443,1.7069320084504542,3.023433863229777
0.026000000000000002,-1.5934856070708228,-2.275560278750207,-1.1716578987506567,-0.13550885037282395,1.7069320084504545,3.0234338632297773
0.028,-1.5934856070708228,-2.275560278750207,-1.170142218084451,-0.1317417387141334,1.7069320084504542,3.023433863229777
0.03,-1.5934856070708225,-2.2755602787502065,-1.1686265374182452,-0.12797462705544288,1.7069320084504542,3.0234338632297764
0.032,-1.5934856070708228,-2.275560278750207,-1.1671108567520396,-0.12420751539675237,1.7069320084504542,3.023433863229777
0.034,-1.5934856070708228,-2.275560278750207,-1.165595176085834,-0.12044040373806185,1.7069320084504542,3.0234338632297773
0.036000000000000004,-1.5934856070708228,-2.275560278750207,-1.1640794954196285,-0.11667329207937133,1.7069320084504542,3.023433863229777
0.038,-1.5934856070708225,-2.2755602787502065,-1.162563814753423,-0.11290618042068082,1.7069320084504542,3.0234338632297764
0.04,-1.5934856070708228,-2.2755602787502074,-1.1610481340872174,-0.1091390687619903,1.7069320084504542,3.023433863229777
0.042,-1.5934856070708228,-2.2755602787502074,-1.1595324534210119,-0.10537195710329979,1.7069320084504542,3.0234338632297773
0.044,-1.5934856070708228,-2.275560278750207,-1.158016772754806,-0.10160484544460927,1.7069320084504542,3.023433863229777
0.046,-1.5934856070708225,-2.275560278750207,-1.1565010920886005,-0.09783773378591873,1.7069320084504542,3.0234338632297764
0.048,-1.5934856070708228,-2.275560278750207,-1.154985411422395,-0.09407062212722823,1.7069320084504542,3.023433863229777
0.05,-1.5934856070708228,-2.2755602787502074,-1.1534697307561892,-0.09030351046853773,1.7069320084504542,3.0234338632297773
0.052000000000000005,-1.5934856070708228,-2.275560278750207,-1.1519540500899839,-0.0865363988098472,1.7069320084504542,3.023433863229777
0.054,-1.5934856070708228,-2.275560278750207,-1.150438369423778,-0.08276928715115667,1.7069320084504542,3.0234338632297764
0.056,-1.5934856070708228,-2.275560278750207,-1.1489226887575725,-0.07900217549246615,1.7069320084504542,3.023433863229777
0.058,-1.5934856070708228,-2.2755602787502074,-1.147407008091367,-0.07523506383377566,1.7069320084504542,3.0234338632297773
0.06,-1.5934856070708228,-2.275560278750207,-1.1458913274251612,-0.07146795217508511,1.7069320084504542,3.023433863229777
0.062,-1.5934856070708228,-2.275560278750207,-1.1443756467589556,-0.06770084051639459,1.706932008450454,3.0234338632297764
0.064,-1.5934856070708228,-2.275560278750207,-1.14285996609275,-0.06393372885770408,1.7069320084504542,3.023433863229777
0.066,-1.5934856070708228,-2.275560278750207,-1.1413442854265448,-0.06016661719901359,1.7069320084504545,3.0234338632297773
0.068,-1.5934856070708228,-2.275560278750207,-1.139828604760339,-0.05639950554032305,1.7069320084504542,3.023433863229777
0.07,-1.5934856070708228,-2.275560278750207,-1.1383129240941332,-0.05263239388163253,1.706932008450454,3.0234338632297764
0.07200000000000001,-1.5934856070708228,-2.275560278750207,-1.1367972434279277,-0.04886528222294202,1.7069320084504542,3.023433863229777
0.074,-1.593485607070823,-2.275560278750207,-1.135281562761722,-0.0450981705642515,1.7069320084504545,3.0234338632297773
0.076,-1.5934856070708228,-2.275560278750207,-1.1337658820955165,-0.04133105890556099,1.7069320084504542,3.023433863229777
0.078,-1.5934856070708228,-2.275560278750207,-1.1322502014293108,-0.03756394724687048,1.7069320084504542,3.0234338632297764
0.08,-1.5934856070708228,-2.275560278750207,-1.1307345207631054,-0.033796835588179946,1.7069320084504542,3.023433863229777
0.082,-1.593485607070823,-2.275560278750207,-1.1292188400968999,-0.030029723929489438,1.7069320084504542,3.023433863229777
0.084,-1.5934856070708228,-2.275560278750207,-1.127703159430694,-0.02626261227079893,1.7069320084504542,3.023433863229777
0.08600000000000001,-1.5934856070708228,-2.275560278750207,-1.1261874787644885,-0.022495500612108393,1.7069320084504542,3.0234338632297764
0.088,-1.5934856070708228,-2.275560278750207,-1.1246717980982828,-0.018728388953417885,1.7069320084504542,3.023433863229777
0.09,-1.593485607070823,-2.275560278750207,-1.1231561174320772,-0.014961277294727376,1.7069320084504542,3.023433863229777
0.092,-1.5934856070708228,-2.275560278750207,-1.1216404367658717,-0.011194165636036868,1.7069320084504542,3.023433863229777
0.094,-1.5934856070708228,-2.275560278750207,-1.120124756099666,-0.007427053977346304,1.7069320084504542,3.0234338632297764
0.096,-1.5934856070708228,-2.275560278750207,-1.1186090754334606,-0.0036599423186557956,1.7069320084504542,3.023433863229777
0.098,-1.593485607070823,-2.275560278750207,-1.117093394767255,0.00010716934003468515,1.7069320084504542,3.023433863229777
0.1,-1.5934856070708228,-2.275560278750207,-1.1155777141010492,0.0038742809987252214,1.7069320084504542,3.023433863229777
0.10200000000000001,-1.5934856070708228,-2.275560278750207,-1.1140620334348437,0.007641392657415758,1.706932008450454,3.0234338632297764
0.10400000000000001,-1.5934856070708228,-2.275560278750207,-1.1125463527686381,0.011408504316106266,1.7069320084504542,3.023433863229777
0.106,-1.593485607070823,-2.275560278750207,-1.1110306721024326,0.015175615974796774,1.7069320084504545,3.023433863229777
0.108,-1.5934856070708228,-2.275560278750207,-1.1095149914362268,0.018942727633487283,1.7069320084504542,3.023433863229777
0.11,-1.5934856070708228,-2.275560278750207,-1.1079993107700212,0.02270983929217782,1.706932008450454,3.0234338632297764
0.112,-1.5934856070708228,-2.275560278750207,-1.1064836301038157,0.026476950950868328,1.7069320084504542,3.023433863229777
0.114,-1.5934856070708228,-2.275560278750207,-1.1049679494376101,0.030244062609558836,1.7069320084504545,3.023433863229777
0.116,-1.5934856070708228,-2.275560278750207,-1.1034522687714046,0.034011174268249345,1.7069320084504542,3.023433863229777
0.11800000000000001,-1.5934856070708228,-2.275560278750207,-1.1019365881051988,0.03777828592693991,1.7069320084504542,3.0234338632297764
0.12,-1.5934856070708228,-2.275560278750207,-1.1004209074389932,0.04154539758563039,1.7069320084504542,3.023433863229777
0.122,-1.5934856070708228,-2.2755602787502074,-1.0989052267727877,0.0453125092443209,1.7069320084504542,3.023433863229777
0.124,-1.5934856070708228,-2.275560278750207,-1.0973895461065821,0.049079620903011434,1.7069320084504542,3.023433863229777
0.126,-1.5934856070708228,-2.2755602787502065,-1.0958738654403763,0.05284673256170197,1.7069320084504542,3.0234338632297764
0.128,-1.5934856070708228,-2.275560278750207,-1.0943581847741708,0.05661384422039245,1.7069320084504542,3.023433863229777
0.13,-1.5934856070708228,-2.275560278750207,-1.0928425041079652,0.06038095587908296,1.7069320084504542,3.023433863229777
0.132,-1.5934856070708228,-2.275560278750207,-1.0913268234417597,0.06414806753777352,1.7069320084504542,3.023433863229777
0.134,-1.5934856070708225,-2.275560278750207,-1.089811142775554,0.06791517919646403,1.7069320084504542,3.0234338632297764
0.136,-1.5934856070708228,-2.275560278750207,-1.0882954621093484,0.07168229085515454,1.7069320084504542,3.023433863229777
0.138,-1.5934856070708228,-2.275560278750207,-1.086779781443143,0.07544940251384502,1.7069320084504542,3.023433863229777
0.14,-1.5934856070708228,-2.275560278750207,-1.0852641007769372,0.07921651417253558,1.7069320084504542,3.023433863229777
0.14200000000000002,-1.5934856070708225,-2.275560278750207,-1.0837484201107315,0.0829836258312261,1.7069320084504542,3.0234338632297764
0.14400000000000002,-1.5934856070708228,-2.275560278750207,-1.082232739444526,0.0867507374899166,1.7069320084504542,3.023433863229777
0.146,-1.5934856070708228,-2.275560278750207,-1.0807170587783206,0.09051784914860711,1.7069320084504545,3.023433863229777
0.148,-1.5934856070708228,-2.275560278750207,-1.0792013781121148,0.09428496080729765,1.7069320084504542,3.023433863229777
0.15,-1.5934856070708225,-2.275560278750207,-1.0776856974459093,0.09805207246598815,1.706932008450454,3.0234338632297764
0.152,-1.5934856070708228,-2.275560278750207,-1.0761700167797037,0.10181918412467866,1.7069320084504542,3.023433863229777
0.154,-1.5934856070708228,-2.275560278750207,-1.0746543361134981,0.1055862957833692,1.7069320084504545,3.023433863229777
0.156,-1.5934856070708228,-2.275560278750207,-1.0731386554472924,0.10935340744205968,1.7069320084504542,3.023433863229777
0.158,-1.5934856070708225,-2.275560278750207,-1.0716229747810868,0.11312051910075024,1.706932008450454,3.0234338632297764
0.16,-1.5934856070708228,-2.275560278750207,-1.0701072941148813,0.11688763075944075,1.7069320084504542,3.023433863229777
0.162,-1.5934856070708228,-2.2755602787502074,-1.0685916134486757,0.12065474241813123,1.7069320084504542,3.023433863229777
0.164,-1.5934856070708228,-2.275560278750207,-1.06707593278247,0.12442185407682177,1.7069320084504542,3.023433863229777
0.166,-1.5934856070708228,-2.2755602787502065,-1.0655602521162644,0.12818896573551233,1.7069320084504542,3.0234338632297764
0.168,-1.5934856070708228,-2.275560278750207,-1.0640445714500588,0.13195607739420281,1.7069320084504542,3.023433863229777
0.17,-1.5934856070708228,-2.275560278750207,-1.0625288907838533,0.13572318905289332,1.7069320084504542,3.023433863229777
0.17200000000000001,-1.5934856070708228,-2.275560278750207,-1.0610132101176475,0.13949030071158383,1.7069320084504542,3.023433863229777
0.17400000000000002,-1.5934856070708228,-2.275560278750207,-1.059497529451442,0.14325741237027437,1.7069320084504542,3.0234338632297764
0.176,-1.5934856070708228,-2.275560278750207,-1.0579818487852364,0.1470245240289649,1.7069320084504542,3.023433863229777
0.178,-1.5934856070708228,-2.275560278750207,-1.0564661681190308,0.15079163568765536,1.7069320084504542,3.023433863229777
0.18,-1.5934856070708228,-2.275560278750207,-1.0549504874528253,0.15455874734634592,1.7069320084504542,3.023433863229777
0.182,-1.5934856070708228,-2.275560278750207,-1.0534348067866195,0.15832585900503646,1.7069320084504542,3.0234338632297764
0.184,-1.5934856070708228,-2.275560278750207,-1.051919126120414,0.16209297066372694,1.7069320084504542,3.023433863229777
0.186,-1.593485607070823,-2.275560278750207,-1.0504034454542084,0.16586008232241747,1.7069320084504542,3.023433863229777
0.188,-1.5934856070708228,-2.275560278750207,-1.0488877647880028,0.169627193981108,1.7069320084504542,3.023433863229777
0.19,-1.5934856070708228,-2.275560278750207,-1.047372084121797,0.17339430563979852,1.7069320084504542,3.0234338632297764
0.192,-1.5934856070708228,-2.275560278750207,-1.0458564034555915,0.17716141729848903,1.7069320084504542,3.023433863229777
0.194,-1.593485607070823,-2.275560278750207,-1.0443407227893862,0.1809285289571795,1.7069320084504545,3.023433863229777
0.196,-1.5934856070708228,-2.275560278750207,-1.0428250421231804,0.18469564061587004,1.7069320084504542,3.023433863229777
0.198,-1.5934856070708228,-2.275560278750207,-1.0413093614569748,0.1884627522745606,1.706932008450454,3.0234338632297764
0.2,-1.5934856070708228,-2.275560278750207,-1.039793680790769,0.19222986393325106,1.7069320084504542,3.023433863229777
0.202,-1.593485607070823,-2.2755602787502074,-1.0382780001245635,0.1959969755919416,1.7069320084504545,3.023433863229777
0.20400000000000001,-1.5934856070708228,-2.275560278750207,-1.036762319458358,0.19976408725063216,1.7069320084504542,3.023433863229777
0.20600000000000002,-1.5934856070708228,-2.2755602787502065,-1.0352466387921524,0.20353119890932264,1.7069320084504542,3.0234338632297764
0.20800000000000002,-1.5934856070708228,-2.275560278750207,-1.0337309581259468,0.20729831056801318,1.7069320084504542,3.023433863229777
0.21,-1.593485607070823,-2.275560278750207,-1.0322152774597413,0.21106542222670363,1.7069320084504542,3.023433863229777
0.212,-1.5934856070708228,-2.275560278750207,-1.0306995967935355,0.2148325338853942,1.7069320084504542,3.023433863229777
0.214,-1.5934856070708228,-2.2755602787502065,-1.02918391612733,0.21859964554408473,1.7069320084504542,3.0234338632297764
0.216,-1.5934856070708228,-2.275560278750207,-1.0276682354611244,0.2223667572027752,1.7069320084504542,3.023433863229777
0.218,-1.5934856070708228,-2.275560278750207,-1.0261525547949188,0.22613386886146575,1.7069320084504542,3.023433863229777
0.22,-1.5934856070708228,-2.275560278750207,-1.024636874128713,0.22990098052015628,1.7069320084504542,3.023433863229777
0.222,-1.5934856070708228,-2.275560278750207,-1.0231211934625075,0.23366809217884676,1.7069320084504542,3.023433863229777
0.224,-1.5934856070708228,-2.275560278750207,-1.021605512796302,0.2374352038375373,1.7069320084504542,3.0234338632297773
0.226,-1.5934856070708228,-2.275560278750207,-1.0200898321300964,0.24120231549622784,1.7069320084504542,3.023433863229777
0.228,-1.5934856070708228,-2.275560278750207,-1.0185741514638909,0.24496942715491832,1.7069320084504542,3.023433863229777
0.23,-1.5934856070708228,-2.275560278750207,-1.017058470797685,0.24873653881360888,1.7069320084504542,3.023433863229777
0.232,-1.5934856070708228,-2.275560278750207,-1.0155427901314795,0.25250365047229933,1.7069320084504542,3.0234338632297773
0.234,-1.5934856070708228,-2.275560278750207,-1.014027109465274,0.25627076213098987,1.7069320084504545,3.023433863229777
0.23600000000000002,-1.5934856070708228,-2.275560278750207,-1.0125114287990684,0.2600378737896804,1.7069320084504542,3.023433863229777
0.23800000000000002,-1.5934856070708228,-2.275560278750207,-1.0109957481328626,0.26380498544837094,1.7069320084504542,3.023433863229777
0.24,-1.5934856070708228,-2.275560278750207,-1.009480067466657,0.2675720971070614,1.7069320084504542,3.0234338632297773
0.242,-1.5934856070708228,-2.2755602787502074,-1.0079643868004515,0.27133920876575196,1.7069320084504542,3.023433863229777
0.244,-1.5934856070708228,-2.275560278750207,-1.006448706134246,0.2751063204244425,1.7069320084504542,3.023433863229777
0.246,-1.5934856070708225,-2.2755602787502065,-1.0049330254680404,0.278873432083133,1.706932008450454,3.023433863229777
0.248,-1.5934856070708228,-2.275560278750207,-1.0034173448018349,0.28264054374182357,1.7069320084504542,3.0234338632297773
0.25,-1.5934856070708228,-2.275560278750207,-1.001901664135629,0.286407655400514,1.7069320084504542,3.023433863229777
0.252,-1.5934856070708228,-2.275560278750207,-1.0003859834694235,0.29017476705920453,1.7069320084504542,3.023433863229777
0.254,-1.5934856070708228,-2.2755602787502065,-0.9988703028032179,0.293941878717895,1.7069320084504542,3.023433863229777
0.256,-1.5934856070708228,-2.275560278750207,-0.9973546221370124,0.2977089903765856,1.7069320084504542,3.0234338632297773
0.258,-1.5934856070708228,-2.275560278750207,-0.9958389414708069,0.3014761020352761,1.7069320084504542,3.023433863229777
0.26,-1.5934856070708228,-2.275560278750207,-0.9943232608046011,0.30524321369396656,1.7069320084504542,3.023433863229777
0.262,-1.5934856070708225,-2.275560278750207,-0.9928075801383954,0.30901032535265716,1.7069320084504542,3.023433863229777
0.264,-1.5934856070708228,-2.275560278750207,-0.99129189947219,0.31277743701134764,1.7069320084504542,3.0234338632297773
0.266,-1.5934856070708228,-2.275560278750207,-0.9897762188059844,0.3165445486700381,1.7069320084504542,3.023433863229777
0.268,-1.5934856070708228,-2.275560278750207,-0.9882605381397787,0.3203116603287287,1.7069320084504542,3.023433863229777
0.27,-1.5934856070708225,-2.275560278750207,-0.9867448574735731,0.3240787719874192,1.7069320084504542,3.0234338632297764
0.272,-1.5934856070708228,-2.275560278750207,-0.9852291768073675,0.3278458836461097,1.7069320084504542,3.023433863229777
0.274,-1.5934856070708228,-2.275560278750207,-0.983713496141162,0.33161299530480026,1.7069320084504542,3.023433863229777
0.276,-1.5934856070708228,-2.275560278750207,-0.9821978154749563,0.33538010696349074,1.7069320084504542,3.023433863229777
0.278,-1.5934856070708228,-2.275560278750207,-0.9806821348087507,0.3391472186221813,1.7069320084504542,3.0234338632297764
0.28,-1.5934856070708228,-2.275560278750207,-0.9791664541425451,0.3429143302808718,1.7069320084504542,3.023433863229777
0.28200000000000003,-1.5934856070708228,-2.2755602787502074,-0.9776507734763396,0.3466814419395623,1.7069320084504545,3.023433863229777
0.28400000000000003,-1.5934856070708228,-2.275560278750207,-0.976135092810134,0.35044855359825283,1.7069320084504542,3.023433863229777
0.28600000000000003,-1.5934856070708228,-2.2755602787502065,-0.9746194121439283,0.35421566525694337,1.706932008450454,3.0234338632297764
0.28800000000000003,-1.5934856070708228,-2.275560278750207,-0.9731037314777227,0.35798277691563385,1.7069320084504542,3.023433863229777
0.29,-1.5934856070708228,-2.2755602787502074,-0.9715880508115171,0.3617498885743244,1.7069320084504542,3.023433863229777
0.292,-1.5934856070708228,-2.275560278750207,-0.9700723701453116,0.36551700023301487,1.7069320084504542,3.023433863229777
0.294,-1.5934856070708228,-2.2755602787502065,-0.9685566894791059,0.3692841118917054,1.7069320084504542,3.023433863229777
0.296,-1.5934856070708228,-2.275560278750207,-0.9670410088129003,0.37305122355039594,1.7069320084504542,3.023433863229777
0.298,-1.5934856070708228,-2.275560278750207,-0.9655253281466948,0.3768183352090864,1.7069320084504542,3.0234338632297773
0.3,-1.5934856070708228,-2.275560278750207,-0.9640096474804891,0.38058544686777696,1.7069320084504542,3.023433863229777
0.302,-1.5934856070708228,-2.275560278750207,-0.9624939668142835,0.3843525585264675,1.7069320084504542,3.023433863229777
0.304,-1.5934856070708228,-2.275560278750207,-0.9609782861480779,0.38811967018515797,1.7069320084504542,3.023433863229777
0.306,-1.5934856070708228,-2.275560278750207,-0.9594626054818725,0.39188678184384845,1.7069320084504542,3.0234338632297773
0.308,-1.5934856070708228,-2.275560278750207,-0.9579469248156667,0.39565389350253904,1.7069320084504542,3.023433863229777
0.31,-1.5934856070708228,-2.275560278750207,-0.956431244149461,0.3994210051612296,1.7069320084504542,3.023433863229777
0.312,-1.5934856070708228,-2.275560278750207,-0.9549155634832555,0.40318811681992,1.7069320084504542,3.023433863229777
0.314,-1.5934856070708228,-2.275560278750207,-0.95339988281705,0.4069552284786106,1.7069320084504542,3.0234338632297773
0.316,-1.5934856070708228,-2.275560278750207,-0.9518842021508443,0.4107223401373011,1.7069320084504542,3.023433863229777
0.318,-1.5934856070708228,-2.275560278750207,-0.9503685214846386,0.4144894517959916,1.7069320084504542,3.023433863229777
0.32,-1.5934856070708228,-2.275560278750207,-0.9488528408184331,0.41825656345468215,1.7069320084504542,3.023433863229777
0.322,-1.5934856070708228,-2.2755602787502074,-0.9473371601522276,0.42202367511337263,1.7069320084504545,3.0234338632297773
0.324,-1.5934856070708228,-2.275560278750207,-0.9458214794860219,0.42579078677206317,1.7069320084504542,3.023433863229777
0.326,-1.5934856070708228,-2.2755602787502065,-0.9443057988198161,0.42955789843075376,1.7069320084504542,3.023433863229777
0.328,-1.5934856070708228,-2.275560278750207,-0.9427901181536107,0.43332501008944424,1.7069320084504542,3.023433863229777
0.33,-1.5934856070708228,-2.2755602787502074,-0.9412744374874051,0.43709212174813467,1.7069320084504542,3.0234338632297773
0.332,-1.5934856070708228,-2.275560278750207,-0.9397587568211995,0.4408592334068253,1.7069320084504542,3.023433863229777
0.334,-1.5934856070708228,-2.2755602787502065,-0.9382430761549938,0.4446263450655158,1.7069320084504542,3.023433863229777
0.336,-1.5934856070708228,-2.275560278750207,-0.9367273954887883,0.4483934567242063,1.7069320084504542,3.023433863229777
0.338,-1.5934856070708228,-2.275560278750207,-0.9352117148225827,0.45216056838289687,1.7069320084504542,3.0234338632297773
0.34,-1.5934856070708228,-2.275560278750207,-0.933696034156377,0.45592768004158735,1.7069320084504542,3.023433863229777
0.342,-1.5934856070708228,-2.275560278750207,-0.9321803534901714,0.4596947917002778,1.7069320084504542,3.023433863229777
0.34400000000000003,-1.5934856070708228,-2.275560278750207,-0.9306646728239658,0.4634619033589683,1.7069320084504542,3.023433863229777
0.34600000000000003,-1.5934856070708228,-2.275560278750207,-0.9291489921577604,0.4672290150176589,1.7069320084504542,3.0234338632297773
0.34800000000000003,-1.5934856070708228,-2.275560278750207,-0.9276333114915547,0.4709961266763494,1.7069320084504542,3.023433863229777
0.35000000000000003,-1.5934856070708228,-2.275560278750207,-0.9261176308253489,0.47476323833503986,1.7069320084504542,3.023433863229777
0.352,-1.5934856070708228,-2.275560278750207,-0.9246019501591435,0.47853034999373045,1.7069320084504542,3.023433863229777
0.354,-1.5934856070708228,-2.2755602787502074,-0.9230862694929379,0.48229746165242093,1.7069320084504542,3.0234338632297773
0.356,-1.5934856070708228,-2.275560278750207,-0.9215705888267323,0.4860645733111114,1.7069320084504542,3.023433863229777
0.358,-1.5934856070708228,-2.275560278750207,-0.9200549081605265,0.489831684969802,1.7069320084504542,3.023433863229777
0.36,-1.5934856070708228,-2.275560278750207,-0.918539227494321,0.4935987966284925,1.7069320084504542,3.023433863229777
0.362,-1.5934856070708228,-2.2755602787502074,-0.9170235468281155,0.49736590828718297,1.7069320084504542,3.0234338632297773
0.364,-1.5934856070708228,-2.275560278750207,-0.9155078661619098,0.5011330199458736,1.7069320084504542,3.023433863229777
0.366,-1.5934856070708228,-2.275560278750207,-0.9139921854957042,0.504900131604564,1.7069320084504542,3.0234338632297764
0.368,-1.5934856070708228,-2.275560278750207,-0.9124765048294986,0.5086672432632545,1.7069320084504542,3.023433863229777
0.37,-1.5934856070708228,-2.2755602787502074,-0.9109608241632932,0.5124343549219451,1.7069320084504542,3.0234338632297773
0.372,-1.5934856070708228,-2.275560278750207,-0.9094451434970874,0.5162014665806356,1.7069320084504542,3.023433863229777
0.374,-1.5934856070708228,-2.2755602787502065,-0.9079294628308818,0.5199685782393261,1.7069320084504542,3.0234338632297764
0.376,-1.5934856070708228,-2.275560278750207,-0.9064137821646762,0.5237356898980167,1.7069320084504542,3.023433863229777
0.378,-1.5934856070708228,-2.275560278750207,-0.9048981014984707,0.5275028015567071,1.7069320084504542,3.0234338632297773
0.38,-1.5934856070708228,-2.275560278750207,-0.9033824208322649,0.5312699132153976,1.7069320084504542,3.023433863229777
0.382,-1.5934856070708228,-2.2755602787502065,-0.9018667401660594,0.5350370248740881,1.7069320084504542,3.0234338632297764
0.384,-1.5934856070708228,-2.275560278750207,-0.9003510594998538,0.5388041365327787,1.7069320084504542,3.023433863229777
0.386,-1.5934856070708228,-2.275560278750207,-0.8988353788336483,0.5425712481914692,1.7069320084504542,3.0234338632297773
0.388,-1.5934856070708228,-2.275560278750207,-0.8973196981674426,0.5463383598501597,1.7069320084504542,3.023433863229777
0.39,-1.5934856070708228,-2.2755602787502065,-0.895804017501237,0.5501054715088503,1.7069320084504542,3.0234338632297764
0.392,-1.5934856070708228,-2.275560278750207,-0.8942883368350314,0.5538725831675407,1.7069320084504542,3.023433863229777
0.394,-1.5934856070708228,-2.2755602787502074,-0.8927726561688258,0.5576396948262312,1.7069320084504542,3.0234338632297773
0.396,-1.5934856070708228,-2.275560278750207,-0.8912569755026202,0.5614068064849218,1.7069320084504542,3.023433863229777
0.398,-1.5934856070708228,-2.275560278750207,-0.8897412948364145,0.5651739181436123,1.7069320084504542,3.0234338632297764
0.4,-1.5934856070708228,-2.275560278750207,-0.888225614170209,0.5689410298023028,1.7069320084504542,3.023433863229777
0.402,-1.5934856070708228,-2.275560278750207,-0.8867099335040034,0.5727081414609932,1.7069320084504542,3.023433863229777
0.404,-1.5934856070708228,-2.275560278750207,-0.8851942528377978,0.5764752531196838,1.7069320084504542,3.023433863229777
0.406,-1.5934856070708228,-2.275560278750207,-0.8836785721715921,0.5802423647783744,1.7069320084504542,3.023433863229777
0.40800000000000003,-1.5934856070708228,-2.275560278750207,-0.8821628915053865,0.5840094764370649,1.7069320084504542,3.023433863229777
0.41000000000000003,-1.5934856070708228,-2.275560278750207,-0.880647210839181,0.5877765880957553,1.7069320084504542,3.023433863229777
0.41200000000000003,-1.5934856070708228,-2.275560278750207,-0.8791315301729754,0.5915436997544459,1.7069320084504542,3.023433863229777
0.41400000000000003,-1.5934856070708228,-2.275560278750207,-0.8776158495067696,0.5953108114131365,1.7069320084504542,3.023433863229777
0.41600000000000004,-1.5934856070708228,-2.275560278750207,-0.8761001688405641,0.599077923071827,1.7069320084504542,3.023433863229777
0.418,-1.5934856070708228,-2.275560278750207,-0.8745844881743585,0.6028450347305174,1.7069320084504542,3.023433863229777
0.42,-1.5934856070708228,-2.275560278750207,-0.873068807508153,0.6066121463892079,1.7069320084504542,3.023433863229777
0.422,-1.5934856070708228,-2.275560278750207,-0.8715531268419474,0.6103792580478986,1.7069320084504542,3.023433863229777
0.424,-1.5934856070708228,-2.275560278750207,-0.8700374461757417,0.614146369706589,1.7069320084504542,3.023433863229777
0.426,-1.5934856070708228,-2.275560278750207,-0.8685217655095362,0.6179134813652795,1.7069320084504542,3.023433863229777
0.428,-1.5934856070708228,-2.275560278750207,-0.8670060848433305,0.62168059302397,1.7069320084504542,3.023433863229777
0.43,-1.5934856070708228,-2.275560278750207,-0.865490404177125,0.6254477046826608,1.7069320084504542,3.023433863229777
0.432,-1.5934856070708228,-2.275560278750207,-0.8639747235109194,0.629214816341351,1.7069320084504542,3.023433863229777
0.434,-1.5934856070708228,-2.275560278750207,-0.8624590428447139,0.6329819280000415,1.7069320084504542,3.023433863229777
0.436,-1.5934856070708228,-2.275560278750207,-0.8609433621785081,0.6367490396587321,1.7069320084504542,3.023433863229777
0.438,-1.5934856070708228,-2.275560278750207,-0.8594276815123025,0.6405161513174227,1.7069320084504542,3.023433863229777
0.44,-1.5934856070708228,-2.275560278750207,-0.857912000846097,0.6442832629761133,1.7069320084504542,3.023433863229777
0.442,-1.5934856070708228,-2.275560278750207,-0.8563963201798914,0.6480503746348035,1.7069320084504542,3.023433863229777
0.444,-1.5934856070708228,-2.275560278750207,-0.8548806395136856,0.6518174862934942,1.7069320084504542,3.023433863229777
0.446,-1.5934856070708228,-2.275560278750207,-0.8533649588474801,0.6555845979521848,1.7069320084504542,3.023433863229777
0.448,-1.5934856070708228,-2.275560278750207,-0.8518492781812745,0.6593517096108752,1.7069320084504542,3.023433863229777
0.45,-1.5934856070708228,-2.275560278750207,-0.850333597515069,0.6631188212695658,1.7069320084504542,3.023433863229777
0.452,-1.5934856070708228,-2.275560278750207,-0.8488179168488634,0.6668859329282564,1.7069320084504542,3.023433863229777
0.454,-1.5934856070708228,-2.275560278750207,-0.8473022361826577,0.670653044586947,1.7069320084504542,3.023433863229777
0.456,-1.5934856070708228,-2.275560278750207,-0.8457865555164521,0.6744201562456373,1.7069320084504542,3.023433863229777
0.458,-1.5934856070708228,-2.275560278750207,-0.8442708748502465,0.6781872679043277,1.7069320084504542,3.023433863229777
0.46,-1.5934856070708228,-2.275560278750207,-0.842755194184041,0.6819543795630184,1.7069320084504542,3.023433863229777
0.462,-1.5934856070708228,-2.275560278750207,-0.8412395135178352,0.685721491221709,1.7069320084504542,3.023433863229777
0.464,-1.5934856070708228,-2.275560278750207,-0.8397238328516298,0.6894886028803994,1.7069320084504542,3.023433863229777
0.466,-1.5934856070708228,-2.275560278750207,-0.8382081521854242,0.6932557145390899,1.7069320084504542,3.023433863229777
0.468,-1.5934856070708228,-2.275560278750207,-0.8366924715192186,0.6970228261977804,1.7069320084504542,3.023433863229777
0.47000000000000003,-1.5934856070708228,-2.275560278750207,-0.8351767908530129,0.700789937856471,1.7069320084504542,3.023433863229777
0.47200000000000003,-1.5934856070708228,-2.275560278750207,-0.8336611101868073,0.7045570495151615,1.7069320084504542,3.023433863229777
0.47400000000000003,-1.5934856070708228,-2.275560278750207,-0.8321454295206018,0.7083241611738519,1.7069320084504542,3.023433863229777
0.47600000000000003,-1.5934856070708228,-2.275560278750207,-0.8306297488543961,0.7120912728325425,1.7069320084504542,3.023433863229777
0.47800000000000004,-1.5934856070708228,-2.275560278750207,-0.8291140681881906,0.7158583844912331,1.7069320084504542,3.023433863229777
0.48,-1.5934856070708228,-2.275560278750207,-0.8275983875219849,0.7196254961499235,1.7069320084504542,3.023433863229777
0.482,-1.5934856070708228,-2.275560278750207,-0.8260827068557793,0.723392607808614,1.7069320084504542,3.023433863229777
0.484,-1.5934856070708228,-2.275560278750207,-0.8245670261895737,0.7271597194673046,1.7069320084504542,3.023433863229777
0.486,-1.5934856070708228,-2.275560278750207,-0.8230513455233681,0.7309268311259952,1.7069320084504542,3.023433863229777
0.488,-1.5934856070708228,-2.275560278750207,-0.8215356648571626,0.7346939427846856,1.7069320084504542,3.023433863229777
0.49,-1.5934856070708228,-2.275560278750207,-0.820019984190957,0.7384610544433761,1.7069320084504542,3.023433863229777
0.492,-1.5934856070708228,-2.275560278750207,-0.8185043035247513,0.7422281661020667,1.7069320084504542,3.023433863229777
0.494,-1.5934856070708228,-2.275560278750207,-0.8169886228585457,0.7459952777607572,1.7069320084504542,3.023433863229777
0.496,-1.5934856070708228,-2.275560278750207,-0.8154729421923401,0.7497623894194477,1.7069320084504542,3.023433863229777
0.498,-1.5934856070708228,-2.275560278750207,-0.8139572615261346,0.7535295010781381,1.7069320084504542,3.023433863229777
0.5,-1.5934856070708228,-2.275560278750207,-0.8124415808599289,0.7572966127368287,1.7069320084504542,3.023433863229777
0.502,-1.5934856070708228,-2.275560278750207,-0.8109259001937232,0.7610637243955193,1.7069320084504542,3.023433863229777
0.504,-1.5934856070708228,-2.275560278750207,-0.8094102195275177,0.7648308360542098,1.7069320084504542,3.023433863229777
0.506,-1.5934856070708228,-2.275560278750207,-0.8078945388613121,0.7685979477129001,1.7069320084504542,3.023433863229777
0.508,-1.5934856070708228,-2.275560278750207,-0.8063788581951066,0.7723650593715907,1.7069320084504542,3.023433863229777
0.51,-1.5934856070708228,-2.275560278750207,-0.8048631775289008,0.7761321710302813,1.7069320084504542,3.023433863229777
0.512,-1.5934856070708228,-2.275560278750207,-0.8033474968626952,0.7798992826889718,1.7069320084504542,3.023433863229777
0.514,-1.5934856070708228,-2.275560278750207,-0.8018318161964897,0.7836663943476623,1.7069320084504542,3.023433863229777
0.516,-1.5934856070708228,-2.275560278750207,-0.8003161355302841,0.7874335060063529,1.7069320084504542,3.023433863229777
0.518,-1.5934856070708228,-2.275560278750207,-0.7988004548640784,0.7912006176650435,1.7069320084504542,3.023433863229777
0.52,-1.5934856070708228,-2.275560278750207,-0.7972847741978728,0.7949677293237338,1.7069320084504542,3.023433863229777
0.522,-1.5934856070708228,-2.275560278750207,-0.7957690935316672,0.7987348409824243,1.7069320084504542,3.023433863229777
0.524,-1.5934856070708228,-2.275560278750207,-0.7942534128654617,0.8025019526411149,1.7069320084504542,3.023433863229777
0.526,-1.5934856070708228,-2.275560278750207,-0.7927377321992561,0.8062690642998055,1.7069320084504542,3.023433863229777
0.528,-1.5934856070708228,-2.275560278750207,-0.7912220515330505,0.810036175958496,1.7069320084504542,3.023433863229777
0.53,-1.5934856070708228,-2.275560278750207,-0.7897063708668448,0.8138032876171863,1.7069320084504542,3.0234338632297764
0.532,-1.5934856070708228,-2.275560278750207,-0.7881906902006393,0.8175703992758769,1.7069320084504542,3.0234338632297764
0.534,-1.5934856070708228,-2.275560278750207,-0.7866750095344337,0.8213375109345675,1.7069320084504542,3.0234338632297773
0.536,-1.5934856070708228,-2.275560278750207,-0.7851593288682281,0.825104622593258,1.7069320084504542,3.023433863229777
0.538,-1.5934856070708228,-2.275560278750207,-0.7836436482020226,0.8288717342519485,1.7069320084504542,3.023433863229777
0.54,-1.5934856070708228,-2.275560278750207,-0.7821279675358168,0.832638845910639,1.7069320084504542,3.0234338632297764
0.542,-1.5934856070708228,-2.275560278750207,-0.7806122868696113,0.8364059575693296,1.7069320084504542,3.0234338632297773
0.544,-1.5934856070708228,-2.275560278750207,-0.7790966062034057,0.84017306922802,1.7069320084504542,3.023433863229777
0.546,-1.5934856070708228,-2.275560278750207,-0.7775809255372002,0.8439401808867105,1.7069320084504542,3.023433863229777
0.548,-1.5934856070708228,-2.275560278750207,-0.7760652448709945,0.8477072925454011,1.7069320084504542,3.0234338632297764
0.55,-1.5934856070708228,-2.275560278750207,-0.7745495642047888,0.8514744042040917,1.7069320084504542,3.0234338632297773
0.552,-1.5934856070708228,-2.275560278750207,-0.7730338835385833,0.8552415158627821,1.7069320084504542,3.023433863229777
0.554,-1.5934856070708228,-2.275560278750207,-0.7715182028723777,0.8590086275214726,1.7069320084504542,3.023433863229777
0.556,-1.5934856070708228,-2.275560278750207,-0.770002522206172,0.8627757391801631,1.7069320084504542,3.0234338632297764
0.558,-1.5934856070708228,-2.275560278750207,-0.7684868415399664,0.8665428508388537,1.7069320084504542,3.0234338632297773
0.56,-1.5934856070708228,-2.275560278750207,-0.7669711608737608,0.8703099624975442,1.7069320084504542,3.023433863229777
0.562,-1.5934856070708228,-2.275560278750207,-0.7654554802075553,0.8740770741562346,1.7069320084504542,3.023433863229777
0.5640000000000001,-1.5934856070708228,-2.275560278750207,-0.7639397995413496,0.8778441858149252,1.7069320084504542,3.0234338632297764
0.5660000000000001,-1.5934856070708228,-2.275560278750207,-0.762424118875144,0.8816112974736158,1.7069320084504542,3.0234338632297773
0.5680000000000001,-1.5934856070708228,-2.275560278750207,-0.7609084382089384,0.8853784091323063,1.7069320084504542,3.023433863229777
0.5700000000000001,-1.5934856070708228,-2.275560278750207,-0.7593927575427328,0.8891455207909967,1.7069320084504542,3.023433863229777
0.5720000000000001,-1.5934856070708228,-2.275560278750207,-0.7578770768765273,0.8929126324496873,1.7069320084504542,3.0234338632297764
0.5740000000000001,-1.5934856070708228,-2.275560278750207,-0.7563613962103216,0.896679744108378,1.7069320084504542,3.0234338632297773
0.5760000000000001,-1.5934856070708228,-2.275560278750207,-0.7548457155441161,0.9004468557670683,1.7069320084504542,3.023433863229777
0.578,-1.5934856070708228,-2.275560278750207,-0.7533300348779105,0.9042139674257588,1.7069320084504542,3.023433863229777
0.58,-1.5934856070708228,-2.275560278750207,-0.7518143542117048,0.9079810790844494,1.7069320084504542,3.0234338632297764
0.582,-1.5934856070708228,-2.275560278750207,-0.7502986735454992,0.9117481907431401,1.7069320084504542,3.023433863229777
0.584,-1.5934856070708228,-2.275560278750207,-0.7487829928792936,0.9155153024018303,1.7069320084504542,3.023433863229777
0.586,-1.5934856070708228,-2.275560278750207,-0.7472673122130881,0.9192824140605208,1.7069320084504542,3.0234338632297764
0.588,-1.5934856070708228,-2.275560278750207,-0.7457516315468824,0.9230495257192115,1.7069320084504542,3.0234338632297773
0.59,-1.5934856070708228,-2.275560278750207,-0.7442359508806768,0.9268166373779021,1.7069320084504542,3.023433863229777
0.592,-1.5934856070708228,-2.275560278750207,-0.7427202702144712,0.9305837490365925,1.7069320084504542,3.023433863229777
0.594,-1.5934856070708228,-2.275560278750207,-0.7412045895482656,0.9343508606952828,1.7069320084504542,3.0234338632297764
0.596,-1.5934856070708228,-2.275560278750207,-0.73968890888206,0.9381179723539735,1.7069320084504542,3.0234338632297773
0.598,-1.5934856070708228,-2.275560278750207,-0.7381732282158544,0.9418850840126641,1.7069320084504542,3.023433863229777
0.6,-1.5934856070708228,-2.275560278750207,-0.7366575475496489,0.9456521956713546,1.7069320084504542,3.023433863229777
0.602,-1.5934856070708228,-2.275560278750207,-0.7351418668834433,0.949419307330045,1.7069320084504542,3.0234338632297764
0.604,-1.5934856070708228,-2.275560278750207,-0.7336261862172376,0.9531864189887357,1.7069320084504542,3.0234338632297773
0.606,-1.5934856070708228,-2.275560278750207,-0.732110505551032,0.9569535306474263,1.7069320084504542,3.023433863229777
0.608,-1.5934856070708228,-2.275560278750207,-0.7305948248848264,0.9607206423061166,1.7069320084504542,3.023433863229777
0.61,-1.5934856070708228,-2.275560278750207,-0.7290791442186209,0.964487753964807,1.7069320084504542,3.0234338632297764
0.612,-1.5934856070708228,-2.275560278750207,-0.7275634635524152,0.9682548656234976,1.7069320084504542,3.0234338632297773
0.614,-1.5934856070708228,-2.275560278750207,-0.7260477828862095,0.9720219772821882,1.7069320084504542,3.023433863229777
0.616,-1.5934856070708228,-2.275560278750207,-0.724532102220004,0.9757890889408788,1.7069320084504542,3.023433863229777
0.618,-1.5934856070708228,-2.275560278750207,-0.7230164215537984,0.9795562005995692,1.7069320084504542,3.0234338632297764
0.62,-1.5934856070708228,-2.275560278750207,-0.7215007408875929,0.9833233122582598,1.7069320084504542,3.0234338632297773
0.622,-1.5934856070708228,-2.275560278750207,-0.7199850602213871,0.9870904239169503,1.7069320084504542,3.023433863229777
0.624,-1.5934856070708228,-2.275560278750207,-0.7184693795551815,0.9908575355756407,1.7069320084504542,3.023433863229777
0.626,-1.5934856070708228,-2.275560278750207,-0.716953698888976,0.9946246472343313,1.7069320084504542,3.0234338632297764
0.628,-1.5934856070708228,-2.275560278750207,-0.7154380182227704,0.9983917588930219,1.7069320084504542,3.0234338632297773
0.63,-1.5934856070708228,-2.275560278750207,-0.7139223375565646,1.0021588705517124,1.7069320084504542,3.023433863229777
0.632,-1.5934856070708228,-2.275560278750207,-0.7124066568903592,1.0059259822104027,1.7069320084504542,3.023433863229777
0.634,-1.5934856070708228,-2.275560278750207,-0.7108909762241535,1.0096930938690931,1.7069320084504542,3.0234338632297764
0.636,-1.5934856070708228,-2.275560278750207,-0.709375295557948,1.0134602055277837,1.7069320084504542,3.0234338632297773
0.638,-1.5934856070708228,-2.275560278750207,-0.7078596148917424,1.0172273171864743,1.7069320084504542,3.023433863229777
0.64,-1.5934856070708228,-2.275560278750207,-0.7063439342255368,1.020994428845165,1.7069320084504542,3.023433863229777
0.642,-1.5934856070708228,-2.275560278750207,-0.7048282535593312,1.0247615405038553,1.7069320084504542,3.0234338632297764
0.644,-1.5934856070708228,-2.275560278750207,-0.7033125728931255,1.0285286521625459,1.7069320084504542,3.0234338632297773
0.646,-1.5934856070708228,-2.275560278750207,-0.70179689222692,1.0322957638212364,1.7069320084504542,3.023433863229777
0.648,-1.5934856070708228,-2.275560278750207,-0.7002812115607144,1.0360628754799268,1.7069320084504542,3.023433863229777
0.65,-1.5934856070708228,-2.275560278750207,-0.6987655308945089,1.0398299871386174,1.7069320084504542,3.0234338632297764
0.652,-1.5934856070708228,-2.275560278750207,-0.6972498502283031,1.043597098797308,1.7069320084504542,3.0234338632297773
0.654,-1.5934856070708228,-2.275560278750207,-0.6957341695620975,1.0473642104559988,1.7069320084504542,3.023433863229777
0.656,-1.5934856070708228,-2.275560278750207,-0.694218488895892,1.051131322114689,1.7069320084504542,3.023433863229777
0.658,-1.5934856070708228,-2.275560278750207,-0.6927028082296864,1.0548984337733793,1.7069320084504542,3.0234338632297773
0.66,-1.5934856070708228,-2.275560278750207,-0.6911871275634808,1.0586655454320701,1.7069320084504542,3.023433863229777
0.662,-1.5934856070708228,-2.275560278750207,-0.6896714468972751,1.0624326570907607,1.7069320084504542,3.023433863229777
0.664,-1.5934856070708228,-2.275560278750207,-0.6881557662310696,1.0661997687494513,1.7069320084504542,3.023433863229777
0.666,-1.5934856070708228,-2.275560278750207,-0.686640085564864,1.0699668804081415,1.7069320084504542,3.0234338632297773
0.668,-1.5934856070708228,-2.275560278750207,-0.6851244048986583,1.0737339920668323,1.7069320084504542,3.023433863229777
0.67,-1.5934856070708228,-2.275560278750207,-0.6836087242324527,1.0775011037255229,1.7069320084504542,3.023433863229777
0.672,-1.5934856070708228,-2.275560278750207,-0.6820930435662471,1.0812682153842132,1.7069320084504542,3.023433863229777
0.674,-1.5934856070708228,-2.275560278750207,-0.6805773629000416,1.0850353270429036,1.7069320084504542,3.0234338632297773
0.676,-1.5934856070708228,-2.275560278750207,-0.679061682233836,1.0888024387015944,1.7069320084504542,3.023433863229777
0.678,-1.5934856070708228,-2.275560278750207,-0.6775460015676303,1.092569550360285,1.7069320084504542,3.023433863229777
0.68,-1.5934856070708228,-2.275560278750207,-0.6760303209014248,1.0963366620189754,1.7069320084504542,3.023433863229777
0.682,-1.5934856070708228,-2.275560278750207,-0.6745146402352191,1.1001037736776658,1.7069320084504542,3.0234338632297773
0.684,-1.5934856070708228,-2.275560278750207,-0.6729989595690136,1.1038708853363564,1.7069320084504542,3.023433863229777
0.686,-1.5934856070708228,-2.275560278750207,-0.6714832789028078,1.107637996995047,1.7069320084504542,3.023433863229777
0.6880000000000001,-1.5934856070708228,-2.275560278750207,-0.6699675982366022,1.1114051086537373,1.7069320084504542,3.023433863229777
0.6900000000000001,-1.5934856070708228,-2.275560278750207,-0.6684519175703967,1.115172220312428,1.7069320084504542,3.0234338632297773
0.6920000000000001,-1.5934856070708228,-2.275560278750207,-0.6669362369041911,1.1189393319711185,1.7069320084504542,3.023433863229777
0.6940000000000001,-1.5934856070708228,-2.275560278750207,-0.6654205562379856,1.122706443629809,1.7069320084504542,3.023433863229777
0.6960000000000001,-1.5934856070708228,-2.275560278750207,-0.66390487557178,1.1264735552884995,1.7069320084504542,3.023433863229777
0.6980000000000001,-1.5934856070708228,-2.275560278750207,-0.6623891949055745,1.1302406669471898,1.7069320084504542,3.023433863229777
0.7000000000000001,-1.5934856070708228,-2.275560278750207,-0.6608735142393687,1.1340077786058804,1.7069320084504542,3.023433863229777
0.7020000000000001,-1.5934856070708228,-2.275560278750207,-0.6593578335731631,1.137774890264571,1.7069320084504542,3.023433863229777
0.704,-1.5934856070708228,-2.275560278750207,-0.6578421529069576,1.1415420019232616,1.7069320084504542,3.023433863229777
0.706,-1.5934856070708228,-2.275560278750207,-0.656326472240752,1.145309113581952,1.7069320084504542,3.023433863229777
0.708,-1.5934856070708228,-2.275560278750207,-0.6548107915745462,1.1490762252406426,1.7069320084504542,3.023433863229777
0.71,-1.5934856070708228,-2.275560278750207,-0.6532951109083407,1.1528433368993332,1.7069320084504542,3.023433863229777
0.712,-1.5934856070708228,-2.275560278750207,-0.6517794302421351,1.1566104485580235,1.7069320084504542,3.023433863229777
0.714,-1.5934856070708228,-2.275560278750207,-0.6502637495759296,1.1603775602167141,1.7069320084504542,3.023433863229777
0.716,-1.5934856070708228,-2.275560278750207,-0.6487480689097238,1.1641446718754047,1.7069320084504542,3.023433863229777
0.718,-1.5934856070708228,-2.275560278750207,-0.6472323882435183,1.1679117835340953,1.7069320084504542,3.023433863229777
0.72,-1.5934856070708228,-2.275560278750207,-0.6457167075773127,1.1716788951927857,1.7069320084504542,3.023433863229777
0.722,-1.5934856070708228,-2.2755602787502074,-0.6442010269111071,1.175446006851476,1.7069320084504542,3.023433863229777
0.724,-1.5934856070708228,-2.275560278750207,-0.6426853462449015,1.1792131185101666,1.7069320084504542,3.023433863229777
0.726,-1.5934856070708228,-2.275560278750207,-0.6411696655786958,1.1829802301688572,1.7069320084504542,3.023433863229777
0.728,-1.5934856070708228,-2.275560278750207,-0.6396539849124903,1.1867473418275478,1.7069320084504542,3.023433863229777
0.73,-1.5934856070708228,-2.275560278750207,-0.6381383042462847,1.1905144534862382,1.7069320084504542,3.023433863229777
0.732,-1.5934856070708228,-2.275560278750207,-0.6366226235800791,1.1942815651449288,1.7069320084504542,3.023433863229777
0.734,-1.5934856070708228,-2.275560278750207,-0.6351069429138735,1.1980486768036194,1.7069320084504542,3.023433863229777
0.736,-1.5934856070708228,-2.275560278750207,-0.6335912622476678,1.2018157884623097,1.7069320084504542,3.023433863229777
0.738,-1.5934856070708228,-2.275560278750207,-0.6320755815814623,1.2055829001210003,1.7069320084504542,3.023433863229777
0.74,-1.5934856070708228,-2.275560278750207,-0.6305599009152567,1.209350011779691,1.7069320084504542,3.023433863229777
0.742,-1.5934856070708228,-2.275560278750207,-0.629044220249051,1.2131171234383815,1.7069320084504542,3.023433863229777
0.744,-1.5934856070708228,-2.275560278750207,-0.6275285395828455,1.2168842350970719,1.7069320084504542,3.023433863229777
0.746,-1.5934856070708228,-2.275560278750207,-0.6260128589166398,1.2206513467557623,1.7069320084504542,3.023433863229777
0.748,-1.5934856070708228,-2.275560278750207,-0.6244971782504343,1.2244184584144528,1.7069320084504542,3.023433863229777
0.75,-1.5934856070708228,-2.275560278750207,-0.6229814975842286,1.2281855700731434,1.7069320084504542,3.023433863229777
0.752,-1.5934856070708228,-2.275560278750207,-0.621465816918023,1.231952681731834,1.7069320084504542,3.023433863229777
0.754,-1.5934856070708228,-2.275560278750207,-0.6199501362518175,1.2357197933905244,1.7069320084504542,3.023433863229777
0.756,-1.5934856070708228,-2.275560278750207,-0.6184344555856118,1.239486905049215,1.7069320084504542,3.023433863229777
0.758,-1.5934856070708228,-2.2755602787502074,-0.6169187749194062,1.2432540167079056,1.7069320084504542,3.023433863229777
0.76,-1.5934856070708228,-2.275560278750207,-0.6154030942532006,1.247021128366596,1.7069320084504542,3.023433863229777
0.762,-1.5934856070708228,-2.275560278750207,-0.6138874135869951,1.2507882400252863,1.7069320084504542,3.023433863229777
0.764,-1.5934856070708228,-2.275560278750207,-0.6123717329207895,1.254555351683977,1.7069320084504542,3.023433863229777
0.766,-1.5934856070708228,-2.275560278750207,-0.6108560522545838,1.2583224633426675,1.7069320084504542,3.023433863229777
0.768,-1.5934856070708228,-2.275560278750207,-0.6093403715883783,1.262089575001358,1.7069320084504542,3.023433863229777
0.77,-1.5934856070708228,-2.275560278750207,-0.6078246909221727,1.2658566866600485,1.7069320084504542,3.023433863229777
0.772,-1.5934856070708228,-2.275560278750207,-0.6063090102559671,1.269623798318739,1.7069320084504542,3.023433863229777
0.774,-1.5934856070708228,-2.275560278750207,-0.6047933295897614,1.2733909099774297,1.7069320084504542,3.023433863229777
0.776,-1.5934856070708228,-2.275560278750207,-0.6032776489235558,1.27715802163612,1.7069320084504542,3.023433863229777
0.778,-1.5934856070708228,-2.275560278750207,-0.6017619682573503,1.2809251332948106,1.7069320084504542,3.023433863229777
0.78,-1.5934856070708228,-2.2755602787502065,-0.6002462875911446,1.2846922449535012,1.7069320084504542,3.023433863229777
0.782,-1.5934856070708228,-2.275560278750207,-0.5987306069249391,1.2884593566121918,1.7069320084504542,3.023433863229777
0.784,-1.5934856070708228,-2.275560278750207,-0.5972149262587335,1.2922264682708822,1.7069320084504542,3.023433863229777
0.786,-1.5934856070708228,-2.275560278750207,-0.5956992455925278,1.2959935799295725,1.7069320084504542,3.023433863229777
0.788,-1.5934856070708228,-2.275560278750207,-0.5941835649263222,1.2997606915882631,1.7069320084504542,3.023433863229777
0.79,-1.5934856070708228,-2.275560278750207,-0.5926678842601166,1.3035278032469537,1.7069320084504542,3.023433863229777
0.792,-1.5934856070708228,-2.275560278750207,-0.5911522035939111,1.3072949149056443,1.7069320084504542,3.023433863229777
0.794,-1.5934856070708228,-2.275560278750207,-0.5896365229277055,1.3110620265643347,1.7069320084504542,3.023433863229777
0.796,-1.5934856070708228,-2.275560278750207,-0.5881208422614997,1.3148291382230253,1.7069320084504542,3.023433863229777
0.798,-1.5934856070708228,-2.275560278750207,-0.5866051615952942,1.3185962498817159,1.7069320084504542,3.023433863229777
0.8,-1.5934856070708228,-2.275560278750207,-0.5866051615952942,1.3185962498817159,1.7069320084504542,3.023433863229777
0.802,-1.5934856070708228,-2.275560278750207,-0.5866051615952942,1.3185962498817159,1.7069320084504542,3.023433863229777
0.804,-1.5934856070708228,-2.275560278750207,-0.5866051615952942,1.3185962498817159,1.7069320084504542,3.023433863229777
0.806,-1.5934856070708228,-2.275560278750207,-0.5866051615952942,1.3185962498817159,1.7069320084504542,3.023433863229777
0.808,-1.5934856070708228,-2.275560278750207,-0.5866051615952942,1.3185962498817159,1.7069320084504542,3.023433863229777
0.81,-1.5934856070708228,-2.275560278750207,-0.5866051615952942,1.3185962498817159,1.7069320084504542,3.023433863229777
0.812,-1.5934856070708228,-2.275560278750207,-0.5866051615952942,1.3185962498817159,1.7069320084504542,3.023433863229777
0.8140000000000001,-1.5934856070708228,-2.275560278750207,-0.5866051615952942,1.3185962498817159,1.7069320084504542,3.023433863229777
0.8160000000000001,-1.5934856070708228,-2.275560278750207,-0.5866051615952942,1.3185962498817159,1.7069320084504542,3.023433863229777
0.8180000000000001,-1.5934856070708228,-2.275560278750207,-0.5866051615952942,1.3185962498817159,1.7069320084504542,3.023433863229777
0.8200000000000001,-1.5934856070708228,-2.275560278750207,-0.5866051615952942,1.3185962498817159,1.7069320084504542,3.023433863229777
0.8220000000000001,-1.5934856070708228,-2.275560278750207,-0.5866051615952942,1.3185962498817159,1.7069320084504542,3.023433863229777
0.8240000000000001,-1.5934856070708228,-2.275560278750207,-0.5866051615952942,1.3185962498817159,1.7069320084504542,3.023433863229777
0.8260000000000001,-1.5934856070708228,-2.275560278750207,-0.5866051615952942,1.3185962498817159,1.7069320084504542,3.023433863229777
0.8280000000000001,-1.5934856070708228,-2.275560278750207,-0.5866051615952942,1.3185962498817159,1.7069320084504542,3.023433863229777
0.8300000000000001,-1.5934856070708228,-2.275560278750207,-0.5866051615952942,1.3185962498817159,1.7069320084504542,3.023433863229777
0.8320000000000001,-1.5934856070708228,-2.275560278750207,-0.5866051615952942,1.3185962498817159,1.7069320084504542,3.023433863229777
0.834,-1.5934856070708228,-2.275560278750207,-0.5866051615952942,1.3185962498817159,1.7069320084504542,3.023433863229777
0.836,-1.5934856070708228,-2.275560278750207,-0.5866051615952942,1.3185962498817159,1.7069320084504542,3.023433863229777
0.838,-1.5934856070708228,-2.275560278750207,-0.5866051615952942,1.3185962498817159,1.7069320084504542,3.023433863229777
0.84,-1.5934856070708228,-2.275560278750207,-0.5866051615952942,1.3185962498817159,1.7069320084504542,3.023433863229777
0.842,-1.5934856070708228,-2.275560278750207,-0.5866051615952942,1.3185962498817159,1.7069320084504542,3.023433863229777
0.844,-1.5934856070708228,-2.275560278750207,-0.5866051615952942,1.3185962498817159,1.7069320084504542,3.023433863229777
0.846,-1.5934856070708228,-2.275560278750207,-0.5866051615952942,1.3185962498817159,1.7069320084504542,3.023433863229777
0.848,-1.5934856070708228,-2.275560278750207,-0.5866051615952942,1.3185962498817159,1.7069320084504542,3.023433863229777
0.85,-1.5934856070708228,-2.275560278750207,-0.5866051615952942,1.3185962498817159,1.7069320084504542,3.023433863229777
0.852,-1.5934856070708228,-2.275560278750207,-0.5866051615952942,1.3185962498817159,1.7069320084504542,3.023433863229777
0.854,-1.5934856070708228,-2.275560278750207,-0.5866051615952942,1.3185962498817159,1.7069320084504542,3.023433863229777
0.856,-1.5934856070708228,-2.275560278750207,-0.5866051615952942,1.3185962498817159,1.7069320084504542,3.023433863229777
0.858,-1.5934856070708228,-2.275560278750207,-0.5866051615952942,1.3185962498817159,1.7069320084504542,3.023433863229777
0.86,-1.5934856070708228,-2.275560278750207,-0.5866051615952942,1.3185962498817159,1.7069320084504542,3.023433863229777
0.862,-1.5934856070708228,-2.275560278750207,-0.5866051615952942,1.3185962498817159,1.7069320084504542,3.023433863229777
0.864,-1.5934856070708228,-2.275560278750207,-0.5866051615952942,1.3185962498817159,1.7069320084504542,3.023433863229777
0.866,-1.5934856070708228,-2.275560278750207,-0.5866051615952942,1.3185962498817159,1.7069320084504542,3.023433863229777
0.868,-1.5934856070708228,-2.275560278750207,-0.5866051615952942,1.3185962498817159,1.7069320084504542,3.023433863229777
0.87,-1.5934856070708228,-2.275560278750207,-0.5866051615952942,1.3185962498817159,1.7069320084504542,3.023433863229777
0.872,-1.5934856070708228,-2.275560278750207,-0.5866051615952942,1.3185962498817159,1.7069320084504542,3.023433863229777
0.874,-1.5934856070708228,-2.275560278750207,-0.5866051615952942,1.3185962498817159,1.7069320084504542,3.023433863229777
0.876,-1.5934856070708228,-2.275560278750207,-0.5866051615952942,1.3185962498817159,1.7069320084504542,3.023433863229777
0.878,-1.5934856070708228,-2.275560278750207,-0.5866051615952942,1.3185962498817159,1.7069320084504542,3.023433863229777
0.88,-1.5934856070708228,-2.275560278750207,-0.5866051615952942,1.3185962498817159,1.7069320084504542,3.023433863229777
0.882,-1.5934856070708228,-2.275560278750207,-0.5866051615952942,1.3185962498817159,1.7069320084504542,3.023433863229777
0.884,-1.5934856070708228,-2.275560278750207,-0.5866051615952942,1.3185962498817159,1.7069320084504542,3.023433863229777
0.886,-1.5934856070708228,-2.275560278750207,-0.5866051615952942,1.3185962498817159,1.7069320084504542,3.023433863229777
0.888,-1.5934856070708228,-2.275560278750207,-0.5866051615952942,1.3185962498817159,1.7069320084504542,3.023433863229777
0.89,-1.5934856070708228,-2.275560278750207,-0.5866051615952942,1.3185962498817159,1.7069320084504542,3.023433863229777
0.892,-1.5934856070708228,-2.275560278750207,-0.5866051615952942,1.3185962498817159,1.7069320084504542,3.023433863229777
0.894,-1.5934856070708228,-2.275560278750207,-0.5866051615952942,1.3185962498817159,1.7069320084504542,3.023433863229777
0.896,-1.5934856070708228,-2.275560278750207,-0.5866051615952942,1.3185962498817159,1.7069320084504542,3.023433863229777
0.898,-1.5934856070708228,-2.275560278750207,-0.5866051615952942,1.3185962498817159,1.7069320084504542,3.023433863229777
0.9,-1.5934856070708228,-2.275560278750207,-0.5866051615952942,1.3185962498817159,1.7069320084504542,3.023433863229777
0.902,-1.5934856070708228,-2.275560278750207,-0.5866051615952942,1.3185962498817159,1.7069320084504542,3.023433863229777
0.904,-1.5934856070708228,-2.275560278750207,-0.5866051615952942,1.3185962498817159,1.7069320084504542,3.023433863229777
0.906,-1.5934856070708228,-2.275560278750207,-0.5866051615952942,1.3185962498817159,1.7069320084504542,3.023433863229777
0.908,-1.5934856070708228,-2.275560278750207,-0.5866051615952942,1.3185962498817159,1.7069320084504542,3.023433863229777
0.91,-1.5934856070708228,-2.275560278750207,-0.5866051615952942,1.3185962498817159,1.7069320084504542,3.023433863229777
0.912,-1.5934856070708228,-2.275560278750207,-0.5866051615952942,1.3185962498817159,1.7069320084504542,3.023433863229777
0.914,-1.5934856070708228,-2.275560278750207,-0.5866051615952942,1.3185962498817159,1.7069320084504542,3.023433863229777
0.916,-1.5934856070708228,-2.275560278750207,-0.5866051615952942,1.3185962498817159,1.7069320084504542,3.023433863229777
0.918,-1.5934856070708228,-2.275560278750207,-0.5866051615952942,1.3185962498817159,1.7069320084504542,3.023433863229777
0.92,-1.5934856070708228,-2.275560278750207,-0.5866051615952942,1.3185962498817159,1.7069320084504542,3.023433863229777
0.922,-1.5934856070708228,-2.275560278750207,-0.5866051615952942,1.3185962498817159,1.7069320084504542,3.023433863229777
0.924,-1.5934856070708228,-2.275560278750207,-0.5866051615952942,1.3185962498817159,1.7069320084504542,3.023433863229777
0.926,-1.5934856070708228,-2.275560278750207,-0.5866051615952942,1.3185962498817159,1.7069320084504542,3.023433863229777
0.928,-1.5934856070708228,-2.275560278750207,-0.5866051615952942,1.3185962498817159,1.7069320084504542,3.023433863229777
0.93,-1.5934856070708228,-2.275560278750207,-0.5866051615952942,1.3185962498817159,1.7069320084504542,3.023433863229777
0.932,-1.5934856070708228,-2.275560278750207,-0.5866051615952942,1.3185962498817159,1.7069320084504542,3.023433863229777
0.934,-1.5934856070708228,-2.275560278750207,-0.5866051615952942,1.3185962498817159,1.7069320084504542,3.023433863229777
0.936,-1.5934856070708228,-2.275560278750207,-0.5866051615952942,1.3185962498817159,1.7069320084504542,3.023433863229777
0.9380000000000001,-1.5934856070708228,-2.275560278750207,-0.5866051615952942,1.3185962498817159,1.7069320084504542,3.023433863229777
0.9400000000000001,-1.5934856070708228,-2.275560278750207,-0.5866051615952942,1.3185962498817159,1.7069320084504542,3.023433863229777
0.9420000000000001,-1.5934856070708228,-2.275560278750207,-0.5866051615952942,1.3185962498817159,1.7069320084504542,3.023433863229777
0.9440000000000001,-1.5934856070708228,-2.275560278750207,-0.5866051615952942,1.3185962498817159,1.7069320084504542,3.023433863229777
0.9460000000000001,-1.5934856070708228,-2.275560278750207,-0.5866051615952942,1.3185962498817159,1.7069320084504542,3.023433863229777
0.9480000000000001,-1.5934856070708228,-2.275560278750207,-0.5866051615952942,1.3185962498817159,1.7069320084504542,3.023433863229777
0.9500000000000001,-1.5934856070708228,-2.275560278750207,-0.5866051615952942,1.3185962498817159,1.7069320084504542,3.023433863229777
0.9520000000000001,-1.5934856070708228,-2.275560278750207,-0.5866051615952942,1.3185962498817159,1.7069320084504542,3.023433863229777
0.9540000000000001,-1.5934856070708228,-2.275560278750207,-0.5866051615952942,1.3185962498817159,1.7069320084504542,3.023433863229777
0.9560000000000001,-1.5934856070708228,-2.275560278750207,-0.5866051615952942,1.3185962498817159,1.7069320084504542,3.023433863229777
0.9580000000000001,-1.5934856070708228,-2.275560278750207,-0.5866051615952942,1.3185962498817159,1.7069320084504542,3.023433863229777
0.96,-1.5934856070708228,-2.275560278750207,-0.5866051615952942,1.3185962498817159,1.7069320084504542,3.023433863229777
0.962,-1.5934856070708228,-2.275560278750207,-0.5866051615952942,1.3185962498817159,1.7069320084504542,3.023433863229777
0.964,-1.5934856070708228,-2.275560278750207,-0.5866051615952942,1.3185962498817159,1.7069320084504542,3.023433863229777
0.966,-1.5934856070708228,-2.275560278750207,-0.5866051615952942,1.3185962498817159,1.7069320084504542,3.023433863229777
0.968,-1.5934856070708228,-2.275560278750207,-0.5866051615952942,1.3185962498817159,1.7069320084504542,3.023433863229777
0.97,-1.5934856070708228,-2.275560278750207,-0.5866051615952942,1.3185962498817159,1.7069320084504542,3.023433863229777
0.972,-1.5934856070708228,-2.275560278750207,-0.5866051615952942,1.3185962498817159,1.7069320084504542,3.023433863229777
0.974,-1.5934856070708228,-2.275560278750207,-0.5866051615952942,1.3185962498817159,1.7069320084504542,3.023433863229777
0.976,-1.5934856070708228,-2.275560278750207,-0.5866051615952942,1.3185962498817159,1.7069320084504542,3.023433863229777
0.978,-1.5934856070708228,-2.275560278750207,-0.5866051615952942,1.3185962498817159,1.7069320084504542,3.023433863229777
0.98,-1.5934856070708228,-2.275560278750207,-0.5866051615952942,1.3185962498817159,1.7069320084504542,3.023433863229777
0.982,-1.5934856070708228,-2.275560278750207,-0.5866051615952942,1.3185962498817159,1.7069320084504542,3.023433863229777
0.984,-1.5934856070708228,-2.275560278750207,-0.5866051615952942,1.3185962498817159,1.7069320084504542,3.023433863229777
0.986,-1.5934856070708228,-2.275560278750207,-0.5866051615952942,1.3185962498817159,1.7069320084504542,3.023433863229777
0.988,-1.5934856070708228,-2.275560278750207,-0.5866051615952942,1.3185962498817159,1.7069320084504542,3.023433863229777
0.99,-1.5934856070708228,-2.275560278750207,-0.5866051615952942,1.3185962498817159,1.7069320084504542,3.023433863229777
0.992,-1.5934856070708228,-2.275560278750207,-0.5866051615952942,1.3185962498817159,1.7069320084504542,3.023433863229777
0.994,-1.5934856070708228,-2.275560278750207,-0.5866051615952942,1.3185962498817159,1.7069320084504542,3.023433863229777
0.996,-1.5934856070708228,-2.275560278750207,-0.5866051615952942,1.3185962498817159,1.7069320084504542,3.023433863229777
0.998,-1.5934856070708228,-2.275560278750207,-0.5866051615952942,1.3185962498817159,1.7069320084504542,3.023433863229777
1.0,-1.5934856070708228,-2.275560278750207,-0.5866051615952942,1.3185962498817159,1.7069320084504542,3.023433863229777
1.002,-1.5934856070708228,-2.275560278750207,-0.5866051615952942,1.3185962498817159,1.7069320084504542,3.023433863229777
1.004,-1.5934856070708228,-2.275560278750207,-0.5866051615952942,1.3185962498817159,1.7069320084504542,3.023433863229777
1.006,-1.5934856070708228,-2.275560278750207,-0.5866051615952942,1.3185962498817159,1.7069320084504542,3.023433863229777
1.008,-1.5934856070708228,-2.275560278750207,-0.5866051615952942,1.3185962498817159,1.7069320084504542,3.023433863229777
1.01,-1.5934856070708228,-2.275560278750207,-0.5866051615952942,1.3185962498817159,1.7069320084504542,3.023433863229777
1.012,-1.5934856070708228,-2.275560278750207,-0.5866051615952942,1.3185962498817159,1.7069320084504542,3.023433863229777
1.014,-1.5934856070708228,-2.275560278750207,-0.5866051615952942,1.3185962498817159,1.7069320084504542,3.023433863229777
1.016,-1.5934856070708228,-2.275560278750207,-0.5866051615952942,1.3185962498817159,1.7069320084504542,3.023433863229777
1.018,-1.5934856070708228,-2.275560278750207,-0.5866051615952942,1.3185962498817159,1.7069320084504542,3.023433863229777
1.02,-1.5934856070708228,-2.275560278750207,-0.5866051615952942,1.3185962498817159,1.7069320084504542,3.023433863229777
1.022,-1.5934856070708228,-2.275560278750207,-0.5866051615952942,1.3185962498817159,1.7069320084504542,3.023433863229777
1.024,-1.5934856070708228,-2.275560278750207,-0.5866051615952942,1.3185962498817159,1.7069320084504542,3.023433863229777
1.026,-1.5934856070708228,-2.275560278750207,-0.5866051615952942,1.3185962498817159,1.7069320084504542,3.023433863229777
1.028,-1.5934856070708228,-2.275560278750207,-0.5866051615952942,1.3185962498817159,1.7069320084504542,3.023433863229777
1.03,-1.5934856070708228,-2.275560278750207,-0.5866051615952942,1.3185962498817159,1.7069320084504542,3.023433863229777
1.032,-1.5934856070708228,-2.275560278750207,-0.5866051615952942,1.3185962498817159,1.7069320084504542,3.023433863229777
1.034,-1.5934856070708228,-2.275560278750207,-0.5866051615952942,1.3185962498817159,1.7069320084504542,3.023433863229777
1.036,-1.5934856070708228,-2.275560278750207,-0.5866051615952942,1.3185962498817159,1.7069320084504542,3.023433863229777
1.038,-1.5934856070708228,-2.275560278750207,-0.5866051615952942,1.3185962498817159,1.7069320084504542,3.023433863229777
1.04,-1.5934856070708228,-2.275560278750207,-0.5866051615952942,1.3185962498817159,1.7069320084504542,3.023433863229777
1.042,-1.5934856070708228,-2.275560278750207,-0.5866051615952942,1.3185962498817159,1.7069320084504542,3.023433863229777
1.044,-1.5934856070708228,-2.275560278750207,-0.5866051615952942,1.3185962498817159,1.7069320084504542,3.023433863229777
1.046,-1.5934856070708228,-2.275560278750207,-0.5866051615952942,1.3185962498817159,1.7069320084504542,3.023433863229777
1.048,-1.5934856070708228,-2.275560278750207,-0.5866051615952942,1.3185962498817159,1.7069320084504542,3.023433863229777
1.05,-1.5934856070708228,-2.275560278750207,-0.5866051615952942,1.3185962498817159,1.7069320084504542,3.023433863229777
1.052,-1.5934856070708228,-2.275560278750207,-0.5866051615952942,1.3185962498817159,1.7069320084504542,3.023433863229777
1.054,-1.5934856070708228,-2.275560278750207,-0.5866051615952942,1.3185962498817159,1.7069320084504542,3.023433863229777
1.056,-1.5934856070708228,-2.275560278750207,-0.5866051615952942,1.3185962498817159,1.7069320084504542,3.023433863229777
1.058,-1.5934856070708228,-2.275560278750207,-0.5866051615952942,1.3185962498817159,1.7069320084504542,3.023433863229777
1.06,-1.5934856070708228,-2.275560278750207,-0.5866051615952942,1.3185962498817159,1.7069320084504542,3.023433863229777
1.062,-1.5934856070708228,-2.275560278750207,-0.5866051615952942,1.3185962498817159,1.7069320084504542,3.023433863229777
1.064,-1.5934856070708228,-2.275560278750207,-0.5866051615952942,1.3185962498817159,1.7069320084504542,3.023433863229777
1.066,-1.5934856070708228,-2.275560278750207,-0.5866051615952942,1.3185962498817159,1.7069320084504542,3.023433863229777
1.068,-1.5934856070708228,-2.275560278750207,-0.5866051615952942,1.3185962498817159,1.7069320084504542,3.023433863229777
1.07,-1.5934856070708228,-2.275560278750207,-0.5866051615952942,1.3185962498817159,1.7069320084504542,3.023433863229777
1.072,-1.5934856070708228,-2.275560278750207,-0.5866051615952942,1.3185962498817159,1.7069320084504542,3.023433863229777
1.074,-1.5934856070708228,-2.275560278750207,-0.5866051615952942,1.3185962498817159,1.7069320084504542,3.023433863229777
1.076,-1.5934856070708228,-2.275560278750207,-0.5866051615952942,1.3185962498817159,1.7069320084504542,3.023433863229777
1.078,-1.5934856070708228,-2.275560278750207,-0.5866051615952942,1.3185962498817159,1.7069320084504542,3.023433863229777
1.08,-1.5934856070708228,-2.275560278750207,-0.5866051615952942,1.3185962498817159,1.7069320084504542,3.023433863229777
1.082,-1.5934856070708228,-2.275560278750207,-0.5866051615952942,1.3185962498817159,1.7069320084504542,3.023433863229777
1.084,-1.5934856070708228,-2.275560278750207,-0.5866051615952942,1.3185962498817159,1.7069320084504542,3.023433863229777
1.086,-1.5934856070708228,-2.275560278750207,-0.5866051615952942,1.3185962498817159,1.7069320084504542,3.023433863229777
1.088,-1.5934856070708228,-2.275560278750207,-0.5866051615952942,1.3185962498817159,1.7069320084504542,3.023433863229777
1.09,-1.5934856070708228,-2.275560278750207,-0.5866051615952942,1.3185962498817159,1.7069320084504542,3.023433863229777
1.092,-1.5934856070708228,-2.275560278750207,-0.5866051615952942,1.3185962498817159,1.7069320084504542,3.023433863229777
1.094,-1.5934856070708228,-2.275560278750207,-0.5866051615952942,1.3185962498817159,1.7069320084504542,3.023433863229777
1.096,-1.5934856070708228,-2.275560278750207,-0.5866051615952942,1.3185962498817159,1.7069320084504542,3.023433863229777
1.098,-1.5934856070708228,-2.275560278750207,-0.5866051615952942,1.3185962498817159,1.7069320084504542,3.023433863229777
1.1,-1.5934856070708228,-2.275560278750207,-0.5866051615952942,1.3185962498817159,1.7069320084504542,3.023433863229777
1.102,-1.5934856070708228,-2.275560278750207,-0.5866051615952942,1.3185962498817159,1.7069320084504542,3.023433863229777
1.104,-1.5934856070708228,-2.275560278750207,-0.5866051615952942,1.3185962498817159,1.7069320084504542,3.023433863229777
1.106,-1.5934856070708228,-2.275560278750207,-0.5866051615952942,1.3185962498817159,1.7069320084504542,3.023433863229777
1.108,-1.5934856070708228,-2.275560278750207,-0.5866051615952942,1.3185962498817159,1.7069320084504542,3.023433863229777
1.11,-1.5934856070708228,-2.275560278750207,-0.5866051615952942,1.3185962498817159,1.7069320084504542,3.023433863229777
1.112,-1.5934856070708228,-2.275560278750207,-0.5866051615952942,1.3185962498817159,1.7069320084504542,3.023433863229777
1.114,-1.5934856070708228,-2.275560278750207,-0.5866051615952942,1.3185962498817159,1.7069320084504542,3.023433863229777
1.116,-1.5934856070708228,-2.275560278750207,-0.5866051615952942,1.3185962498817159,1.7069320084504542,3.023433863229777
1.118,-1.5934856070708228,-2.275560278750207,-0.5866051615952942,1.3185962498817159,1.7069320084504542,3.023433863229777
1.12,-1.5934856070708228,-2.275560278750207,-0.5866051615952942,1.3185962498817159,1.7069320084504542,3.023433863229777
1.122,-1.5934856070708228,-2.275560278750207,-0.5866051615952942,1.3185962498817159,1.7069320084504542,3.023433863229777
1.124,-1.5934856070708228,-2.275560278750207,-0.5866051615952942,1.3185962498817159,1.7069320084504542,3.023433863229777
1.1260000000000001,-1.5934856070708228,-2.275560278750207,-0.5866051615952942,1.3185962498817159,1.7069320084504542,3.023433863229777
1.1280000000000001,-1.5934856070708228,-2.275560278750207,-0.5866051615952942,1.3185962498817159,1.7069320084504542,3.023433863229777
1.1300000000000001,-1.5934856070708228,-2.275560278750207,-0.5866051615952942,1.3185962498817159,1.7069320084504542,3.023433863229777
1.1320000000000001,-1.5934856070708228,-2.275560278750207,-0.5866051615952942,1.3185962498817159,1.7069320084504542,3.023433863229777
1.1340000000000001,-1.5934856070708228,-2.275560278750207,-0.5866051615952942,1.3185962498817159,1.7069320084504542,3.023433863229777
1.1360000000000001,-1.5934856070708228,-2.275560278750207,-0.5866051615952942,1.3185962498817159,1.7069320084504542,3.023433863229777
1.1380000000000001,-1.5934856070708228,-2.275560278750207,-0.5866051615952942,1.3185962498817159,1.7069320084504542,3.023433863229777
1.1400000000000001,-1.5934856070708228,-2.275560278750207,-0.5866051615952942,1.3185962498817159,1.7069320084504542,3.023433863229777
1.1420000000000001,-1.5934856070708228,-2.275560278750207,-0.5866051615952942,1.3185962498817159,1.7069320084504542,3.023433863229777
1.1440000000000001,-1.5934856070708228,-2.275560278750207,-0.5866051615952942,1.3185962498817159,1.7069320084504542,3.023433863229777
1.1460000000000001,-1.5934856070708228,-2.275560278750207,-0.5866051615952942,1.3185962498817159,1.7069320084504542,3.023433863229777
1.1480000000000001,-1.5934856070708228,-2.275560278750207,-0.5866051615952942,1.3185962498817159,1.7069320084504542,3.023433863229777
1.1500000000000001,-1.5934856070708228,-2.275560278750207,-0.5866051615952942,1.3185962498817159,1.7069320084504542,3.023433863229777
1.1520000000000001,-1.5934856070708228,-2.275560278750207,-0.5866051615952942,1.3185962498817159,1.7069320084504542,3.023433863229777
1.154,-1.5934856070708228,-2.275560278750207,-0.5866051615952942,1.3185962498817159,1.7069320084504542,3.023433863229777
1.156,-1.5934856070708228,-2.275560278750207,-0.5866051615952942,1.3185962498817159,1.7069320084504542,3.023433863229777
1.158,-1.5934856070708228,-2.275560278750207,-0.5866051615952942,1.3185962498817159,1.7069320084504542,3.023433863229777
1.16,-1.5934856070708228,-2.275560278750207,-0.5866051615952942,1.3185962498817159,1.7069320084504542,3.023433863229777
1.162,-1.5934856070708228,-2.275560278750207,-0.5866051615952942,1.3185962498817159,1.7069320084504542,3.023433863229777
1.164,-1.5934856070708228,-2.275560278750207,-0.5866051615952942,1.3185962498817159,1.7069320084504542,3.023433863229777
1.166,-1.5934856070708228,-2.275560278750207,-0.5866051615952942,1.3185962498817159,1.7069320084504542,3.023433863229777
1.168,-1.5934856070708228,-2.275560278750207,-0.5866051615952942,1.3185962498817159,1.7069320084504542,3.023433863229777
1.17,-1.5934856070708228,-2.275560278750207,-0.5866051615952942,1.3185962498817159,1.7069320084504542,3.023433863229777
1.172,-1.5934856070708228,-2.275560278750207,-0.5866051615952942,1.3185962498817159,1.7069320084504542,3.023433863229777
1.174,-1.5934856070708228,-2.275560278750207,-0.5866051615952942,1.3185962498817159,1.7069320084504542,3.023433863229777
1.176,-1.5934856070708228,-2.275560278750207,-0.5866051615952942,1.3185962498817159,1.7069320084504542,3.023433863229777
1.178,-1.5934856070708228,-2.275560278750207,-0.5866051615952942,1.3185962498817159,1.7069320084504542,3.023433863229777
1.18,-1.5934856070708228,-2.275560278750207,-0.5866051615952942,1.3185962498817159,1.7069320084504542,3.023433863229777
1.182,-1.5934856070708228,-2.275560278750207,-0.5866051615952942,1.3185962498817159,1.7069320084504542,3.023433863229777
1.184,-1.5934856070708228,-2.275560278750207,-0.5866051615952942,1.3185962498817159,1.7069320084504542,3.023433863229777
1.186,-1.5934856070708228,-2.275560278750207,-0.5866051615952942,1.3185962498817159,1.7069320084504542,3.023433863229777
1.188,-1.5934856070708228,-2.275560278750207,-0.5866051615952942,1.3185962498817159,1.7069320084504542,3.023433863229777
1.19,-1.5934856070708228,-2.275560278750207,-0.5866051615952942,1.3185962498817159,1.7069320084504542,3.023433863229777
1.192,-1.5934856070708228,-2.275560278750207,-0.5866051615952942,1.3185962498817159,1.7069320084504542,3.023433863229777
1.194,-1.5934856070708228,-2.275560278750207,-0.5866051615952942,1.3185962498817159,1.7069320084504542,3.023433863229777
1.196,-1.5934856070708228,-2.275560278750207,-0.5866051615952942,1.3185962498817159,1.7069320084504542,3.023433863229777
1.198,-1.5934856070708228,-2.275560278750207,-0.5866051615952942,1.3185962498817159,1.7069320084504542,3.023433863229777
1.2,-1.5934856070708228,-2.275560278750207,-0.5866051615952942,1.3185962498817159,1.7069320084504542,3.023433863229777
1.202,-1.5934856070708228,-2.275560278750207,-0.5866051615952942,1.3185962498817159,1.7069320084504542,3.023433863229777
1.204,-1.5934856070708228,-2.275560278750207,-0.5866051615952942,1.3185962498817159,1.7069320084504542,3.023433863229777
1.206,-1.5934856070708228,-2.275560278750207,-0.5866051615952942,1.3185962498817159,1.7069320084504542,3.023433863229777
1.208,-1.5934856070708228,-2.275560278750207,-0.5866051615952942,1.3185962498817159,1.7069320084504542,3.023433863229777
1.21,-1.5934856070708228,-2.275560278750207,-0.5866051615952942,1.3185962498817159,1.7069320084504542,3.023433863229777
1.212,-1.5934856070708228,-2.275560278750207,-0.5866051615952942,1.3185962498817159,1.7069320084504542,3.023433863229777
1.214,-1.5934856070708228,-2.275560278750207,-0.5866051615952942,1.3185962498817159,1.7069320084504542,3.023433863229777
1.216,-1.5934856070708228,-2.275560278750207,-0.5866051615952942,1.3185962498817159,1.7069320084504542,3.023433863229777
1.218,-1.5934856070708228,-2.275560278750207,-0.5866051615952942,1.3185962498817159,1.7069320084504542,3.023433863229777
1.22,-1.5934856070708228,-2.275560278750207,-0.5866051615952942,1.3185962498817159,1.7069320084504542,3.023433863229777
1.222,-1.5934856070708228,-2.275560278750207,-0.5866051615952942,1.3185962498817159,1.7069320084504542,3.023433863229777
1.224,-1.5934856070708228,-2.275560278750207,-0.5866051615952942,1.3185962498817159,1.7069320084504542,3.023433863229777
1.226,-1.5934856070708228,-2.275560278750207,-0.5866051615952942,1.3185962498817159,1.7069320084504542,3.023433863229777
1.228,-1.5934856070708228,-2.275560278750207,-0.5866051615952942,1.3185962498817159,1.7069320084504542,3.023433863229777
1.23,-1.5934856070708228,-2.275560278750207,-0.5866051615952942,1.3185962498817159,1.7069320084504542,3.023433863229777
1.232,-1.5934856070708228,-2.275560278750207,-0.5866051615952942,1.3185962498817159,1.7069320084504542,3.023433863229777
1.234,-1.5934856070708228,-2.275560278750207,-0.5866051615952942,1.3185962498817159,1.7069320084504542,3.023433863229777
1.236,-1.5934856070708228,-2.275560278750207,-0.5866051615952942,1.3185962498817159,1.7069320084504542,3.023433863229777
1.238,-1.5934856070708228,-2.275560278750207,-0.5866051615952942,1.3185962498817159,1.7069320084504542,3.023433863229777
1.24,-1.5934856070708228,-2.275560278750207,-0.5866051615952942,1.3185962498817159,1.7069320084504542,3.023433863229777
1.242,-1.5934856070708228,-2.275560278750207,-0.5866051615952942,1.3185962498817159,1.7069320084504542,3.023433863229777
1.244,-1.5934856070708228,-2.275560278750207,-0.5866051615952942,1.3185962498817159,1.7069320084504542,3.023433863229777
1.246,-1.5934856070708228,-2.275560278750207,-0.5866051615952942,1.3185962498817159,1.7069320084504542,3.023433863229777
1.248,-1.5934856070708228,-2.275560278750207,-0.5866051615952942,1.3185962498817159,1.7069320084504542,3.023433863229777
1.25,-1.5934856070708228,-2.275560278750207,-0.5866051615952942,1.3185962498817159,1.7069320084504542,3.023433863229777
1.252,-1.5934856070708228,-2.275560278750207,-0.5866051615952942,1.3185962498817159,1.7069320084504542,3.023433863229777
1.254,-1.5934856070708228,-2.275560278750207,-0.5866051615952942,1.3185962498817159,1.7069320084504542,3.023433863229777
1.256,-1.5934856070708228,-2.275560278750207,-0.5866051615952942,1.3185962498817159,1.7069320084504542,3.023433863229777
1.258,-1.5934856070708228,-2.275560278750207,-0.5866051615952942,1.3185962498817159,1.7069320084504542,3.023433863229777
1.26,-1.5934856070708228,-2.275560278750207,-0.5866051615952942,1.3185962498817159,1.7069320084504542,3.023433863229777
1.262,-1.5934856070708228,-2.275560278750207,-0.5866051615952942,1.3185962498817159,1.7069320084504542,3.023433863229777
1.264,-1.5934856070708228,-2.275560278750207,-0.5866051615952942,1.3185962498817159,1.7069320084504542,3.023433863229777
1.266,-1.5934856070708228,-2.275560278750207,-0.5866051615952942,1.3185962498817159,1.7069320084504542,3.023433863229777
1.268,-1.5934856070708228,-2.275560278750207,-0.5866051615952942,1.3185962498817159,1.7069320084504542,3.023433863229777
1.27,-1.5934856070708228,-2.275560278750207,-0.5866051615952942,1.3185962498817159,1.7069320084504542,3.023433863229777
1.272,-1.5934856070708228,-2.275560278750207,-0.5866051615952942,1.3185962498817159,1.7069320084504542,3.023433863229777
1.274,-1.5934856070708228,-2.275560278750207,-0.5866051615952942,1.3185962498817159,1.7069320084504542,3.023433863229777
1.276,-1.5934856070708228,-2.275560278750207,-0.5866051615952942,1.3185962498817159,1.7069320084504542,3.023433863229777
1.278,-1.5934856070708228,-2.275560278750207,-0.5866051615952942,1.3185962498817159,1.7069320084504542,3.023433863229777
1.28,-1.5934856070708228,-2.275560278750207,-0.5866051615952942,1.3185962498817159,1.7069320084504542,3.023433863229777
1.282,-1.5934856070708228,-2.275560278750207,-0.5866051615952942,1.3185962498817159,1.7069320084504542,3.023433863229777
1.284,-1.5934856070708228,-2.275560278750207,-0.5866051615952942,1.3185962498817159,1.7069320084504542,3.023433863229777
1.286,-1.5934856070708228,-2.275560278750207,-0.5866051615952942,1.3185962498817159,1.7069320084504542,3.023433863229777
1.288,-1.5934856070708228,-2.275560278750207,-0.5866051615952942,1.3185962498817159,1.7069320084504542,3.023433863229777
1.29,-1.5934856070708228,-2.275560278750207,-0.5866051615952942,1.3185962498817159,1.7069320084504542,3.023433863229777
1.292,-1.5934856070708228,-2.275560278750207,-0.5866051615952942,1.3185962498817159,1.7069320084504542,3.023433863229777
1.294,-1.5934856070708228,-2.275560278750207,-0.5866051615952942,1.3185962498817159,1.7069320084504542,3.023433863229777
1.296,-1.5934856070708228,-2.275560278750207,-0.5866051615952942,1.3185962498817159,1.7069320084504542,3.023433863229777
1.298,-1.5934856070708228,-2.275560278750207,-0.5866051615952942,1.3185962498817159,1.7069320084504542,3.023433863229777
1.3,-1.5934856070708228,-2.275560278750207,-0.5866051615952942,1.3185962498817159,1.7069320084504542,3.023433863229777
1.302,-1.5934856070708228,-2.275560278750207,-0.5866051615952942,1.3185962498817159,1.7069320084504542,3.023433863229777
1.304,-1.5934856070708228,-2.275560278750207,-0.5866051615952942,1.3185962498817159,1.7069320084504542,3.023433863229777
1.306,-1.5934856070708228,-2.275560278750207,-0.5866051615952942,1.3185962498817159,1.7069320084504542,3.023433863229777
1.308,-1.5934856070708228,-2.275560278750207,-0.5866051615952942,1.3185962498817159,1.7069320084504542,3.023433863229777
1.31,-1.5934856070708228,-2.275560278750207,-0.5866051615952942,1.3185962498817159,1.7069320084504542,3.023433863229777
1.312,-1.5934856070708228,-2.275560278750207,-0.5866051615952942,1.3185962498817159,1.7069320084504542,3.023433863229777
1.314,-1.5934856070708228,-2.275560278750207,-0.5866051615952942,1.3185962498817159,1.7069320084504542,3.023433863229777
1.316,-1.5934856070708228,-2.275560278750207,-0.5866051615952942,1.3185962498817159,1.7069320084504542,3.023433863229777
1.318,-1.5934856070708228,-2.275560278750207,-0.5866051615952942,1.3185962498817159,1.7069320084504542,3.023433863229777
1.32,-1.5934856070708228,-2.275560278750207,-0.5866051615952942,1.3185962498817159,1.7069320084504542,3.023433863229777
1.322,-1.5934856070708228,-2.275560278750207,-0.5866051615952942,1.3185962498817159,1.7069320084504542,3.023433863229777
1.324,-1.5934856070708228,-2.275560278750207,-0.5866051615952942,1.3185962498817159,1.7069320084504542,3.023433863229777
1.326,-1.5934856070708228,-2.275560278750207,-0.5866051615952942,1.3185962498817159,1.7069320084504542,3.023433863229777
1.328,-1.5934856070708228,-2.275560278750207,-0.5866051615952942,1.3185962498817159,1.7069320084504542,3.023433863229777
1.33,-1.5934856070708228,-2.275560278750207,-0.5866051615952942,1.3185962498817159,1.7069320084504542,3.023433863229777
1.332,-1.5934856070708228,-2.275560278750207,-0.5866051615952942,1.3185962498817159,1.7069320084504542,3.023433863229777
1.334,-1.5934856070708228,-2.275560278750207,-0.5866051615952942,1.3185962498817159,1.7069320084504542,3.023433863229777
1.336,-1.5934856070708228,-2.275560278750207,-0.5866051615952942,1.3185962498817159,1.7069320084504542,3.023433863229777
1.338,-1.5934856070708228,-2.275560278750207,-0.5866051615952942,1.3185962498817159,1.7069320084504542,3.023433863229777
1.34,-1.5934856070708228,-2.275560278750207,-0.5866051615952942,1.3185962498817159,1.7069320084504542,3.023433863229777
1.342,-1.5934856070708228,-2.275560278750207,-0.5866051615952942,1.3185962498817159,1.7069320084504542,3.023433863229777
1.344,-1.5934856070708228,-2.275560278750207,-0.5866051615952942,1.3185962498817159,1.7069320084504542,3.023433863229777
1.346,-1.5934856070708228,-2.275560278750207,-0.5866051615952942,1.3185962498817159,1.7069320084504542,3.023433863229777
1.348,-1.5934856070708228,-2.275560278750207,-0.5866051615952942,1.3185962498817159,1.7069320084504542,3.023433863229777
1.35,-1.5934856070708228,-2.275560278750207,-0.5866051615952942,1.3185962498817159,1.7069320084504542,3.023433863229777
1.352,-1.5934856070708228,-2.275560278750207,-0.5866051615952942,1.3185962498817159,1.7069320084504542,3.023433863229777
1.354,-1.5934856070708228,-2.275560278750207,-0.5866051615952942,1.3185962498817159,1.7069320084504542,3.023433863229777
1.356,-1.5934856070708228,-2.275560278750207,-0.5866051615952942,1.3185962498817159,1.7069320084504542,3.023433863229777
1.358,-1.5934856070708228,-2.275560278750207,-0.5866051615952942,1.3185962498817159,1.7069320084504542,3.023433863229777
1.36,-1.5934856070708228,-2.275560278750207,-0.5866051615952942,1.3185962498817159,1.7069320084504542,3.023433863229777
1.362,-1.5934856070708228,-2.275560278750207,-0.5866051615952942,1.3185962498817159,1.7069320084504542,3.023433863229777
1.364,-1.5934856070708228,-2.275560278750207,-0.5866051615952942,1.3185962498817159,1.7069320084504542,3.023433863229777
1.366,-1.5934856070708228,-2.275560278750207,-0.5866051615952942,1.3185962498817159,1.7069320084504542,3.023433863229777
1.368,-1.5934856070708228,-2.275560278750207,-0.5866051615952942,1.3185962498817159,1.7069320084504542,3.023433863229777
1.37,-1.5934856070708228,-2.275560278750207,-0.5866051615952942,1.3185962498817159,1.7069320084504542,3.023433863229777
1.372,-1.5934856070708228,-2.275560278750207,-0.5866051615952942,1.3185962498817159,1.7069320084504542,3.023433863229777
1.374,-1.5934856070708228,-2.275560278750207,-0.5866051615952942,1.3185962498817159,1.7069320084504542,3.023433863229777
1.3760000000000001,-1.5934856070708228,-2.275560278750207,-0.5866051615952942,1.3185962498817159,1.7069320084504542,3.023433863229777
1.3780000000000001,-1.5934856070708228,-2.275560278750207,-0.5866051615952942,1.3185962498817159,1.7069320084504542,3.023433863229777
1.3800000000000001,-1.5934856070708228,-2.275560278750207,-0.5866051615952942,1.3185962498817159,1.7069320084504542,3.023433863229777
1.3820000000000001,-1.5934856070708228,-2.275560278750207,-0.5866051615952942,1.3185962498817159,1.7069320084504542,3.023433863229777
1.3840000000000001,-1.5934856070708228,-2.275560278750207,-0.5866051615952942,1.3185962498817159,1.7069320084504542,3.023433863229777
1.3860000000000001,-1.5934856070708228,-2.275560278750207,-0.5866051615952942,1.3185962498817159,1.7069320084504542,3.023433863229777
1.3880000000000001,-1.5934856070708228,-2.275560278750207,-0.5866051615952942,1.3185962498817159,1.7069320084504542,3.023433863229777
1.3900000000000001,-1.5934856070708228,-2.275560278750207,-0.5866051615952942,1.3185962498817159,1.7069320084504542,3.023433863229777
1.3920000000000001,-1.5934856070708228,-2.275560278750207,-0.5866051615952942,1.3185962498817159,1.7069320084504542,3.023433863229777
1.3940000000000001,-1.5934856070708228,-2.275560278750207,-0.5866051615952942,1.3185962498817159,1.7069320084504542,3.023433863229777
1.3960000000000001,-1.5934856070708228,-2.275560278750207,-0.5866051615952942,1.3185962498817159,1.7069320084504542,3.023433863229777
1.3980000000000001,-1.5934856070708228,-2.275560278750207,-0.5866051615952942,1.3185962498817159,1.7069320084504542,3.023433863229777
1.4000000000000001,-1.5934856070708228,-2.275560278750207,-0.5866051615952942,1.3185962498817159,1.7069320084504542,3.023433863229777
1.4020000000000001,-1.5934856070708228,-2.275560278750207,-0.5866051615952942,1.3185962498817159,1.7069320084504542,3.023433863229777
1.4040000000000001,-1.5934856070708228,-2.275560278750207,-0.5866051615952942,1.3185962498817159,1.7069320084504542,3.023433863229777
1.4060000000000001,-1.5934856070708228,-2.275560278750207,-0.5866051615952942,1.3185962498817159,1.7069320084504542,3.023433863229777
1.408,-1.5934856070708228,-2.275560278750207,-0.5866051615952942,1.3185962498817159,1.7069320084504542,3.023433863229777
1.41,-1.5934856070708228,-2.275560278750207,-0.5866051615952942,1.3185962498817159,1.7069320084504542,3.023433863229777
1.412,-1.5934856070708228,-2.275560278750207,-0.5866051615952942,1.3185962498817159,1.7069320084504542,3.023433863229777
1.414,-1.5934856070708228,-2.275560278750207,-0.5866051615952942,1.3185962498817159,1.7069320084504542,3.023433863229777
1.416,-1.5934856070708228,-2.275560278750207,-0.5866051615952942,1.3185962498817159,1.7069320084504542,3.023433863229777
1.418,-1.5934856070708228,-2.275560278750207,-0.5866051615952942,1.3185962498817159,1.7069320084504542,3.023433863229777
1.42,-1.5934856070708228,-2.275560278750207,-0.5866051615952942,1.3185962498817159,1.7069320084504542,3.023433863229777
1.422,-1.5934856070708228,-2.275560278750207,-0.5866051615952942,1.3185962498817159,1.7069320084504542,3.023433863229777
1.424,-1.5934856070708228,-2.275560278750207,-0.5866051615952942,1.3185962498817159,1.7069320084504542,3.023433863229777
1.426,-1.5934856070708228,-2.275560278750207,-0.5866051615952942,1.3185962498817159,1.7069320084504542,3.023433863229777
1.428,-1.5934856070708228,-2.275560278750207,-0.5866051615952942,1.3185962498817159,1.7069320084504542,3.023433863229777
1.43,-1.5934856070708228,-2.275560278750207,-0.5866051615952942,1.3185962498817159,1.7069320084504542,3.023433863229777
1.432,-1.5934856070708228,-2.275560278750207,-0.5866051615952942,1.3185962498817159,1.7069320084504542,3.023433863229777
1.434,-1.5934856070708228,-2.275560278750207,-0.5866051615952942,1.3185962498817159,1.7069320084504542,3.023433863229777
1.436,-1.5934856070708228,-2.275560278750207,-0.5866051615952942,1.3185962498817159,1.7069320084504542,3.023433863229777
1.438,-1.5934856070708228,-2.275560278750207,-0.5866051615952942,1.3185962498817159,1.7069320084504542,3.023433863229777
1.44,-1.5934856070708228,-2.275560278750207,-0.5866051615952942,1.3185962498817159,1.7069320084504542,3.023433863229777
1.442,-1.5934856070708228,-2.275560278750207,-0.5866051615952942,1.3185962498817159,1.7069320084504542,3.023433863229777
1.444,-1.5934856070708228,-2.275560278750207,-0.5866051615952942,1.3185962498817159,1.7069320084504542,3.023433863229777
1.446,-1.5934856070708228,-2.275560278750207,-0.5866051615952942,1.3185962498817159,1.7069320084504542,3.023433863229777
1.448,-1.5934856070708228,-2.275560278750207,-0.5866051615952942,1.3185962498817159,1.7069320084504542,3.023433863229777
1.45,-1.5934856070708228,-2.275560278750207,-0.5866051615952942,1.3185962498817159,1.7069320084504542,3.023433863229777
1.452,-1.5934856070708228,-2.275560278750207,-0.5866051615952942,1.3185962498817159,1.7069320084504542,3.023433863229777
1.454,-1.5934856070708228,-2.275560278750207,-0.5866051615952942,1.3185962498817159,1.7069320084504542,3.023433863229777
1.456,-1.5934856070708228,-2.275560278750207,-0.5866051615952942,1.3185962498817159,1.7069320084504542,3.023433863229777
1.458,-1.5934856070708228,-2.275560278750207,-0.5866051615952942,1.3185962498817159,1.7069320084504542,3.023433863229777
1.46,-1.5934856070708228,-2.275560278750207,-0.5866051615952942,1.3185962498817159,1.7069320084504542,3.023433863229777
1.462,-1.5934856070708228,-2.275560278750207,-0.5866051615952942,1.3185962498817159,1.7069320084504542,3.023433863229777
1.464,-1.5934856070708228,-2.275560278750207,-0.5866051615952942,1.3185962498817159,1.7069320084504542,3.023433863229777
1.466,-1.5934856070708228,-2.275560278750207,-0.5866051615952942,1.3185962498817159,1.7069320084504542,3.023433863229777
1.468,-1.5934856070708228,-2.275560278750207,-0.5866051615952942,1.3185962498817159,1.7069320084504542,3.023433863229777
1.47,-1.5934856070708228,-2.275560278750207,-0.5866051615952942,1.3185962498817159,1.7069320084504542,3.023433863229777
1.472,-1.5934856070708228,-2.275560278750207,-0.5866051615952942,1.3185962498817159,1.7069320084504542,3.023433863229777
1.474,-1.5934856070708228,-2.275560278750207,-0.5866051615952942,1.3185962498817159,1.7069320084504542,3.023433863229777
1.476,-1.5934856070708228,-2.275560278750207,-0.5866051615952942,1.3185962498817159,1.7069320084504542,3.023433863229777
1.478,-1.5934856070708228,-2.275560278750207,-0.5866051615952942,1.3185962498817159,1.7069320084504542,3.023433863229777
1.48,-1.5934856070708228,-2.275560278750207,-0.5866051615952942,1.3185962498817159,1.7069320084504542,3.023433863229777
1.482,-1.5934856070708228,-2.275560278750207,-0.5866051615952942,1.3185962498817159,1.7069320084504542,3.023433863229777
1.484,-1.5934856070708228,-2.275560278750207,-0.5866051615952942,1.3185962498817159,1.7069320084504542,3.023433863229777
1.486,-1.5934856070708228,-2.275560278750207,-0.5866051615952942,1.3185962498817159,1.7069320084504542,3.023433863229777
1.488,-1.5934856070708228,-2.275560278750207,-0.5866051615952942,1.3185962498817159,1.7069320084504542,3.023433863229777
1.49,-1.5934856070708228,-2.275560278750207,-0.5866051615952942,1.3185962498817159,1.7069320084504542,3.023433863229777
1.492,-1.5934856070708228,-2.275560278750207,-0.5866051615952942,1.3185962498817159,1.7069320084504542,3.023433863229777
1.494,-1.5934856070708228,-2.275560278750207,-0.5866051615952942,1.3185962498817159,1.7069320084504542,3.023433863229777
1.496,-1.5934856070708228,-2.275560278750207,-0.5866051615952942,1.3185962498817159,1.7069320084504542,3.023433863229777
1.498,-1.5934856070708228,-2.275560278750207,-0.5866051615952942,1.3185962498817159,1.7069320084504542,3.023433863229777
1.5,-1.5934856070708228,-2.275560278750207,-0.5866051615952942,1.3185962498817159,1.7069320084504542,3.023433863229777
1.502,-1.5934856070708228,-2.275560278750207,-0.5866051615952942,1.3185962498817159,1.7069320084504542,3.023433863229777
1.504,-1.5934856070708228,-2.275560278750207,-0.5866051615952942,1.3185962498817159,1.7069320084504542,3.023433863229777
1.506,-1.5934856070708228,-2.275560278750207,-0.5866051615952942,1.3185962498817159,1.7069320084504542,3.023433863229777
1.508,-1.5934856070708228,-2.275560278750207,-0.5866051615952942,1.3185962498817159,1.7069320084504542,3.023433863229777
1.51,-1.5934856070708228,-2.275560278750207,-0.5866051615952942,1.3185962498817159,1.7069320084504542,3.023433863229777
1.512,-1.5934856070708228,-2.275560278750207,-0.5866051615952942,1.3185962498817159,1.7069320084504542,3.023433863229777
1.514,-1.5934856070708228,-2.275560278750207,-0.5866051615952942,1.3185962498817159,1.7069320084504542,3.023433863229777
1.516,-1.5934856070708228,-2.275560278750207,-0.5866051615952942,1.3185962498817159,1.7069320084504542,3.023433863229777
1.518,-1.5934856070708228,-2.275560278750207,-0.5866051615952942,1.3185962498817159,1.7069320084504542,3.023433863229777
1.52,-1.5934856070708228,-2.275560278750207,-0.5866051615952942,1.3185962498817159,1.7069320084504542,3.023433863229777
1.522,-1.5934856070708228,-2.275560278750207,-0.5866051615952942,1.3185962498817159,1.7069320084504542,3.023433863229777
1.524,-1.5934856070708228,-2.275560278750207,-0.5866051615952942,1.3185962498817159,1.7069320084504542,3.023433863229777
1.526,-1.5934856070708228,-2.275560278750207,-0.5866051615952942,1.3185962498817159,1.7069320084504542,3.023433863229777
1.528,-1.5934856070708228,-2.275560278750207,-0.5866051615952942,1.3185962498817159,1.7069320084504542,3.023433863229777
1.53,-1.5934856070708228,-2.275560278750207,-0.5866051615952942,1.3185962498817159,1.7069320084504542,3.023433863229777
1.532,-1.5934856070708228,-2.275560278750207,-0.5866051615952942,1.3185962498817159,1.7069320084504542,3.023433863229777
1.534,-1.5934856070708228,-2.275560278750207,-0.5866051615952942,1.3185962498817159,1.7069320084504542,3.023433863229777
1.536,-1.5934856070708228,-2.275560278750207,-0.5866051615952942,1.3185962498817159,1.7069320084504542,3.023433863229777
1.538,-1.5934856070708228,-2.275560278750207,-0.5866051615952942,1.3185962498817159,1.7069320084504542,3.023433863229777
1.54,-1.5934856070708228,-2.275560278750207,-0.5866051615952942,1.3185962498817159,1.7069320084504542,3.023433863229777
1.542,-1.5934856070708228,-2.275560278750207,-0.5866051615952942,1.3185962498817159,1.7069320084504542,3.023433863229777
1.544,-1.5934856070708228,-2.275560278750207,-0.5866051615952942,1.3185962498817159,1.7069320084504542,3.023433863229777
1.546,-1.5934856070708228,-2.275560278750207,-0.5866051615952942,1.3185962498817159,1.7069320084504542,3.023433863229777
1.548,-1.5934856070708228,-2.275560278750207,-0.5866051615952942,1.3185962498817159,1.7069320084504542,3.023433863229777
1.55,-1.5934856070708228,-2.275560278750207,-0.5866051615952942,1.3185962498817159,1.7069320084504542,3.023433863229777
1.552,-1.5934856070708228,-2.275560278750207,-0.5866051615952942,1.3185962498817159,1.7069320084504542,3.023433863229777
1.554,-1.5934856070708228,-2.275560278750207,-0.5866051615952942,1.3185962498817159,1.7069320084504542,3.023433863229777
1.556,-1.5934856070708228,-2.275560278750207,-0.5866051615952942,1.3185962498817159,1.7069320084504542,3.023433863229777
1.558,-1.5934856070708228,-2.275560278750207,-0.5866051615952942,1.3185962498817159,1.7069320084504542,3.023433863229777
1.56,-1.5934856070708228,-2.275560278750207,-0.5866051615952942,1.3185962498817159,1.7069320084504542,3.023433863229777
1.562,-1.5934856070708228,-2.275560278750207,-0.5866051615952942,1.3185962498817159,1.7069320084504542,3.023433863229777
1.564,-1.5934856070708228,-2.275560278750207,-0.5866051615952942,1.3185962498817159,1.7069320084504542,3.023433863229777
1.566,-1.5934856070708228,-2.275560278750207,-0.5866051615952942,1.3185962498817159,1.7069320084504542,3.023433863229777
1.568,-1.5934856070708228,-2.275560278750207,-0.5866051615952942,1.3185962498817159,1.7069320084504542,3.023433863229777
1.57,-1.5934856070708228,-2.275560278750207,-0.5866051615952942,1.3185962498817159,1.7069320084504542,3.023433863229777
1.572,-1.5934856070708228,-2.275560278750207,-0.5866051615952942,1.3185962498817159,1.7069320084504542,3.023433863229777
1.574,-1.5934856070708228,-2.275560278750207,-0.5866051615952942,1.3185962498817159,1.7069320084504542,3.023433863229777
1.576,-1.5934856070708228,-2.275560278750207,-0.5866051615952942,1.3185962498817159,1.7069320084504542,3.023433863229777
1.578,-1.5934856070708228,-2.275560278750207,-0.5866051615952942,1.3185962498817159,1.7069320084504542,3.023433863229777
1.58,-1.5934856070708228,-2.275560278750207,-0.5866051615952942,1.3185962498817159,1.7069320084504542,3.023433863229777
1.582,-1.5934856070708228,-2.275560278750207,-0.5866051615952942,1.3185962498817159,1.7069320084504542,3.023433863229777
1.584,-1.5934856070708228,-2.275560278750207,-0.5866051615952942,1.3185962498817159,1.7069320084504542,3.023433863229777
1.586,-1.5934856070708228,-2.275560278750207,-0.5866051615952942,1.3185962498817159,1.7069320084504542,3.023433863229777
1.588,-1.5934856070708228,-2.275560278750207,-0.5866051615952942,1.3185962498817159,1.7069320084504542,3.023433863229777
1.59,-1.5934856070708228,-2.275560278750207,-0.5866051615952942,1.3185962498817159,1.7069320084504542,3.023433863229777
1.592,-1.5934856070708228,-2.275560278750207,-0.5866051615952942,1.3185962498817159,1.7069320084504542,3.023433863229777
1.594,-1.5934856070708228,-2.275560278750207,-0.5866051615952942,1.3185962498817159,1.7069320084504542,3.023433863229777
1.596,-1.5934856070708228,-2.275560278750207,-0.5866051615952942,1.3185962498817159,1.7069320084504542,3.023433863229777
1.598,-1.5934856070708228,-2.275560278750207,-0.5866051615952942,1.3185962498817159,1.7069320084504542,3.023433863229777
1.6,-1.5934856070708228,-2.275560278750207,-0.5866051615952942,1.3185962498817159,1.7069320084504542,3.023433863229777
1.602,-1.5934856070708228,-2.275560278750207,-0.5866051615952942,1.3185962498817159,1.7069320084504542,3.023433863229777
1.604,-1.5934856070708228,-2.275560278750207,-0.5866051615952942,1.3185962498817159,1.7069320084504542,3.023433863229777
1.606,-1.5934856070708228,-2.275560278750207,-0.5866051615952942,1.3185962498817159,1.7069320084504542,3.023433863229777
1.608,-1.5934856070708228,-2.275560278750207,-0.5866051615952942,1.3185962498817159,1.7069320084504542,3.023433863229777
1.61,-1.5934856070708228,-2.275560278750207,-0.5866051615952942,1.3185962498817159,1.7069320084504542,3.023433863229777
1.612,-1.5934856070708228,-2.275560278750207,-0.5866051615952942,1.3185962498817159,1.7069320084504542,3.023433863229777
1.614,-1.5934856070708228,-2.275560278750207,-0.5866051615952942,1.3185962498817159,1.7069320084504542,3.023433863229777
1.616,-1.5934856070708228,-2.275560278750207,-0.5866051615952942,1.3185962498817159,1.7069320084504542,3.023433863229777
1.618,-1.5934856070708228,-2.275560278750207,-0.5866051615952942,1.3185962498817159,1.7069320084504542,3.023433863229777
1.62,-1.5934856070708228,-2.275560278750207,-0.5866051615952942,1.3185962498817159,1.7069320084504542,3.023433863229777
1.622,-1.5934856070708228,-2.275560278750207,-0.5866051615952942,1.3185962498817159,1.7069320084504542,3.023433863229777
1.624,-1.5934856070708228,-2.275560278750207,-0.5866051615952942,1.3185962498817159,1.7069320084504542,3.023433863229777
1.6260000000000001,-1.5934856070708228,-2.275560278750207,-0.5866051615952942,1.3185962498817159,1.7069320084504542,3.023433863229777
1.6280000000000001,-1.5934856070708228,-2.275560278750207,-0.5866051615952942,1.3185962498817159,1.7069320084504542,3.023433863229777
1.6300000000000001,-1.5934856070708228,-2.275560278750207,-0.5866051615952942,1.3185962498817159,1.7069320084504542,3.023433863229777
1.6320000000000001,-1.5934856070708228,-2.275560278750207,-0.5866051615952942,1.3185962498817159,1.7069320084504542,3.023433863229777
1.6340000000000001,-1.5934856070708228,-2.275560278750207,-0.5866051615952942,1.3185962498817159,1.7069320084504542,3.023433863229777
1.6360000000000001,-1.5934856070708228,-2.275560278750207,-0.5866051615952942,1.3185962498817159,1.7069320084504542,3.023433863229777
1.6380000000000001,-1.5934856070708228,-2.275560278750207,-0.5866051615952942,1.3185962498817159,1.7069320084504542,3.023433863229777
1.6400000000000001,-1.5934856070708228,-2.275560278750207,-0.5866051615952942,1.3185962498817159,1.7069320084504542,3.023433863229777
1.6420000000000001,-1.5934856070708228,-2.275560278750207,-0.5866051615952942,1.3185962498817159,1.7069320084504542,3.023433863229777
1.6440000000000001,-1.5934856070708228,-2.275560278750207,-0.5866051615952942,1.3185962498817159,1.7069320084504542,3.023433863229777
1.6460000000000001,-1.5934856070708228,-2.275560278750207,-0.5866051615952942,1.3185962498817159,1.7069320084504542,3.023433863229777
1.6480000000000001,-1.5934856070708228,-2.275560278750207,-0.5866051615952942,1.3185962498817159,1.7069320084504542,3.023433863229777
1.6500000000000001,-1.5934856070708228,-2.275560278750207,-0.5866051615952942,1.3185962498817159,1.7069320084504542,3.023433863229777
1.6520000000000001,-1.5934856070708228,-2.275560278750207,-0.5866051615952942,1.3185962498817159,1.7069320084504542,3.023433863229777
1.6540000000000001,-1.5934856070708228,-2.275560278750207,-0.5866051615952942,1.3185962498817159,1.7069320084504542,3.023433863229777
1.6560000000000001,-1.5934856070708228,-2.275560278750207,-0.5866051615952942,1.3185962498817159,1.7069320084504542,3.023433863229777
1.6580000000000001,-1.5934856070708228,-2.275560278750207,-0.5866051615952942,1.3185962498817159,1.7069320084504542,3.023433863229777
1.6600000000000001,-1.5934856070708228,-2.275560278750207,-0.5866051615952942,1.3185962498817159,1.7069320084504542,3.023433863229777
1.6620000000000001,-1.5934856070708228,-2.275560278750207,-0.5866051615952942,1.3185962498817159,1.7069320084504542,3.023433863229777
1.6640000000000001,-1.5934856070708228,-2.275560278750207,-0.5866051615952942,1.3185962498817159,1.7069320084504542,3.023433863229777
1.666,-1.5934856070708228,-2.275560278750207,-0.5866051615952942,1.3185962498817159,1.7069320084504542,3.023433863229777
1.668,-1.5934856070708228,-2.275560278750207,-0.5866051615952942,1.3185962498817159,1.7069320084504542,3.023433863229777
1.67,-1.5934856070708228,-2.275560278750207,-0.5866051615952942,1.3185962498817159,1.7069320084504542,3.023433863229777
1.672,-1.5934856070708228,-2.275560278750207,-0.5866051615952942,1.3185962498817159,1.7069320084504542,3.023433863229777
1.674,-1.5934856070708228,-2.275560278750207,-0.5866051615952942,1.3185962498817159,1.7069320084504542,3.023433863229777
1.676,-1.5934856070708228,-2.275560278750207,-0.5866051615952942,1.3185962498817159,1.7069320084504542,3.023433863229777
1.678,-1.5934856070708228,-2.275560278750207,-0.5866051615952942,1.3185962498817159,1.7069320084504542,3.023433863229777
1.68,-1.5934856070708228,-2.275560278750207,-0.5866051615952942,1.3185962498817159,1.7069320084504542,3.023433863229777
1.682,-1.5934856070708228,-2.275560278750207,-0.5866051615952942,1.3185962498817159,1.7069320084504542,3.023433863229777
1.684,-1.5934856070708228,-2.275560278750207,-0.5866051615952942,1.3185962498817159,1.7069320084504542,3.023433863229777
1.686,-1.5934856070708228,-2.275560278750207,-0.5866051615952942,1.3185962498817159,1.7069320084504542,3.023433863229777
1.688,-1.5934856070708228,-2.275560278750207,-0.5866051615952942,1.3185962498817159,1.7069320084504542,3.023433863229777
1.69,-1.5934856070708228,-2.275560278750207,-0.5866051615952942,1.3185962498817159,1.7069320084504542,3.023433863229777
1.692,-1.5934856070708228,-2.275560278750207,-0.5866051615952942,1.3185962498817159,1.7069320084504542,3.023433863229777
1.694,-1.5934856070708228,-2.275560278750207,-0.5866051615952942,1.3185962498817159,1.7069320084504542,3.023433863229777
1.696,-1.5934856070708228,-2.275560278750207,-0.5866051615952942,1.3185962498817159,1.7069320084504542,3.023433863229777
1.698,-1.5934856070708228,-2.275560278750207,-0.5866051615952942,1.3185962498817159,1.7069320084504542,3.023433863229777
1.7,-1.5934856070708228,-2.275560278750207,-0.5866051615952942,1.3185962498817159,1.7069320084504542,3.023433863229777
1.702,-1.5934856070708228,-2.275560278750207,-0.5866051615952942,1.3185962498817159,1.7069320084504542,3.023433863229777
1.704,-1.5934856070708228,-2.275560278750207,-0.5866051615952942,1.3185962498817159,1.7069320084504542,3.023433863229777
1.706,-1.5934856070708228,-2.275560278750207,-0.5866051615952942,1.3185962498817159,1.7069320084504542,3.023433863229777
1.708,-1.5934856070708228,-2.275560278750207,-0.5866051615952942,1.3185962498817159,1.7069320084504542,3.023433863229777
1.71,-1.5934856070708228,-2.275560278750207,-0.5866051615952942,1.3185962498817159,1.7069320084504542,3.023433863229777
1.712,-1.5934856070708228,-2.275560278750207,-0.5866051615952942,1.3185962498817159,1.7069320084504542,3.023433863229777
1.714,-1.5934856070708228,-2.275560278750207,-0.5866051615952942,1.3185962498817159,1.7069320084504542,3.023433863229777
1.716,-1.5934856070708228,-2.275560278750207,-0.5866051615952942,1.3185962498817159,1.7069320084504542,3.023433863229777
1.718,-1.5934856070708228,-2.275560278750207,-0.5866051615952942,1.3185962498817159,1.7069320084504542,3.023433863229777
1.72,-1.5934856070708228,-2.275560278750207,-0.5866051615952942,1.3185962498817159,1.7069320084504542,3.023433863229777
1.722,-1.5934856070708228,-2.275560278750207,-0.5866051615952942,1.3185962498817159,1.7069320084504542,3.023433863229777
1.724,-1.5934856070708228,-2.275560278750207,-0.5866051615952942,1.3185962498817159,1.7069320084504542,3.023433863229777
1.726,-1.5934856070708228,-2.275560278750207,-0.5866051615952942,1.3185962498817159,1.7069320084504542,3.023433863229777
1.728,-1.5934856070708228,-2.275560278750207,-0.5866051615952942,1.3185962498817159,1.7069320084504542,3.023433863229777
1.73,-1.5934856070708228,-2.275560278750207,-0.5866051615952942,1.3185962498817159,1.7069320084504542,3.023433863229777
1.732,-1.5934856070708228,-2.275560278750207,-0.5866051615952942,1.3185962498817159,1.7069320084504542,3.023433863229777
1.734,-1.5934856070708228,-2.275560278750207,-0.5866051615952942,1.3185962498817159,1.7069320084504542,3.023433863229777
1.736,-1.5934856070708228,-2.275560278750207,-0.5866051615952942,1.3185962498817159,1.7069320084504542,3.023433863229777
1.738,-1.5934856070708228,-2.275560278750207,-0.5866051615952942,1.3185962498817159,1.7069320084504542,3.023433863229777
1.74,-1.5934856070708228,-2.275560278750207,-0.5866051615952942,1.3185962498817159,1.7069320084504542,3.023433863229777
1.742,-1.5934856070708228,-2.275560278750207,-0.5866051615952942,1.3185962498817159,1.7069320084504542,3.023433863229777
1.744,-1.5934856070708228,-2.275560278750207,-0.5866051615952942,1.3185962498817159,1.7069320084504542,3.023433863229777
1.746,-1.5934856070708228,-2.275560278750207,-0.5866051615952942,1.3185962498817159,1.7069320084504542,3.023433863229777
1.748,-1.5934856070708228,-2.275560278750207,-0.5866051615952942,1.3185962498817159,1.7069320084504542,3.023433863229777
1.75,-1.5934856070708228,-2.275560278750207,-0.5866051615952942,1.3185962498817159,1.7069320084504542,3.023433863229777
1.752,-1.5934856070708228,-2.275560278750207,-0.5866051615952942,1.3185962498817159,1.7069320084504542,3.023433863229777
1.754,-1.5934856070708228,-2.275560278750207,-0.5866051615952942,1.3185962498817159,1.7069320084504542,3.023433863229777
1.756,-1.5934856070708228,-2.275560278750207,-0.5866051615952942,1.3185962498817159,1.7069320084504542,3.023433863229777
1.758,-1.5934856070708228,-2.275560278750207,-0.5866051615952942,1.3185962498817159,1.7069320084504542,3.023433863229777
1.76,-1.5934856070708228,-2.275560278750207,-0.5866051615952942,1.3185962498817159,1.7069320084504542,3.023433863229777
1.762,-1.5934856070708228,-2.275560278750207,-0.5866051615952942,1.3185962498817159,1.7069320084504542,3.023433863229777
1.764,-1.5934856070708228,-2.275560278750207,-0.5866051615952942,1.3185962498817159,1.7069320084504542,3.023433863229777
1.766,-1.5934856070708228,-2.275560278750207,-0.5866051615952942,1.3185962498817159,1.7069320084504542,3.023433863229777
1.768,-1.5934856070708228,-2.275560278750207,-0.5866051615952942,1.3185962498817159,1.7069320084504542,3.023433863229777
1.77,-1.5934856070708228,-2.275560278750207,-0.5866051615952942,1.3185962498817159,1.7069320084504542,3.023433863229777
1.772,-1.5934856070708228,-2.275560278750207,-0.5866051615952942,1.3185962498817159,1.7069320084504542,3.023433863229777
1.774,-1.5934856070708228,-2.275560278750207,-0.5866051615952942,1.3185962498817159,1.7069320084504542,3.023433863229777
1.776,-1.5934856070708228,-2.275560278750207,-0.5866051615952942,1.3185962498817159,1.7069320084504542,3.023433863229777
1.778,-1.5934856070708228,-2.275560278750207,-0.5866051615952942,1.3185962498817159,1.7069320084504542,3.023433863229777
1.78,-1.5934856070708228,-2.275560278750207,-0.5866051615952942,1.3185962498817159,1.7069320084504542,3.023433863229777
1.782,-1.5934856070708228,-2.275560278750207,-0.5866051615952942,1.3185962498817159,1.7069320084504542,3.023433863229777
1.784,-1.5934856070708228,-2.275560278750207,-0.5866051615952942,1.3185962498817159,1.7069320084504542,3.023433863229777
1.786,-1.5934856070708228,-2.275560278750207,-0.5866051615952942,1.3185962498817159,1.7069320084504542,3.023433863229777
1.788,-1.5934856070708228,-2.275560278750207,-0.5866051615952942,1.3185962498817159,1.7069320084504542,3.023433863229777
1.79,-1.5934856070708228,-2.275560278750207,-0.5866051615952942,1.3185962498817159,1.7069320084504542,3.023433863229777
1.792,-1.5934856070708228,-2.275560278750207,-0.5866051615952942,1.3185962498817159,1.7069320084504542,3.023433863229777
1.794,-1.5934856070708228,-2.275560278750207,-0.5866051615952942,1.3185962498817159,1.7069320084504542,3.023433863229777
1.796,-1.5934856070708228,-2.275560278750207,-0.5866051615952942,1.3185962498817159,1.7069320084504542,3.023433863229777
1.798,-1.5934856070708228,-2.275560278750207,-0.5866051615952942,1.3185962498817159,1.7069320084504542,3.023433863229777
