t,tip_x,tip_y,tip_z,target_x,target_y,target_z
0.0,21.214916597879746,-0.26595803692639364,0.006350025397379838,21.0,2.0,2.3
0.002,21.214901541594184,-0.2658267864423687,0.006350008303967614,21.0,2.0,2.3
0.004,21.214884071927848,-0.26569771015137233,0.006350019508505953,21.0,2.0,2.3
0.006,21.214866158552812,-0.265566181709694,0.006350026601895769,21.0,2.0,2.3
0.008,21.214849661328227,-0.2654353155844775,0.006350043185273074,21.0,2.0,2.3
0.01,21.214832685608865,-0.2653067833765931,0.006350046352948386,21.0,2.0,2.3
0.012,21.214815250200193,-0.2651794504002935,0.006350054954399853,21.0,2.0,2.3
0.014,21.214797360506168,-0.2650513760597835,0.006350067980636987,21.0,2.0,2.3
0.016,21.214779004995915,-0.26492283096784863,0.00634998747278615,21.0,2.0,2.3
0.018000000000000002,21.2147602176903,-0.26479678263357853,0.006349978134434326,21.0,2.0,2.3
0.02,21.214741021353696,-0.2646727705956734,0.006349968543254564,21.0,2.0,2.3
0.022,21.21472140153567,-0.2645488431307367,0.006349977008930965,21.0,2.0,2.3
0.024,21.21470138521237,-0.2644275783907364,0.006349946686636171,21.0,2.0,2.3
0.026000000000000002,21.21467908056963,-0.2643080510850402,0.006349938608528827,21.0,2.0,2.3
0.028,21.214658278775552,-0.2641871835661821,0.006349928131931021,21.0,2.0,2.3
0.03,21.21463718676434,-0.26407057171319587,0.0063500085339920605,21.0,2.0,2.3
0.032,21.214617596685372,-0.26395261349618987,0.006350017906472849,21.0,2.0,2.3
0.034,21.21459583538881,-0.2638389317109403,0.006350023075147026,21.0,2.0,2.3
0.036000000000000004,21.21457569452908,-0.2637261344108906,0.006350035813039024,21.0,2.0,2.3
0.038,21.21455332912281,-0.2636155896991187,0.00635004502082637,21.0,2.0,2.3
0.04,21.21453263780253,-0.2635071104547899,0.006350047356912403,21.0,2.0,2.3
0.042,21.21451166663486,-0.26339847826043183,0.006350097938735755,21.0,2.0,2.3
0.044,21.214490654561676,-0.2632956145513594,0.006350069497029195,21.0,2.0,2.3
0.046,21.214469376968523,-0.2631940708896168,0.006350002882380875,21.0,2.0,2.3
0.048,21.214447900413976,-0.26309398008916957,0.006350001376952919,21.0,2.0,2.3
0.05,21.214427971524227,-0.2629903202030721,0.006350013233801841,21.0,2.0,2.3
0.052000000000000005,21.214411732113483,-0.2628858001277785,0.006350019636033166,21.0,2.0,2.3
0.054,21.21439341181784,-0.26278464329308043,0.006350024259333226,21.0,2.0,2.3
0.056,21.214353855757434,-0.2627060838038098,0.006350003422243461,21.0,2.0,2.3
0.058,21.21425097698184,-0.26269722532415873,0.006349910874292403,21.0,2.0,2.3
0.06,21.214083060450903,-0.26276054114757397,0.006349586540456598,21.0,2.0,2.3
0.062,21.213873083041975,-0.2628709070567622,0.006349888867010378,21.0,2.0,2.3
0.064,21.213634352372672,-0.2630145802113424,0.006349685531537741,21.0,2.0,2.3
0.066,21.21337257758788,-0.26318239046566216,0.006350196605389463,21.0,2.0,2.3
0.068,21.213087789938204,-0.26337406840387906,0.006349921782444828,21.0,2.0,2.3
0.07,21.212772503971728,-0.2636009760264499,0.0063498971254675515,21.0,2.0,2.3
0.07200000000000001,21.212348425362872,-0.26393390445488135,0.0063488680199108695,21.0,2.0,2.3
0.074,21.211519846855104,-0.2646250115837726,0.006349886040846975,21.0,2.0,2.3
0.076,21.210476227355677,-0.2658292423257568,0.006348856416272119,21.0,2.0,2.3
0.078,21.209396443167044,-0.2676627839801075,0.006348233756065291,21.0,2.0,2.3
0.08,21.207390059802897,-0.27020343478705056,0.006346001789584122,21.0,2.0,2.3
0.082,21.203495644723645,-0.2722854570994896,0.0064968276688305735,21.0,2.0,2.3
0.084,21.197637088471293,-0.2728319295873327,0.006822023565416696,21.0,2.0,2.3
0.08600000000000001,21.189595810321592,-0.2698579099346971,0.007126205989448126,21.0,2.0,2.3
0.088,21.180651361059013,-0.26122773153339474,0.006424685663453417,21.0,2.0,2.3
0.09,21.171765774771714,-0.24721416848151356,0.006520150125118307,21.0,2.0,2.3
0.092,21.163343027103444,-0.2287622540406205,0.008032245857250576,21.0,2.0,2.3
0.094,21.1558758673286,-0.20704989507238164,0.01200308892430507,21.0,2.0,2.3
0.096,21.149601742176255,-0.1837830339622142,0.01872958377120427,21.0,2.0,2.3
0.098,21.144330659783996,-0.15993988925887906,0.027627015013301233,21.0,2.0,2.3
0.1,21.139873591726356,-0.13598345946866244,0.03848516921078332,21.0,2.0,2.3
0.10200000000000001,21.136088284581312,-0.1119825199783027,0.05164772448668817,21.0,2.0,2.3
0.10400000000000001,21.132856082779792,-0.08780322023876531,0.06728263874373089,21.0,2.0,2.3
0.106,21.130209268379886,-0.06348250921994866,0.08503388952742189,21.0,2.0,2.3
0.108,21.128221885521622,-0.03917708562570499,0.10448276809539457,21.0,2.0,2.3
0.11,21.126961614822424,-0.014955981335339607,0.1251838365319349,21.0,2.0,2.3
0.112,21.126474367289052,0.009124003133109595,0.1468229683412225,21.0,2.0,2.3
0.114,21.126783679139127,0.03297699423914445,0.16911781450104685,21.0,2.0,2.3
0.116,21.12800200841632,0.0564935533469689,0.1917478400034787,21.0,2.0,2.3
0.11800000000000001,21.130445105390056,0.07959208892696214,0.21413456833486322,21.0,2.0,2.3
0.12,21.134033864553626,0.10242766289511086,0.2356418233692309,21.0,2.0,2.3
0.122,21.137136310094174,0.12509051829676174,0.256532503546579,21.0,2.0,2.3
0.124,21.13898945021193,0.14782790764618287,0.27738742527720783,21.0,2.0,2.3
0.126,21.139368837357527,0.17090841634175147,0.29865885256408475,21.0,2.0,2.3
0.128,21.13827019809764,0.19466195126875613,0.32075503978880293,21.0,2.0,2.3
0.13,21.135871138307166,0.21943607437083626,0.3441037069450822,21.0,2.0,2.3
0.132,21.132637536812684,0.24571435198348945,0.36913853605702407,21.0,2.0,2.3
0.134,21.129478836938336,0.2740889505836201,0.39593051098223164,21.0,2.0,2.3
0.136,21.12740880669403,0.3048446431882078,0.42375544284266004,21.0,2.0,2.3
0.138,21.12689297264061,0.33770136776066684,0.45149286600311483,21.0,2.0,2.3
0.14,21.127833703633,0.3720899717546092,0.47831932691505213,21.0,2.0,2.3
0.14200000000000002,21.12993791924151,0.4074777485880887,0.5038732284753581,21.0,2.0,2.3
0.14400000000000002,21.132935286188665,0.44352974179330523,0.5280663199642402,21.0,2.0,2.3
0.146,21.136628647213445,0.4800680705977188,0.5508563299068477,21.0,2.0,2.3
0.148,21.1408415206671,0.5170056275211742,0.5721527328656454,21.0,2.0,2.3
0.15,21.145379415108177,0.5542978774390735,0.5918009132090695,21.0,2.0,2.3
0.152,21.14999435331092,0.5919208660581838,0.6095734258574464,21.0,2.0,2.3
0.154,21.154388278116485,0.6299094156000072,0.6252480892910351,21.0,2.0,2.3
0.156,21.158338114196475,0.6684061818605503,0.6389560177349579,21.0,2.0,2.3
0.158,21.161720433450974,0.707499549778723,0.6511728745189688,21.0,2.0,2.3
0.16,21.164428272960517,0.7471211284430551,0.6623258830833294,21.0,2.0,2.3
0.162,21.16641564745927,0.7871393330210609,0.6727187075951123,21.0,2.0,2.3
0.164,21.167678166495552,0.8274093980557491,0.6825701135086386,21.0,2.0,2.3
0.166,21.168243752361494,0.8677984593496167,0.692046959183085,21.0,2.0,2.3
0.168,21.168167622392115,0.9081996050971544,0.7012842115439606,21.0,2.0,2.3
0.17,21.167522449528477,0.9485388937953092,0.7103961276043156,21.0,2.0,2.3
0.17200000000000001,21.16639724669731,0.9887841947110283,0.7194803803944297,21.0,2.0,2.3
0.17400000000000002,21.164884415688764,1.0289428850442681,0.7286113638392341,21.0,2.0,2.3
0.176,21.16306589196734,1.069051099599243,0.7378319607646971,21.0,2.0,2.3
0.178,21.160998218240476,1.109149300048603,0.7471532027967557,21.0,2.0,2.3
0.18,21.158708593145466,1.149264787873814,0.756565946868563,21.0,2.0,2.3
0.182,21.15532223159074,1.1909645819063233,0.7668352574557661,21.0,2.0,2.3
0.184,21.150271064625933,1.2334035948070037,0.779177120810462,21.0,2.0,2.3
0.186,21.143505512765213,1.27190111997873,0.7890227787336394,21.0,2.0,2.3
0.188,21.133675374050394,1.3069915009047008,0.7904001012138862,21.0,2.0,2.3
0.19,21.123154197642126,1.341625916110225,0.7829772074333163,21.0,2.0,2.3
0.192,21.113098658381464,1.3757839393651412,0.7707086808280321,21.0,2.0,2.3
0.194,21.103679890760976,1.4091226627750975,0.7557159002914249,21.0,2.0,2.3
0.196,21.09489231032659,1.4413825060493786,0.7390298576031921,21.0,2.0,2.3
0.198,21.086677471775822,1.4723889436860171,0.7211157384004003,21.0,2.0,2.3
0.2,21.079001661191445,1.5020049544461342,0.7021959059336941,21.0,2.0,2.3
0.202,21.0719665443615,1.5301421449965609,0.6824811209238518,21.0,2.0,2.3
0.20400000000000001,21.06578688667456,1.5568360587606147,0.6623622843378845,21.0,2.0,2.3
0.20600000000000002,21.06066024608365,1.5822663375160835,0.6424722368423835,21.0,2.0,2.3
0.20800000000000002,21.056631699086793,1.6066873402242778,0.6235625441623465,21.0,2.0,2.3
0.21,21.053572361433165,1.6303106303021333,0.6063305080523291,21.0,2.0,2.3
0.212,21.05123383261269,1.6532212416116512,0.5913485996733157,21.0,2.0,2.3
0.214,21.049276330675763,1.6754260705181938,0.5789101409299641,21.0,2.0,2.3
0.216,21.047410197747634,1.6969668374383053,0.5688398271099026,21.0,2.0,2.3
0.218,21.04548110605434,1.7179041447318162,0.5607634777104151,21.0,2.0,2.3
0.22,21.04325411461508,1.7382980091028513,0.5543629619091008,21.0,2.0,2.3
0.222,21.040531996012334,1.758217082223825,0.5492994280163882,21.0,2.0,2.3
0.224,21.037161635911996,1.7777549805315565,0.5452659916986207,21.0,2.0,2.3
0.226,21.03311395984597,1.7970839512654107,0.5420218018332954,21.0,2.0,2.3
0.228,21.02881354644979,1.8165111845657265,0.53950512829104,21.0,2.0,2.3
0.23,21.02511931574131,1.8362270161264547,0.5379374696175744,21.0,2.0,2.3
0.232,21.022426536490723,1.8559894595644844,0.537509950476019,21.0,2.0,2.3
0.234,21.020726468009258,1.8754357571506572,0.5383920514082224,21.0,2.0,2.3
0.23600000000000002,21.019976374800528,1.894111500098601,0.5407321311143602,21.0,2.0,2.3
0.23800000000000002,21.020180324347745,1.9107696076799596,0.5447796356861596,21.0,2.0,2.3
0.24,21.01940835300945,1.9246336424778976,0.5499256419723869,21.0,2.0,2.3
0.242,21.01744321544419,1.938738239093902,0.5566869545732689,21.0,2.0,2.3
0.244,21.014773212773434,1.9536569694510268,0.5648337307610338,21.0,2.0,2.3
0.246,21.011481733175305,1.9691255529932845,0.5745142022942964,21.0,2.0,2.3
0.248,21.00811124386961,1.9850893894593662,0.5866800173947482,21.0,2.0,2.3
0.25,21.005278549472024,2.0020809624128177,0.6011398414496248,21.0,2.0,2.3
0.252,21.00299746684201,2.020323395278078,0.6177019642305936,21.0,2.0,2.3
0.254,21.00128735724739,2.040390981440918,0.636338199302803,21.0,2.0,2.3
0.256,21.00095764534514,2.0626351790581103,0.6566949809083088,21.0,2.0,2.3
0.258,21.003522825297797,2.0866027496308543,0.6778657945936646,21.0,2.0,2.3
0.26,21.011591639844607,2.1075694051725926,0.6984844808728226,21.0,2.0,2.3
0.262,21.026014799126393,2.118974362672311,0.7213585814406287,21.0,2.0,2.3
0.264,21.043630727685372,2.1219246444128723,0.7502183864244522,21.0,2.0,2.3
0.266,21.05940368451339,2.122382537608579,0.783062182736666,21.0,2.0,2.3
0.268,21.071475970615513,2.12065005679693,0.814802308299442,21.0,2.0,2.3
0.27,21.08032452805672,2.1154427798420454,0.8407264693457216,21.0,2.0,2.3
0.272,21.087867150399852,2.1075022773047265,0.8611877982364297,21.0,2.0,2.3
0.274,21.094771695760695,2.0975977811620083,0.8781620896189641,21.0,2.0,2.3
0.276,21.100840075354363,2.085960939264697,0.8921464297451586,21.0,2.0,2.3
0.278,21.105662723480727,2.073008654253273,0.903108555142925,21.0,2.0,2.3
0.28,21.109222042028055,2.0593171491821085,0.9113855621754333,21.0,2.0,2.3
0.28200000000000003,21.111730243317314,2.045278053005603,0.9174088899910322,21.0,2.0,2.3
0.28400000000000003,21.11342301348158,2.0310938981333044,0.9214924352002991,21.0,2.0,2.3
0.28600000000000003,21.114533891124882,2.016886725678095,0.9239361598667106,21.0,2.0,2.3
0.28800000000000003,21.11523221338727,2.0027599137447085,0.9250314540620151,21.0,2.0,2.3
0.29,21.115668762123132,1.9887805603281397,0.9251397527804239,21.0,2.0,2.3
0.292,21.11597119693627,1.9749591005003169,0.9246553049544093,21.0,2.0,2.3
0.294,21.11620822482638,1.9612803916174044,0.923881026386645,21.0,2.0,2.3
0.296,21.116394987422577,1.9477299464795825,0.9229977285010166,21.0,2.0,2.3
0.298,21.11651221639714,1.9343188796291957,0.922109212083844,21.0,2.0,2.3
0.3,21.116531461343776,1.9210742154176517,0.9212707765535816,21.0,2.0,2.3
0.302,21.116418104066746,1.9080333463927126,0.9205090524309707,21.0,2.0,2.3
0.304,21.116135637177678,1.8952473747476823,0.9198346741906481,21.0,2.0,2.3
0.306,21.115648435012936,1.8827731426118492,0.9192429271400417,21.0,2.0,2.3
0.308,21.114932762957384,1.8706589706246863,0.9187137364684599,21.0,2.0,2.3
0.31,21.113924679560945,1.8590050791467043,0.9182236372553123,21.0,2.0,2.3
0.312,21.112589264396,1.8478537466864595,0.9177283147738144,21.0,2.0,2.3
0.314,21.1109883694158,1.8370864525045043,0.9171774499974068,21.0,2.0,2.3
0.316,21.109171337815965,1.8266080230468889,0.9165444307363243,21.0,2.0,2.3
0.318,21.10718691617378,1.8163389144361948,0.9158192851274176,21.0,2.0,2.3
0.32,21.105077872595704,1.806224611312372,0.9150047753147365,21.0,2.0,2.3
0.322,21.102866457333867,1.7962391586235913,0.914103487718511,21.0,2.0,2.3
0.324,21.100571538459878,1.7863646046417294,0.9131195006583807,21.0,2.0,2.3
0.326,21.098198804386495,1.776594776298958,0.9120541142335329,21.0,2.0,2.3
0.328,21.095752496216296,1.7669251087807516,0.9109094173567742,21.0,2.0,2.3
0.33,21.09323544409129,1.757357434116862,0.9096850567424773,21.0,2.0,2.3
0.332,21.090645379447526,1.747894534427584,0.9083835337042642,21.0,2.0,2.3
0.334,21.087989483166645,1.7385364991181842,0.9070124719802798,21.0,2.0,2.3
0.336,21.085277928559844,1.7292812607671455,0.9055823769206928,21.0,2.0,2.3
0.338,21.082512391035483,1.7201296278488458,0.9041032006381838,21.0,2.0,2.3
0.34,21.079700979373055,1.7110774280566774,0.9025852646975522,21.0,2.0,2.3
0.342,21.076850212105217,1.7021190831530895,0.9010386037674751,21.0,2.0,2.3
0.34400000000000003,21.0739678656463,1.6932484957848681,0.899470672024679,21.0,2.0,2.3
0.34600000000000003,21.071047503674883,1.6844639371874353,0.8978867227122282,21.0,2.0,2.3
0.34800000000000003,21.068083304018465,1.6757662426162967,0.8962926002298143,21.0,2.0,2.3
0.35000000000000003,21.06507016280054,1.6671521779677454,0.8946944494164305,21.0,2.0,2.3
0.352,21.062011529958696,1.6586148211691538,0.8930962788089062,21.0,2.0,2.3
0.354,21.058908424916847,1.6501468121287433,0.8915009708281978,21.0,2.0,2.3
0.356,21.05576787742582,1.6417402176776053,0.8899086372948524,21.0,2.0,2.3
0.358,21.0525951416229,1.6333883010625583,0.8883188495607295,21.0,2.0,2.3
0.36,21.049389795169528,1.6250849022208977,0.8867313570574289,21.0,2.0,2.3
0.362,21.046158072231542,1.616824047488889,0.8851431792129318,21.0,2.0,2.3
0.364,21.04290203378306,1.6086008368701423,0.8835533204394069,21.0,2.0,2.3
0.366,21.039622394342327,1.6004105532954924,0.8819597907434409,21.0,2.0,2.3
0.368,21.036324380951697,1.5922488228693488,0.8803592345481938,21.0,2.0,2.3
0.37,21.03801442850266,1.577961543244794,0.8801469319193069,21.0,2.0,2.3
0.372,21.039784243677204,1.567118859967136,0.8804554796801186,21.0,2.0,2.3
0.374,21.045169277320078,1.5557000935699017,0.8818048817769658,21.0,2.0,2.3
0.376,21.04990055384825,1.5468196661933535,0.8844560874199475,21.0,2.0,2.3
0.378,21.05469538827792,1.5387880768877715,0.8868777351047104,21.0,2.0,2.3
0.38,21.059636411302282,1.5315627040198034,0.8893357823336323,21.0,2.0,2.3
0.382,21.064643310864923,1.5251679554417539,0.8918601885918832,21.0,2.0,2.3
0.384,21.06955780186874,1.5196667471759941,0.8944510378574356,21.0,2.0,2.3
0.386,21.074217110732064,1.5150473914432105,0.8971070650236717,21.0,2.0,2.3
0.388,21.07840508166818,1.5112152639168397,0.899811550127249,21.0,2.0,2.3
0.39,21.081952219075966,1.5080369064069539,0.9025786165889583,21.0,2.0,2.3
0.392,21.084757483619104,1.5053540256222342,0.9054206957913925,21.0,2.0,2.3
0.394,21.086764173844234,1.5029692122928555,0.9083357037979826,21.0,2.0,2.3
0.396,21.087970489034078,1.5006558015097065,0.9113096305561112,21.0,2.0,2.3
0.398,21.088439700524518,1.49818176937047,0.9143169159259649,21.0,2.0,2.3
0.4,21.088298587782813,1.4953467389345336,0.917327266597826,21.0,2.0,2.3
0.402,21.08772030626109,1.4920141985266895,0.92032734000622,21.0,2.0,2.3
0.404,21.086878471841217,1.4881161590156249,0.9233050511294064,21.0,2.0,2.3
0.406,21.085866806188722,1.4836837346277514,0.9262307647318723,21.0,2.0,2.3
0.40800000000000003,21.084351369582738,1.4789550821311461,0.9289199909493909,21.0,2.0,2.3
0.41000000000000003,21.08191576878806,1.47421582030106,0.9309811129779693,21.0,2.0,2.3
0.41200000000000003,21.078188044870334,1.4695422477616447,0.9323504380718894,21.0,2.0,2.3
0.41400000000000003,21.07295230322499,1.4646495824438794,0.9331218961446169,21.0,2.0,2.3
0.41600000000000004,21.066185655868356,1.4589156935805656,0.9333022864905814,21.0,2.0,2.3
0.418,21.058082346680386,1.45142991202025,0.9328266909816086,21.0,2.0,2.3
0.42,21.049349757377946,1.44134781228436,0.9315514839283912,21.0,2.0,2.3
0.422,21.04106446890837,1.428596553315385,0.9292644243506785,21.0,2.0,2.3
0.424,21.033969118525967,1.4138025331112118,0.9258138647500359,21.0,2.0,2.3
0.426,21.02838990780754,1.3976795043324013,0.9212780418245562,21.0,2.0,2.3
0.428,21.024437672868384,1.3807934249714195,0.9160252311708532,21.0,2.0,2.3
0.43,21.022065466229957,1.3635124458190397,0.9106298664254686,21.0,2.0,2.3
0.432,21.021168673689168,1.34601058792466,0.9056693346149736,21.0,2.0,2.3
0.434,21.021575807413072,1.328342824145891,0.9013700431055057,21.0,2.0,2.3
0.436,21.023171419982024,1.31047637204486,0.8976896377820438,21.0,2.0,2.3
0.438,21.02602400346047,1.2922941189346346,0.8945495603937346,21.0,2.0,2.3
0.44,21.03034510742578,1.273597608684473,0.8918549471547862,21.0,2.0,2.3
0.442,21.036364107534865,1.2541526478687395,0.8894672510227603,21.0,2.0,2.3
0.444,21.04419930992909,1.2337717147989253,0.8872141736602511,21.0,2.0,2.3
0.446,21.053858650913718,1.2124224782274386,0.8849768692184982,21.0,2.0,2.3
0.448,21.065318179341787,1.190471720575601,0.8828723219680936,21.0,2.0,2.3
0.45,21.07853122458196,1.1687737386769776,0.8813374104885845,21.0,2.0,2.3
0.452,21.09325747227567,1.1483105514965986,0.8809941444573468,21.0,2.0,2.3
0.454,21.108967799548157,1.129735337331631,0.88239485737273,21.0,2.0,2.3
0.456,21.125060399670406,1.1131902164940612,0.8858127866805712,21.0,2.0,2.3
0.458,21.141135946933403,1.0985020188470334,0.891341065447823,21.0,2.0,2.3
0.46,21.156986478693725,1.0853965844397213,0.8990361923128166,21.0,2.0,2.3
0.462,21.17249897771348,1.0735274479758288,0.9089110263934977,21.0,2.0,2.3
0.464,21.187599948844646,1.0625548228362836,0.9207557469088202,21.0,2.0,2.3
0.466,21.20217469521635,1.0521121168390952,0.9340452814811789,21.0,2.0,2.3
0.468,21.216108138957786,1.0419876318592247,0.9482896165672148,21.0,2.0,2.3
0.47000000000000003,21.229264245538364,1.0321687829523638,0.9632536686934801,21.0,2.0,2.3
0.47200000000000003,21.241503851526854,1.0227350291141366,0.9788579817351765,21.0,2.0,2.3
0.47400000000000003,21.252881692988435,1.0136885580319337,0.9949718899994103,21.0,2.0,2.3
0.47600000000000003,21.263593667582292,1.0049395942665202,1.0114207533345498,21.0,2.0,2.3
0.47800000000000004,21.27379525006452,0.9964086757452753,1.0280758834328936,21.0,2.0,2.3
0.48,21.283564622645194,0.9880607352423822,1.0448594578629613,21.0,2.0,2.3
0.482,21.29292548927006,0.9798992593046653,1.0617210047786731,21.0,2.0,2.3
0.484,21.301843362503,0.9719687677376915,1.078622975995631,21.0,2.0,2.3
0.486,21.310236292250778,0.9643442495299712,1.0955288794425835,21.0,2.0,2.3
0.488,21.31808333527928,0.95705270415886,1.112402257193221,21.0,2.0,2.3
0.49,21.325470486426465,0.9500437414957941,1.1292332095391988,21.0,2.0,2.3
0.492,21.33246570496164,0.9432685568216215,1.1460364164642933,21.0,2.0,2.3
0.494,21.339085569728457,0.9367088503468732,1.1628375395604629,21.0,2.0,2.3
0.496,21.345311613250775,0.9303660613418762,1.1796682804662728,21.0,2.0,2.3
0.498,21.351110962935564,0.9242527519607497,1.196564881331116,21.0,2.0,2.3
0.5,21.356426121062192,0.9183928941048529,1.2135723842479211,21.0,2.0,2.3
0.502,21.361183570127533,0.9128162343220998,1.2307463603806412,21.0,2.0,2.3
0.504,21.3653122037111,0.9075382926116069,1.2481460061320406,21.0,2.0,2.3
0.506,21.36882304322072,0.9025212465252432,1.2657962667592262,21.0,2.0,2.3
0.508,21.37185940702596,0.8976669840778148,1.2836537370643792,21.0,2.0,2.3
0.51,21.374611540116653,0.8928675402969779,1.3016334000918282,21.0,2.0,2.3
0.512,21.377217575754035,0.8880560526463153,1.3196612836475212,21.0,2.0,2.3
0.514,21.379773494732163,0.8831965020082426,1.3376732074864577,21.0,2.0,2.3
0.516,21.382338585218637,0.8782752735109861,1.355609971022268,21.0,2.0,2.3
0.518,21.384951749519775,0.8732973471936043,1.373408324678975,21.0,2.0,2.3
0.52,21.387642396385647,0.8682794331021855,1.390992395812422,21.0,2.0,2.3
0.522,21.390420218063454,0.8632573433693472,1.4082664949709134,21.0,2.0,2.3
0.524,21.393268773241047,0.8582933416323112,1.4251044806333963,21.0,2.0,2.3
0.526,21.39614299411077,0.8534870418767357,1.4413473921002757,21.0,2.0,2.3
0.528,21.398937610689476,0.8489828903360164,1.4568186042925642,21.0,2.0,2.3
0.53,21.40151223964847,0.8449420761377916,1.471394571452068,21.0,2.0,2.3
0.532,21.4037892235186,0.8414187766709025,1.4851346588739203,21.0,2.0,2.3
0.534,21.405755290626583,0.8383747330352598,1.4982005589025205,21.0,2.0,2.3
0.536,21.40738683986764,0.8357830955455496,1.5107206276173224,21.0,2.0,2.3
0.538,21.408611853468148,0.8336720316026698,1.5227566546799476,21.0,2.0,2.3
0.54,21.40933800306244,0.8320754769821241,1.5343267095992728,21.0,2.0,2.3
0.542,21.409165609282862,0.8312400434974696,1.5451782998397579,21.0,2.0,2.3
0.544,21.4072489191592,0.8315123232192104,1.5545198036638535,21.0,2.0,2.3
0.546,21.40326724763725,0.8326783409893005,1.5615283293269069,21.0,2.0,2.3
0.548,21.398538695841708,0.8340782582389661,1.5670308100640549,21.0,2.0,2.3
0.55,21.39365890778518,0.8355921376248925,1.5715658596982982,21.0,2.0,2.3
0.552,21.388828135365024,0.8372242451912602,1.5753788746679602,21.0,2.0,2.3
0.554,21.38413157061617,0.8389796411356508,1.5786167593978397,21.0,2.0,2.3
0.556,21.379607232757962,0.8408558233039515,1.581391727074638,21.0,2.0,2.3
0.558,21.375261197445532,0.8428513639456784,1.583804989787834,21.0,2.0,2.3
0.56,21.371081010954537,0.8449745802428951,1.5859567376767034,21.0,2.0,2.3
0.562,21.36702591302876,0.8472413972372842,1.5879427697552386,21.0,2.0,2.3
0.5640000000000001,21.36305278424664,0.849653081298721,1.5898402452445748,21.0,2.0,2.3
0.5660000000000001,21.359130899537313,0.8521832304007094,1.5916891241628237,21.0,2.0,2.3
0.5680000000000001,21.355242868546803,0.8547939896652033,1.5935005048159363,21.0,2.0,2.3
0.5700000000000001,21.351383342918908,0.8574517302738959,1.5952739261204647,21.0,2.0,2.3
0.5720000000000001,21.347547956934545,0.860131699629215,1.5970051983897702,21.0,2.0,2.3
0.5740000000000001,21.343730597231193,0.8628164583105221,1.5986910164398638,21.0,2.0,2.3
0.5760000000000001,21.339932621334587,0.8654938675473994,1.6003290512315902,21.0,2.0,2.3
0.578,21.33614832753791,0.8681564219947483,1.6019169438190966,21.0,2.0,2.3
0.58,21.332377576066847,0.8707996652806539,1.6034537851112702,21.0,2.0,2.3
0.582,21.328616544541322,0.8734226422036199,1.6049399980605736,21.0,2.0,2.3
0.584,21.32486012189631,0.8760294474619312,1.6063791007272616,21.0,2.0,2.3
0.586,21.32109939759204,0.8786295225293625,1.6077799874394443,21.0,2.0,2.3
0.588,21.317321302122654,0.8812385941581112,1.6091592119427698,21.0,2.0,2.3
0.59,21.313502415166777,0.8838774629777442,1.6105412524238905,21.0,2.0,2.3
0.592,21.30961967167775,0.8865669304674235,1.611954059803469,21.0,2.0,2.3
0.594,21.305650296129148,0.8893253967034722,1.6134217426372828,21.0,2.0,2.3
0.596,21.301582994138855,0.8921673792642527,1.614960841745283,21.0,2.0,2.3
0.598,21.297413837255526,0.8951064158465067,1.6165804312806498,21.0,2.0,2.3
0.6,21.293144783640336,0.8981605703770226,1.6182868653044595,21.0,2.0,2.3
0.602,21.288779051269753,0.901357802428264,1.620086062910454,21.0,2.0,2.3
0.604,21.28432172637713,0.9047465959945566,1.6219827656300814,21.0,2.0,2.3
0.606,21.279776573599563,0.9084107815296908,1.6239696591711057,21.0,2.0,2.3
0.608,21.27515985047979,0.9124918145890357,1.6259988698787926,21.0,2.0,2.3
0.61,21.27050990067693,0.9171991528567411,1.6279374591585751,21.0,2.0,2.3
0.612,21.265886869121196,0.9227601231571785,1.6295679397160396,21.0,2.0,2.3
0.614,21.261336136091273,0.9293178869272154,1.6306874099007884,21.0,2.0,2.3
0.616,21.256872405156308,0.9368918477390045,1.6311936005380783,21.0,2.0,2.3
0.618,21.25251342207012,0.9454328794489801,1.6310550946276934,21.0,2.0,2.3
0.62,21.24833826360387,0.9548679391179047,1.6302333304562975,21.0,2.0,2.3
0.622,21.244529464302463,0.9650523207596682,1.6286348345761952,21.0,2.0,2.3
0.624,21.24130164609442,0.9756167087694958,1.6261303368921785,21.0,2.0,2.3
0.626,21.23856834752605,0.9858226104048425,1.6227838816744404,21.0,2.0,2.3
0.628,21.235473909635108,0.9949672642106945,1.6198891398682003,21.0,2.0,2.3
0.63,21.231749867558914,1.003026545658201,1.618388581705654,21.0,2.0,2.3
0.632,21.22749493031747,1.0102744822239071,1.6187494352335008,21.0,2.0,2.3
0.634,21.222914067155713,1.016997938903734,1.6211075638994512,21.0,2.0,2.3
0.636,21.21822006242672,1.0234157655406324,1.6254124983945921,21.0,2.0,2.3
0.638,21.21362044500301,1.029673940676213,1.6315356549625173,21.0,2.0,2.3
0.64,21.209314450312014,1.0358649511680267,1.6393270213202489,21.0,2.0,2.3
0.642,21.205496481447227,1.0420535290158308,1.6486281514186512,21.0,2.0,2.3
0.644,21.2023479670241,1.048289222584545,1.6592576912447705,21.0,2.0,2.3
0.646,21.200018158823255,1.0546609053643141,1.670934189646688,21.0,2.0,2.3
0.648,21.198543439535097,1.0612437247196458,1.6833167864213359,21.0,2.0,2.3
0.65,21.197848287817514,1.0680887373486376,1.696087798338904,21.0,2.0,2.3
0.652,21.19779332972948,1.0752215180175404,1.708998325667583,21.0,2.0,2.3
0.654,21.19821730980587,1.0826452870288101,1.721874534255515,21.0,2.0,2.3
0.656,21.19896892003433,1.0903428685070338,1.7346039879584974,21.0,2.0,2.3
0.658,21.19992090410106,1.0982787414976556,1.7471144533623044,21.0,2.0,2.3
0.66,21.200971338038396,1.1064012948914743,1.7593645604984631,21.0,2.0,2.3
0.662,21.202044959121903,1.1146495686930493,1.7713364229990092,21.0,2.0,2.3
0.664,21.203092544838828,1.1229617610673803,1.7830305417722736,21.0,2.0,2.3
0.666,21.20408437307394,1.131282953020362,1.794457972805593,21.0,2.0,2.3
0.668,21.2050018263693,1.1395642739420642,1.8056330377960481,21.0,2.0,2.3
0.67,21.2058363397002,1.1477635717831076,1.816571312823787,21.0,2.0,2.3
0.672,21.20658816161561,1.1558490318002086,1.8272898961592512,21.0,2.0,2.3
0.674,21.207258781833076,1.1637989318022675,1.8378058220926174,21.0,2.0,2.3
0.676,21.20785522879548,1.1715975824075455,1.8481338351199152,21.0,2.0,2.3
0.678,21.208386407939777,1.179239085935313,1.8582884224232743,21.0,2.0,2.3
0.68,21.208860703321005,1.1867214872245702,1.8682812451141868,21.0,2.0,2.3
0.682,21.209286355194426,1.1940474257644706,1.8781223617991463,21.0,2.0,2.3
0.684,21.209674684542673,1.2012204024054824,1.8878191105643478,21.0,2.0,2.3
0.686,21.21003349331151,1.2082471646585924,1.8973780382368395,21.0,2.0,2.3
0.6880000000000001,21.210370550664535,1.215133381992569,1.9068030424262716,21.0,2.0,2.3
0.6900000000000001,21.21069301956783,1.2218863389008678,1.9160971966863671,21.0,2.0,2.3
0.6920000000000001,21.211008111641526,1.228512550607397,1.9252618197480205,21.0,2.0,2.3
0.6940000000000001,21.21132059389688,1.2350192759125744,1.9342978165238867,21.0,2.0,2.3
0.6960000000000001,21.21163538582958,1.2414136471914645,1.943205089331278,21.0,2.0,2.3
0.6980000000000001,21.211953139843402,1.2477037011669556,1.951983805367317,21.0,2.0,2.3
0.7000000000000001,21.21227900572218,1.2538980225260437,1.9606335659379894,21.0,2.0,2.3
0.7020000000000001,21.21261165438516,1.260006558988356,1.9691554490812695,21.0,2.0,2.3
0.7040000000000001,21.212951884007627,1.266039506823701,1.9775510667795921,21.0,2.0,2.3
0.7060000000000001,21.213296001496953,1.2720088413921384,1.9858240445709519,21.0,2.0,2.3
0.7080000000000001,21.213641875499384,1.2779274175586424,1.993979642286083,21.0,2.0,2.3
0.7100000000000001,21.213983885809036,1.283808060103636,2.002024970577163,21.0,2.0,2.3
0.7120000000000001,21.21431986874156,1.289663428260482,2.009968435454869,21.0,2.0,2.3
0.7140000000000001,21.214641284971314,1.2955052540097634,2.0178193870383865,21.0,2.0,2.3
0.7160000000000001,21.21494584976633,1.3013442303423124,2.0255878282963473,21.0,2.0,2.3
0.7180000000000001,21.215227299089186,1.3071875237855992,2.033282376971305,21.0,2.0,2.3
0.7200000000000001,21.21548219135969,1.3130410198006643,2.0409106585270655,21.0,2.0,2.3
0.7220000000000001,21.21653390694035,1.3185761484091443,2.0475619776244613,21.0,2.0,2.3
0.7240000000000001,21.218268642149148,1.3240544120011024,2.0534755868616794,21.0,2.0,2.3
0.7260000000000001,21.220502734347097,1.329748350314976,2.0590114092145178,21.0,2.0,2.3
0.7280000000000001,21.22293270018023,1.3357031586010484,2.0644961101820605,21.0,2.0,2.3
0.7300000000000001,21.22562149103189,1.3415750154363173,2.06987146642854,21.0,2.0,2.3
0.7320000000000001,21.228373271298587,1.3471814397584247,2.0750353957804926,21.0,2.0,2.3
0.7340000000000001,21.231007293677447,1.3528648445868383,2.080139019515294,21.0,2.0,2.3
0.7360000000000001,21.23352509766385,1.3586138708547073,2.085188671438248,21.0,2.0,2.3
0.7380000000000001,21.23592740494048,1.3644176085993496,2.0901889626476295,21.0,2.0,2.3
0.7400000000000001,21.238218501049236,1.3702676964453238,2.0951433868956393,21.0,2.0,2.3
0.7420000000000001,21.240398946349067,1.376155366234407,2.100054480051478,21.0,2.0,2.3
0.7440000000000001,21.242473959649352,1.3820733615464582,2.1049235853488932,21.0,2.0,2.3
0.7460000000000001,21.244446855002657,1.3880152762537443,2.109752029529048,21.0,2.0,2.3
0.7480000000000001,21.246322987142324,1.3939755653632537,2.11454023498488,21.0,2.0,2.3
0.7500000000000001,21.24810346882057,1.3999478881440284,2.1192881962661843,21.0,2.0,2.3
0.7520000000000001,21.249793520736088,1.405927805161528,2.1239963167714535,21.0,2.0,2.3
0.7540000000000001,21.25139638166407,1.4119112887374798,2.1286642945073364,21.0,2.0,2.3
0.7560000000000001,21.25291496071178,1.417893794456118,2.133291827537592,21.0,2.0,2.3
0.7580000000000001,21.254352096711557,1.4238710815377498,2.137878583924809,21.0,2.0,2.3
0.7600000000000001,21.255710635246587,1.4298398477609888,2.1424240144401487,21.0,2.0,2.3
0.7620000000000001,21.256993163035894,1.4357962369450963,2.146927772902193,21.0,2.0,2.3
0.7640000000000001,21.258204158450933,1.441737311933244,2.1513893789483856,21.0,2.0,2.3
0.7660000000000001,21.259346259555002,1.4476589752935671,2.155808808098154,21.0,2.0,2.3
0.7680000000000001,21.2604200690751,1.4535585998504028,2.1601857284091377,21.0,2.0,2.3
0.7700000000000001,21.261431727154292,1.4594339773697778,2.164519419751983,21.0,2.0,2.3
0.7720000000000001,21.262380133439887,1.465281441448647,2.168810348671121,21.0,2.0,2.3
0.7740000000000001,21.263271559998,1.4710988664755935,2.1730583302668665,21.0,2.0,2.3
0.7760000000000001,21.26410488876362,1.4768834227100323,2.177263330173122,21.0,2.0,2.3
0.7780000000000001,21.26488632854347,1.4826334380083273,2.1814250413031377,21.0,2.0,2.3
0.7800000000000001,21.265616869297606,1.4883465196792303,2.1855441595542757,21.0,2.0,2.3
0.7820000000000001,21.26629896759597,1.4940210910592313,2.1896203995117314,21.0,2.0,2.3
0.7840000000000001,21.2669355466857,1.4996553111813327,2.1936546513964297,21.0,2.0,2.3
0.7860000000000001,21.26752923521342,1.5052480654140699,2.1976469912830363,21.0,2.0,2.3
0.7880000000000001,21.268081135517136,1.5107979728030299,2.2015980988509796,21.0,2.0,2.3
0.7900000000000001,21.26859759839797,1.5163042607307067,2.205508405366031,21.0,2.0,2.3
0.7920000000000001,21.26907789132735,1.5217661828108773,2.209378521951972,21.0,2.0,2.3
0.7940000000000002,21.26952480379846,1.5271831255122819,2.213209339079603,21.0,2.0,2.3
0.7960000000000002,21.269941209762255,1.5325546287523748,2.217001067556826,21.0,2.0,2.3
0.7980000000000002,21.27032985868216,1.5378803461500012,2.2207545353470572,21.0,2.0,2.3
0.8000000000000002,21.27069349544189,1.5431600190693413,2.224470038884105,21.0,2.0,2.3
0.8020000000000002,21.271031109664698,1.548394266956303,2.228148859831883,21.0,2.0,2.3
0.8040000000000002,21.271347037747656,1.5535829185992935,2.231791141094977,21.0,2.0,2.3
0.8060000000000002,21.27164376694066,1.5587264104406824,2.235397170132862,21.0,2.0,2.3
0.8080000000000002,21.27192000096955,1.563825715417314,2.2389685024513426,21.0,2.0,2.3
0.8100000000000002,21.272179771017605,1.5688803615039337,2.2425041983399345,21.0,2.0,2.3
0.8120000000000002,21.272423423058434,1.5738916508536664,2.246005768261906,21.0,2.0,2.3
0.8140000000000002,21.27265295293713,1.57885973253825,2.2494728138224125,21.0,2.0,2.3
0.8160000000000002,21.272868437069107,1.583785719438172,2.252906434698547,21.0,2.0,2.3
0.8180000000000002,21.27307166463519,1.5886693733310866,2.2563061393864876,21.0,2.0,2.3
0.8200000000000002,21.27326263003357,1.593511528398568,2.25967234061734,21.0,2.0,2.3
0.8220000000000002,21.273441152885006,1.5983129339369535,2.263005416986881,21.0,2.0,2.3
0.8240000000000002,21.273610839015078,1.6030740300347779,2.266305623057676,21.0,2.0,2.3
0.8260000000000002,21.273769660371435,1.6077954661747322,2.269573171842839,21.0,2.0,2.3
0.8280000000000002,21.27391934272851,1.61247802756657,2.272808517386348,21.0,2.0,2.3
0.8300000000000002,21.274057931015754,1.617122108466387,2.276011701668278,21.0,2.0,2.3
0.8320000000000002,21.27418730992135,1.6217290125109642,2.279183649540499,21.0,2.0,2.3
0.8340000000000002,21.27430567512431,1.6262996108707886,2.2823245255514033,21.0,2.0,2.3
0.8360000000000002,21.27441336588974,1.6308356964096682,2.2854348578568575,21.0,2.0,2.3
0.8380000000000002,21.274509048182487,1.6353395581696728,2.2885149433186407,21.0,2.0,2.3
0.8400000000000002,21.274587863012613,1.6398151764430187,2.2915659903896635,21.0,2.0,2.3
0.8420000000000002,21.27465430664028,1.6442655073661685,2.2945870711060805,21.0,2.0,2.3
0.8440000000000002,21.274704175219355,1.6486962261996285,2.297580137017161,21.0,2.0,2.3
0.8460000000000002,21.27473529643846,1.653113184623504,2.300546347378588,21.0,2.0,2.3
0.8480000000000002,21.27474482930029,1.6575242997512085,2.303488950233263,21.0,2.0,2.3
0.8500000000000002,21.274725629180445,1.6619393878791093,2.3064127400904475,21.0,2.0,2.3
0.8520000000000002,21.27467299269579,1.6663695502332978,2.309324701558986,21.0,2.0,2.3
0.8540000000000002,21.274578668301956,1.6708255354995758,2.3122337020509813,21.0,2.0,2.3
0.8560000000000002,21.274434305779238,1.675314775538022,2.315151539208836,21.0,2.0,2.3
0.8580000000000002,21.274239607313685,1.6798326051309203,2.3180850455657565,21.0,2.0,2.3
0.8600000000000002,21.273999412418302,1.6843543749902248,2.321024971281441,21.0,2.0,2.3
0.8620000000000002,21.273731673854815,1.688818363830855,2.3239063654035017,21.0,2.0,2.3
0.8640000000000002,21.27345888296089,1.6930905017225484,2.3265187614734653,21.0,2.0,2.3
0.8660000000000002,21.273165248759017,1.696839657612303,2.3283481180632446,21.0,2.0,2.3
0.8680000000000002,21.272710669245296,1.6994505417286763,2.3288271967401566,21.0,2.0,2.3
0.8700000000000002,21.271901696250904,1.7006286084568267,2.328308850447338,21.0,2.0,2.3
0.8720000000000002,21.27093488263755,1.7005931510990826,2.3272808916904575,21.0,2.0,2.3
0.8740000000000002,21.26984394250248,1.6995384693807956,2.326013577744817,21.0,2.0,2.3
0.8760000000000002,21.268485564538498,1.6976030642789655,2.32468755686789,21.0,2.0,2.3
0.8780000000000002,21.26671574249832,1.6949302897538603,2.3234206260788537,21.0,2.0,2.3
0.8800000000000002,21.264420611980043,1.691676248336121,2.322300358474246,21.0,2.0,2.3
0.8820000000000002,21.261538383896678,1.6880051737454427,2.321392844049401,21.0,2.0,2.3
0.8840000000000002,21.25804575546352,1.684075804499146,2.3207490180942036,21.0,2.0,2.3
0.8860000000000002,21.253958256750312,1.680033327835953,2.3204072802228155,21.0,2.0,2.3
0.8880000000000002,21.249319340693074,1.6760029949374575,2.32039780091915,21.0,2.0,2.3
0.8900000000000002,21.24419085689597,1.6720889159210952,2.320742960761885,21.0,2.0,2.3
0.8920000000000002,21.23865209420958,1.6683726121821136,2.321458569514894,21.0,2.0,2.3
0.8940000000000002,21.232790063379813,1.6649139687205334,2.3225531503826806,21.0,2.0,2.3
0.8960000000000002,21.2266979129231,1.661751058957495,2.324027964024864,21.0,2.0,2.3
0.8980000000000002,21.220469308539123,1.6589011839136245,2.3258755938635587,21.0,2.0,2.3
0.9000000000000002,21.214194992499667,1.65636549657725,2.328081354265523,21.0,2.0,2.3
0.9020000000000002,21.20795521967589,1.6541275759139047,2.330621617384962,21.0,2.0,2.3
0.9040000000000002,21.2018242941128,1.652157554078086,2.3334654272755184,21.0,2.0,2.3
0.9060000000000002,21.195859334706945,1.6504142418680048,2.3365728080817973,21.0,2.0,2.3
0.9080000000000003,21.190101549278555,1.6488468004625363,2.339898287955607,21.0,2.0,2.3
0.9100000000000003,21.18662817234509,1.6479407793157403,2.342395535796946,21.0,2.0,2.3
0.9120000000000003,21.18450432462605,1.6471015407803384,2.3442607874842376,21.0,2.0,2.3
0.9140000000000003,21.18253895345589,1.6458805278093775,2.3459712159508417,21.0,2.0,2.3
0.9160000000000003,21.18064317665763,1.6442171467907465,2.3475088497584204,21.0,2.0,2.3
0.9180000000000003,21.178716452392294,1.642074657529548,2.348871337629903,21.0,2.0,2.3
0.9200000000000003,21.176668484068948,1.6394514953691284,2.350086961917495,21.0,2.0,2.3
0.9220000000000003,21.17444590048361,1.6363762103672121,2.351219353261664,21.0,2.0,2.3
0.9240000000000003,21.17201849740801,1.6328871666313571,2.352342992075306,21.0,2.0,2.3
0.9260000000000003,21.169347451446512,1.6290269061066847,2.353517697822877,21.0,2.0,2.3
0.9280000000000003,21.166372966958033,1.6248536459024743,2.354784886907208,21.0,2.0,2.3
0.9300000000000003,21.163018400547536,1.620454221479127,2.3561682016150147,21.0,2.0,2.3
0.9320000000000003,21.159201730022055,1.6159573742280646,2.357675260287332,21.0,2.0,2.3
0.9340000000000003,21.154835912287737,1.6115437540860484,2.3592906803909206,21.0,2.0,2.3
0.9360000000000003,21.149842876583524,1.6074592078341499,2.3609565980586367,21.0,2.0,2.3
0.9380000000000003,21.144170161776334,1.6040240458063282,2.3625326084892997,21.0,2.0,2.3
0.9400000000000003,21.137841047056664,1.6015861865400418,2.363750601264633,21.0,2.0,2.3
0.9420000000000003,21.131021110452124,1.6003617566504782,2.364256196073263,21.0,2.0,2.3
0.9440000000000003,21.123991004806676,1.600276679630426,2.363813320593002,21.0,2.0,2.3
0.9460000000000003,21.116995241468327,1.6010556658080417,2.3624366599471878,21.0,2.0,2.3
0.9480000000000003,21.110170650890854,1.602425594016681,2.3602845014914497,21.0,2.0,2.3
0.9500000000000003,21.1035819502632,1.6041898007231439,2.3575290135391587,21.0,2.0,2.3
0.9520000000000003,21.09726170475758,1.6062155186366234,2.3543107499183558,21.0,2.0,2.3
0.9540000000000003,21.09123176639352,1.6084037775701467,2.3507399045855584,21.0,2.0,2.3
0.9560000000000003,21.085511345469264,1.6106748159232698,2.346905653741227,21.0,2.0,2.3
0.9580000000000003,21.080097916877595,1.612967197187788,2.342880091477053,21.0,2.0,2.3
0.9600000000000003,21.074958453419335,1.6152499032628538,2.3387130018887063,21.0,2.0,2.3
0.9620000000000003,21.070027356574645,1.6175264487387588,2.3344298131181502,21.0,2.0,2.3
0.9640000000000003,21.065240383869558,1.6198137629764513,2.330039846051331,21.0,2.0,2.3
0.9660000000000003,21.06055754956122,1.6221283656510044,2.3255458655776495,21.0,2.0,2.3
0.9680000000000003,21.05595369131002,1.6244789905396597,2.3209497471835343,21.0,2.0,2.3
0.9700000000000003,21.05141815833853,1.6268678642872416,2.316253406406404,21.0,2.0,2.3
0.9720000000000003,21.04694347281688,1.6292953293528578,2.3114582407105395,21.0,2.0,2.3
0.9740000000000003,21.042529651290582,1.6317572340836894,2.306566067512161,21.0,2.0,2.3
0.9760000000000003,21.038177546705494,1.6342440218063181,2.3015819081757822,21.0,2.0,2.3
0.9780000000000003,21.03388541846049,1.636750894598284,2.296505901094262,21.0,2.0,2.3
0.9800000000000003,21.029652739443662,1.6392696467017283,2.2913402532789586,21.0,2.0,2.3
0.9820000000000003,21.025479773501072,1.6417929289260988,2.286085224759128,21.0,2.0,2.3
0.9840000000000003,21.021365641274603,1.644315132939351,2.280739806501967,21.0,2.0,2.3
0.9860000000000003,21.01730926779004,1.6468314778882895,2.2753010961868134,21.0,2.0,2.3
0.9880000000000003,21.013309315147065,1.6493355054034549,2.269765915278681,21.0,2.0,2.3
0.9900000000000003,21.0093663180824,1.6518232853272365,2.2641282005621903,21.0,2.0,2.3
0.9920000000000003,21.00548188967471,1.6542889738106243,2.258380950987487,21.0,2.0,2.3
0.9940000000000003,21.001659200325694,1.6567264998480327,2.2525154276511046,21.0,2.0,2.3
0.9960000000000003,20.99790338547165,1.6591285570088732,2.246522088680445,21.0,2.0,2.3
0.9980000000000003,20.994220921034362,1.6614861621116745,2.240390191650224,21.0,2.0,2.3
1.0000000000000002,20.990621597445156,1.6637879972664091,2.234109487474293,21.0,2.0,2.3
1.0020000000000002,20.987116910063023,1.6660206464062743,2.22767064389859,21.0,2.0,2.3
1.0040000000000002,20.983717705597428,1.6681695243204508,2.2210675056034903,21.0,2.0,2.3
1.0060000000000002,20.980437288431087,1.6702179474591845,2.2142966827253447,21.0,2.0,2.3
1.0080000000000002,20.977283138618645,1.6721502229033163,2.2073609132635266,21.0,2.0,2.3
1.0100000000000002,20.974265693869388,1.6739495546433794,2.2002651517763234,21.0,2.0,2.3
1.0120000000000002,20.97138388559329,1.6756043488941879,2.193021385817042,21.0,2.0,2.3
1.0140000000000002,20.968637426192217,1.6771034743064723,2.1856426845438226,21.0,2.0,2.3
1.0160000000000002,20.966016680591363,1.678441514259101,2.1781448275278716,21.0,2.0,2.3
1.0180000000000002,20.963514592544804,1.6796139448985035,2.1705428101575075,21.0,2.0,2.3
1.0200000000000002,20.961113253750835,1.6806217900625897,2.1628522463840856,21.0,2.0,2.3
1.0220000000000002,20.958801336028472,1.6814664714431238,2.155085486877577,21.0,2.0,2.3
1.0240000000000002,20.956561083440167,1.682152990630835,2.1472551605050665,21.0,2.0,2.3
1.0260000000000002,20.954375379741528,1.6826862496122075,2.139371077440387,21.0,2.0,2.3
1.0280000000000002,20.952231042186668,1.6830724626807603,2.131441094672182,21.0,2.0,2.3
1.0300000000000002,20.950112190223425,1.6833194227259025,2.123472787334944,21.0,2.0,2.3
1.0320000000000003,20.948003190987126,1.6834342550389312,2.1154718769854934,21.0,2.0,2.3
1.0340000000000003,20.945894644979386,1.6834248648619834,2.107442877677912,21.0,2.0,2.3
1.0360000000000003,20.943770801571933,1.6833000201846453,2.099390088161891,21.0,2.0,2.3
1.0380000000000003,20.941624118447333,1.683067759376936,2.0913169037019683,21.0,2.0,2.3
1.0400000000000003,20.939442016962467,1.6827366751961061,2.083226339313556,21.0,2.0,2.3
1.0420000000000003,20.937216440002892,1.6823151872683293,2.0751209306920826,21.0,2.0,2.3
1.0440000000000003,20.934938137267824,1.681812276123476,2.067003133413144,21.0,2.0,2.3
1.0460000000000003,20.932600337703487,1.6812366523842635,2.0588751031196146,21.0,2.0,2.3
1.0480000000000003,20.9301967836119,1.6805975061702132,2.0507388944205753,21.0,2.0,2.3
1.0500000000000003,20.927719971266168,1.6799037949631561,2.0425968746668213,21.0,2.0,2.3
1.0520000000000003,20.92516290972124,1.6791647680015425,2.034451102266701,21.0,2.0,2.3
1.0540000000000003,20.922525040181842,1.6783900494260635,2.0263046505270617,21.0,2.0,2.3
1.0560000000000003,20.919796523042898,1.6775887383561077,2.018159324743287,21.0,2.0,2.3
1.0580000000000003,20.916978458602486,1.676770810907526,2.010019424687281,21.0,2.0,2.3
1.0600000000000003,20.914064540447534,1.675945848073959,2.001887253623713,21.0,2.0,2.3
1.0620000000000003,20.911055739252706,1.6751236884283962,1.9937677799782716,21.0,2.0,2.3
1.0640000000000003,20.90794994397953,1.67431409903547,1.985664544791212,21.0,2.0,2.3
1.0660000000000003,20.90474812153703,1.6735263697566938,1.9775815975588789,21.0,2.0,2.3
1.0680000000000003,20.901452979996698,1.67277062792257,1.9695243942998883,21.0,2.0,2.3
1.0700000000000003,20.898065343456558,1.6720555897145344,1.9614960616907189,21.0,2.0,2.3
1.0720000000000003,20.894589682870404,1.6713900082731845,1.9535006406675821,21.0,2.0,2.3
1.0740000000000003,20.891031211799454,1.670782234697699,1.9455415116744512,21.0,2.0,2.3
1.0760000000000003,20.887394049615782,1.670239972390191,1.9376217959862558,21.0,2.0,2.3
1.0780000000000003,20.883682669021752,1.6697696912191506,1.929743027823107,21.0,2.0,2.3
1.0800000000000003,20.879905252128587,1.6693777474408897,1.9219075705348219,21.0,2.0,2.3
1.0820000000000003,20.876067112940483,1.6690689413316067,1.9141158261056055,21.0,2.0,2.3
1.0840000000000003,20.872178123907972,1.668847237159896,1.9063682220077405,21.0,2.0,2.3
1.0860000000000003,20.868244872843924,1.6687152912329422,1.8986642408110967,21.0,2.0,2.3
1.0880000000000003,20.864276801191497,1.668674419034174,1.8910024100903247,21.0,2.0,2.3
1.0900000000000003,20.86028086409662,1.6687247618697405,1.883380811215286,21.0,2.0,2.3
1.0920000000000003,20.85626931621195,1.6688656704352245,1.8757971279056544,21.0,2.0,2.3
1.0940000000000003,20.852248526442306,1.6690943717775297,1.8682479179171274,21.0,2.0,2.3
1.0960000000000003,20.848232729910332,1.669407336629771,1.8607290351521346,21.0,2.0,2.3
1.0980000000000003,20.844230309834234,1.6697994317598603,1.8532355624361339,21.0,2.0,2.3
1.1000000000000003,20.84025099306519,1.6702645940906324,1.84576228856675,21.0,2.0,2.3
1.1020000000000003,20.836310752314937,1.6707941862650983,1.8383022258074884,21.0,2.0,2.3
1.1040000000000003,20.832418595157108,1.6713824967451134,1.8308504760513507,21.0,2.0,2.3
1.1060000000000003,20.82859033923366,1.6720199249751715,1.8233999307801678,21.0,2.0,2.3
1.1080000000000003,20.824833175896362,1.6727014495483168,1.815946199312104,21.0,2.0,2.3
1.1100000000000003,20.82116012073976,1.673421052343682,1.808483724252987,21.0,2.0,2.3
1.1120000000000003,20.81758839476208,1.6741707809804218,1.801006247549233,21.0,2.0,2.3
1.1140000000000003,20.814123712850648,1.6749506145630093,1.7935113808497658,21.0,2.0,2.3
1.1160000000000003,20.810776260970243,1.6757594162240412,1.785995735986613,21.0,2.0,2.3
1.1180000000000003,20.807559690982742,1.6765953280975314,1.7784559600495424,21.0,2.0,2.3
1.1200000000000003,20.804474519758557,1.6774651871426787,1.7708916509537171,21.0,2.0,2.3
1.1220000000000003,20.801527794908306,1.6783756939078291,1.763302784424507,21.0,2.0,2.3
1.1240000000000003,20.798720276029666,1.6793383965381732,1.755690138396733,21.0,2.0,2.3
1.1260000000000003,20.796046870723117,1.680367292183284,1.748054567102798,21.0,2.0,2.3
1.1280000000000003,20.793496259175384,1.6814779735343814,1.740396641725306,21.0,2.0,2.3
1.1300000000000003,20.791059673757974,1.6826832629865236,1.7327143672237333,21.0,2.0,2.3
1.1320000000000003,20.78873419686017,1.6839936112638485,1.7250044575776462,21.0,2.0,2.3
1.1340000000000003,20.78651423585356,1.6854169267796084,1.7172622384817937,21.0,2.0,2.3
1.1360000000000003,20.784398469040365,1.6869601302861008,1.7094819791535036,21.0,2.0,2.3
1.1380000000000003,20.782386849175168,1.6886285689936562,1.7016566398357027,21.0,2.0,2.3
1.1400000000000003,20.78048133605839,1.6904269172147894,1.693778775256789,21.0,2.0,2.3
1.1420000000000003,20.778682761781223,1.6923588121912234,1.6858396868697132,21.0,2.0,2.3
1.1440000000000003,20.776996835877387,1.6944257720871565,1.6778296411901543,21.0,2.0,2.3
1.1460000000000004,20.775426073402066,1.6966278669965433,1.6697388652908856,21.0,2.0,2.3
1.1480000000000004,20.7739757699321,1.6989624395721978,1.6615566228780638,21.0,2.0,2.3
1.1500000000000004,20.772652228567566,1.7014238279226834,1.6532734797247606,21.0,2.0,2.3
1.1520000000000004,20.771458410457715,1.7040031128446456,1.644880461803655,21.0,2.0,2.3
1.1540000000000004,20.770401669934486,1.7066875071674952,1.636370424793768,21.0,2.0,2.3
1.1560000000000004,20.76948707876718,1.7094605048956284,1.6277378893876964,21.0,2.0,2.3
1.1580000000000004,20.768718570843365,1.712301590530762,1.6189798366216737,21.0,2.0,2.3
1.1600000000000004,20.768100257016595,1.7151886882854326,1.6100963731456308,21.0,2.0,2.3
1.1620000000000004,20.767631279871797,1.7180977362146537,1.6010894402498022,21.0,2.0,2.3
1.1640000000000004,20.767312965116066,1.72100416838106,1.5919625345157042,21.0,2.0,2.3
1.1660000000000004,20.76713956776792,1.72388365111092,1.582722540656997,21.0,2.0,2.3
1.1680000000000004,20.767103244923444,1.7267143373390055,1.573375973718971,21.0,2.0,2.3
1.1700000000000004,20.767194692508028,1.7294749723445957,1.563931659663325,21.0,2.0,2.3
1.1720000000000004,20.767403699964767,1.7321480038873538,1.5543990708530289,21.0,2.0,2.3
1.1740000000000004,20.767713672869327,1.7347178576693065,1.544788344340246,21.0,2.0,2.3
1.1760000000000004,20.768108331925635,1.7371725155459072,1.5351105918109333,21.0,2.0,2.3
1.1780000000000004,20.768572484424794,1.739503704427113,1.5253769590775947,21.0,2.0,2.3
1.1800000000000004,20.7690868877037,1.7417056879296657,1.5155991355392902,21.0,2.0,2.3
1.1820000000000004,20.769636325268984,1.7437760086672123,1.5057890592872785,21.0,2.0,2.3
1.1840000000000004,20.77020266941122,1.7457150174852971,1.4959589570372749,21.0,2.0,2.3
1.1860000000000004,20.77077307680657,1.7475258030286758,1.486121063148626,21.0,2.0,2.3
1.1880000000000004,20.771328134323863,1.749212705038026,1.4762868976583376,21.0,2.0,2.3
1.1900000000000004,20.771857865415384,1.7507831197345447,1.4664691568263764,21.0,2.0,2.3
1.1920000000000004,20.77235074016625,1.7522452300094375,1.45667881153641,21.0,2.0,2.3
1.1940000000000004,20.772795511896547,1.7536088384377924,1.4469263713229974,21.0,2.0,2.3
1.1960000000000004,20.773184349253288,1.7548840089798936,1.437220179075809,21.0,2.0,2.3
1.1980000000000004,20.773513308365306,1.7560809019980759,1.427567389265543,21.0,2.0,2.3
1.2000000000000004,20.773775880110502,1.757207362953161,1.4179703796099037,21.0,2.0,2.3
1.2020000000000004,20.773967227960437,1.7582666183219529,1.4084291034156604,21.0,2.0,2.3
1.2040000000000004,20.774075294274624,1.759253198032692,1.3989398817608822,21.0,2.0,2.3
1.2060000000000004,20.774082829660614,1.7601449873475312,1.389498076228655,21.0,2.0,2.3
1.2080000000000004,20.77397641807804,1.7609073393928008,1.3801123938060964,21.0,2.0,2.3
1.2100000000000004,20.773772556098244,1.761523192116356,1.3708113609694812,21.0,2.0,2.3
1.2120000000000004,20.773521737728522,1.7620069650783756,1.3616256193585177,21.0,2.0,2.3
1.2140000000000004,20.77327600464245,1.7623811660327395,1.3525767891251834,21.0,2.0,2.3
1.2160000000000004,20.77306537913458,1.7626651578710482,1.3436800249968754,21.0,2.0,2.3
1.2180000000000004,20.772905976097388,1.7628783231989527,1.3349470180527891,21.0,2.0,2.3
1.2200000000000004,20.772807148122467,1.7630385608725012,1.3263857305853812,21.0,2.0,2.3
1.2220000000000004,20.772772742317255,1.763163482224019,1.3179993147404636,21.0,2.0,2.3
1.2240000000000004,20.77280973674005,1.7632697957837409,1.3097849208032761,21.0,2.0,2.3
1.2260000000000004,20.77293088547875,1.7633746234399166,1.301734194197562,21.0,2.0,2.3
1.2280000000000004,20.77316353673704,1.7634914432367106,1.293829984972386,21.0,2.0,2.3
1.2300000000000004,20.77354905719791,1.7636277245919094,1.2860471064581642,21.0,2.0,2.3
1.2320000000000004,20.77414965773377,1.7637799284408457,1.2783495466106818,21.0,2.0,2.3
1.2340000000000004,20.775035033576838,1.7639254567644966,1.270694267147867,21.0,2.0,2.3
1.2360000000000004,20.77623235940856,1.764010853454841,1.2630501124756897,21.0,2.0,2.3
1.2380000000000004,20.777647936449064,1.7639629752655963,1.2554355850754892,21.0,2.0,2.3
1.2400000000000004,20.77905653699741,1.7637444819000303,1.2479430699235359,21.0,2.0,2.3
1.2420000000000004,20.780217688959254,1.7634001302112121,1.2407017254507404,21.0,2.0,2.3
1.2440000000000004,20.780978284475246,1.7630500456925073,1.233837211807854,21.0,2.0,2.3
1.2460000000000004,20.781310150042508,1.76284117281381,1.2274457860510681,21.0,2.0,2.3
1.2480000000000004,20.781296251230213,1.7628948980844366,1.2215928676196557,21.0,2.0,2.3
1.2500000000000004,20.78110759859065,1.7632924767821914,1.2163382973984682,21.0,2.0,2.3
1.2520000000000004,20.781117619900872,1.7640955899357194,1.2116527022341157,21.0,2.0,2.3
1.2540000000000004,20.781846930820116,1.7653579353953937,1.207323030281153,21.0,2.0,2.3
1.2560000000000004,20.783658728718077,1.7670384140117266,1.2029491009800921,21.0,2.0,2.3
1.2580000000000005,20.786519020597595,1.7690275697214917,1.1983094129064347,21.0,2.0,2.3
1.2600000000000005,20.790272455916856,1.7712003615496041,1.1933557869152263,21.0,2.0,2.3
1.2620000000000005,20.794759394103153,1.7733999128515698,1.1880593376833666,21.0,2.0,2.3
1.2640000000000005,20.799840466640063,1.7755079348007676,1.1824305921234592,21.0,2.0,2.3
1.2660000000000005,20.80541069139177,1.777444498270117,1.1764842608803463,21.0,2.0,2.3
1.2680000000000005,20.81139198395901,1.7791526802029891,1.1702294230076289,21.0,2.0,2.3
1.2700000000000005,20.817712682342655,1.780574339959823,1.1636601711500165,21.0,2.0,2.3
1.2720000000000005,20.824285089986155,1.7816036729418958,1.1567553990511452,21.0,2.0,2.3
1.2740000000000005,20.830970631319953,1.7820188607670928,1.1494890060519025,21.0,2.0,2.3
1.2760000000000005,20.837577408063424,1.781446044614353,1.1418419534888211,21.0,2.0,2.3
1.2780000000000005,20.84394608268822,1.779547688272669,1.1337914635277138,21.0,2.0,2.3
1.2800000000000005,20.85002644471994,1.7761664772863623,1.1253375432769093,21.0,2.0,2.3
1.2820000000000005,20.855865934994068,1.771359370673619,1.1165646957524846,21.0,2.0,2.3
1.2840000000000005,20.861605610157962,1.7653663185182948,1.107572121548581,21.0,2.0,2.3
1.2860000000000005,20.867374417804538,1.7584424154430942,1.0984379180266426,21.0,2.0,2.3
1.2880000000000005,20.873226251223272,1.7508116742510238,1.08926760202443,21.0,2.0,2.3
1.2900000000000005,20.879309044826496,1.7426734815366676,1.0800953533004791,21.0,2.0,2.3
1.2920000000000005,20.885926538649457,1.7342053266433375,1.0708711814909917,21.0,2.0,2.3
1.2940000000000005,20.893413670750178,1.7254544075837377,1.0614966587073429,21.0,2.0,2.3
1.2960000000000005,20.901813849908713,1.7162096482273757,1.05195227599322,21.0,2.0,2.3
1.2980000000000005,20.910830126474508,1.7061136830810943,1.0423621266588845,21.0,2.0,2.3
1.3000000000000005,20.920039283315294,1.6948714807266794,1.0329440173447408,21.0,2.0,2.3
1.3020000000000005,20.929010304254884,1.6823430328868094,1.0240273729317604,21.0,2.0,2.3
1.3040000000000005,20.93740764807777,1.668639991878393,1.0160607872076728,21.0,2.0,2.3
1.3060000000000005,20.94512750365552,1.6540413961700708,1.009448088534153,21.0,2.0,2.3
1.3080000000000005,20.952213783769288,1.6389255738342672,1.0045330669577082,21.0,2.0,2.3
1.3100000000000005,20.958768148675375,1.6237253611315565,1.0014614174925123,21.0,2.0,2.3
1.3120000000000005,20.96488422192013,1.6087771274236236,1.0001229287709468,21.0,2.0,2.3
1.3140000000000005,20.97071053645276,1.5944402029076923,1.0001630884286297,21.0,2.0,2.3
1.3160000000000005,20.976399884641957,1.5808718387922174,1.001135486146104,21.0,2.0,2.3
1.3180000000000005,20.98206820884412,1.5680763149071555,1.0026595509434393,21.0,2.0,2.3
1.3200000000000005,20.9877844497234,1.5559704605896882,1.0044344921988537,21.0,2.0,2.3
1.3220000000000005,20.993579004580603,1.5444288553076877,1.0062378206345948,21.0,2.0,2.3
1.3240000000000005,20.99946499411399,1.5333105002942493,1.0079398671870143,21.0,2.0,2.3
1.3260000000000005,21.005452454432028,1.5224850709798203,1.0095074697477469,21.0,2.0,2.3
1.3280000000000005,21.011533467302815,1.5118594268549361,1.0109614378792946,21.0,2.0,2.3
1.3300000000000005,21.01769419113186,1.5013818400647276,1.0123263669340403,21.0,2.0,2.3
1.3320000000000005,21.023922522937884,1.491025825589296,1.0136170528728734,21.0,2.0,2.3
1.3340000000000005,21.03021065782759,1.4807771107497065,1.014840887145605,21.0,2.0,2.3
1.3360000000000005,21.036555322290287,1.4706290702925204,1.0160003877263528,21.0,2.0,2.3
1.3380000000000005,21.042959848728135,1.4605793566116152,1.0170960491661651,21.0,2.0,2.3
1.3400000000000005,21.049426223736507,1.4506289082576815,1.0181264753771877,21.0,2.0,2.3
1.3420000000000005,21.05596306189523,1.4407846911792277,1.0190874914995371,21.0,2.0,2.3
1.3440000000000005,21.06258357099534,1.4310608573296706,1.019972548943548,21.0,2.0,2.3
1.3460000000000005,21.069307841787662,1.4214921174720732,1.0207645632577023,21.0,2.0,2.3
1.3480000000000005,21.07618175561276,1.4121544662567054,1.0214319425458456,21.0,2.0,2.3
1.3500000000000005,21.08329723157269,1.4031794156080255,1.0219299813829643,21.0,2.0,2.3
1.3520000000000005,21.090800738299702,1.3946283514267968,1.0222942874032812,21.0,2.0,2.3
1.3540000000000005,21.098837619125838,1.3863834771402366,1.0226897309940965,21.0,2.0,2.3
1.3560000000000005,21.107498978949128,1.3782689738806162,1.0233087689626408,21.0,2.0,2.3
1.3580000000000005,21.11681315927304,1.3701185667623481,1.024321139469428,21.0,2.0,2.3
1.3600000000000005,21.1267473795308,1.361785941278209,1.0258777436318092,21.0,2.0,2.3
1.3620000000000005,21.137219992956766,1.353153018139362,1.0281202590316891,21.0,2.0,2.3
1.3640000000000005,21.14809379741926,1.3441302206013048,1.0311855067283027,21.0,2.0,2.3
1.3660000000000005,21.15918581930481,1.3346647017298097,1.035213274606667,21.0,2.0,2.3
1.3680000000000005,21.170260823043606,1.3247396771106374,1.0403489286810184,21.0,2.0,2.3
1.3700000000000006,21.18100700283827,1.3143695513934452,1.0467270842916134,21.0,2.0,2.3
1.3720000000000006,21.190969452231823,1.303621732549371,1.054367152595907,21.0,2.0,2.3
1.3740000000000006,21.19974838432869,1.2925930327755464,1.0631069429525506,21.0,2.0,2.3
1.3760000000000006,21.207137194986004,1.28135679380434,1.0726996686834198,21.0,2.0,2.3
1.3780000000000006,21.213063684610518,1.2699888022090229,1.082833934440538,21.0,2.0,2.3
1.3800000000000006,21.217570006377855,1.258595035881181,1.0931697583639424,21.0,2.0,2.3
1.3820000000000006,21.220800145669376,1.2472729350520295,1.103438146764434,21.0,2.0,2.3
1.3840000000000006,21.22294045076425,1.2360986233233848,1.1134598327248437,21.0,2.0,2.3
1.3860000000000006,21.224167568645207,1.2251387594594587,1.1231250608526813,21.0,2.0,2.3
1.3880000000000006,21.224646946144816,1.2144464926129732,1.1323770860902784,21.0,2.0,2.3
1.3900000000000006,21.22451389542253,1.2040615132589332,1.1411866474131227,21.0,2.0,2.3
1.3920000000000006,21.223885247016103,1.1940114714280774,1.1495420493006647,21.0,2.0,2.3
1.3940000000000006,21.2228630165142,1.184313006466175,1.1574478383896696,21.0,2.0,2.3
1.3960000000000006,21.221531561734576,1.1749742748421665,1.164918103573362,21.0,2.0,2.3
1.3980000000000006,21.219967610651302,1.1659962123446825,1.1719813141550597,21.0,2.0,2.3
1.4000000000000006,21.21823833461236,1.1573735779282421,1.1786748588882416,21.0,2.0,2.3
1.4020000000000006,21.216400405589336,1.1490941431771537,1.185036681662849,21.0,2.0,2.3
1.4040000000000006,21.214505886253338,1.1411405901200866,1.1911159922263357,21.0,2.0,2.3
1.4060000000000006,21.212599107085833,1.1334905790690095,1.1969541702869617,21.0,2.0,2.3
1.4080000000000006,21.210714770470044,1.1261185626998036,1.202589155230657,21.0,2.0,2.3
1.4100000000000006,21.208884638888687,1.118997651367549,1.2080545387004629,21.0,2.0,2.3
1.4120000000000006,21.20713066431995,1.1120996661662481,1.2133734387658954,21.0,2.0,2.3
1.4140000000000006,21.205474185591584,1.105398426194528,1.218566994199729,21.0,2.0,2.3
1.4160000000000006,21.203930081909572,1.0988678557633766,1.2236506279186972,21.0,2.0,2.3
1.4180000000000006,21.202508701026503,1.0924843802623063,1.2286342641468784,21.0,2.0,2.3
1.4200000000000006,21.201223326622152,1.0862229092455058,1.2335257700905233,21.0,2.0,2.3
1.4220000000000006,21.20008270603083,1.080056942572117,1.2383291602449853,21.0,2.0,2.3
1.4240000000000006,21.199093207769486,1.0739625609622916,1.2430466240085913,21.0,2.0,2.3
1.4260000000000006,21.198255179080668,1.067916883114075,1.247676650688544,21.0,2.0,2.3
1.4280000000000006,21.197571188987485,1.0619000579132487,1.2522171489051674,21.0,2.0,2.3
1.4300000000000006,21.197038420437803,1.055894319130642,1.2566606146499246,21.0,2.0,2.3
1.4320000000000006,21.196660407667476,1.0498884812468163,1.2609911866591341,21.0,2.0,2.3
1.4340000000000006,21.196438397115728,1.0438738570526374,1.265187996000343,21.0,2.0,2.3
1.4360000000000006,21.196360979178703,1.0378321433417688,1.2692424473377844,21.0,2.0,2.3
1.4380000000000006,21.19640629063493,1.031737573698496,1.2731570257156672,21.0,2.0,2.3
1.4400000000000006,21.19655233789458,1.0255716459474773,1.2769345341729659,21.0,2.0,2.3
1.4420000000000006,21.196781054751884,1.019322243795233,1.2805740879007137,21.0,2.0,2.3
1.4440000000000006,21.197070418160934,1.012982375993982,1.2840750219990793,21.0,2.0,2.3
1.4460000000000006,21.1974074397711,1.006549040262176,1.2874372447067428,21.0,2.0,2.3
1.4480000000000006,21.19777391930552,1.0000199510825964,1.2906616293891835,21.0,2.0,2.3
1.4500000000000006,21.198152844248057,0.9933959065208016,1.293749337128411,21.0,2.0,2.3
1.4520000000000006,21.198531844553354,0.9866786405320597,1.2967032225609079,21.0,2.0,2.3
1.4540000000000006,21.19889645087699,0.9798703834052555,1.2995266945774806,21.0,2.0,2.3
1.4560000000000006,21.199233216913633,0.9729758118058498,1.3022229538628354,21.0,2.0,2.3
1.4580000000000006,21.19953461745915,0.9659985810585959,1.3047974525999662,21.0,2.0,2.3
1.4600000000000006,21.199785333764556,0.958944786602299,1.3072532268301817,21.0,2.0,2.3
1.4620000000000006,21.19998115826278,0.9518196107374718,1.3095957384292907,21.0,2.0,2.3
1.4640000000000006,21.20010893498849,0.9446299108927425,1.3118283693499735,21.0,2.0,2.3
1.4660000000000006,21.20016289466022,0.9373822885302833,1.313955647896051,21.0,2.0,2.3
1.4680000000000006,21.200136297613074,0.9300851290841552,1.3159807664908922,21.0,2.0,2.3
1.4700000000000006,21.200025264172496,0.9227459839006371,1.3179072798113394,21.0,2.0,2.3
1.4720000000000006,21.199821001274515,0.9153741701003739,1.3197382909832251,21.0,2.0,2.3
1.4740000000000006,21.199522926626692,0.9079771969776531,1.3214766460158258,21.0,2.0,2.3
1.4760000000000006,21.199126489580838,0.9005655202181931,1.3231249549292823,21.0,2.0,2.3
1.4780000000000006,21.198627113963017,0.8931477191878068,1.3246858930159897,21.0,2.0,2.3
1.4800000000000006,21.19802606324119,0.8857337121564554,1.3261609998819317,21.0,2.0,2.3
1.4820000000000007,21.197323606114868,0.8783327820112289,1.3275521772454257,21.0,2.0,2.3
1.4840000000000007,21.196519905259382,0.8709559917859241,1.3288610945073258,21.0,2.0,2.3
1.4860000000000007,21.19561859154936,0.8636128528902399,1.330088483230094,21.0,2.0,2.3
1.4880000000000007,21.194622937912133,0.8563139864251652,1.3312357944980988,21.0,2.0,2.3
1.4900000000000007,21.193540810146644,0.8490678433818815,1.3323033834886877,21.0,2.0,2.3
1.4920000000000007,21.192377003593013,0.8418849843034634,1.3332921845903585,21.0,2.0,2.3
1.4940000000000007,21.191141676375565,0.8347733609092368,1.3342024666763463,21.0,2.0,2.3
1.4960000000000007,21.18984066446781,0.8277405405855482,1.3350350770303536,21.0,2.0,2.3
1.4980000000000007,21.188476640385314,0.8207883562409303,1.3357905327529287,21.0,2.0,2.3
1.5000000000000007,21.187050919627552,0.8139218453897995,1.3364708782133254,21.0,2.0,2.3
1.5020000000000007,21.185567652216996,0.8071438496162171,1.3370755810992867,21.0,2.0,2.3
1.5040000000000007,21.184035677499875,0.8004589208146272,1.337603582014699,21.0,2.0,2.3
1.5060000000000007,21.18246350744842,0.7938726232805657,1.3380537002432393,21.0,2.0,2.3
1.5080000000000007,21.180865219089668,0.787387139073023,1.3384204357578917,21.0,2.0,2.3
1.5100000000000007,21.17925139909476,0.7810054255277828,1.3386975649012103,21.0,2.0,2.3
1.5120000000000007,21.17763393838137,0.7747299206781394,1.3388752331244271,21.0,2.0,2.3
1.5140000000000007,21.176023355847743,0.7685656703081792,1.3389416284765268,21.0,2.0,2.3
1.5160000000000007,21.174431937026938,0.7625196587175149,1.3388805089505345,21.0,2.0,2.3
1.5180000000000007,21.172870518511797,0.7566029961023445,1.3386734365136446,21.0,2.0,2.3
1.5200000000000007,21.171351725614414,0.7508317529562535,1.3383002269725885,21.0,2.0,2.3
1.5220000000000007,21.16988711707089,0.7452274417813368,1.337743682129669,21.0,2.0,2.3
1.5240000000000007,21.16848088670375,0.7398138205400695,1.3369932262675919,21.0,2.0,2.3
1.5260000000000007,21.167139729262193,0.7346139222512398,1.3360462396870354,21.0,2.0,2.3
1.5280000000000007,21.165863162352434,0.7296459553835788,1.3349117219091455,21.0,2.0,2.3
1.5300000000000007,21.164655357765373,0.724923021106383,1.3336034515042403,21.0,2.0,2.3
1.5320000000000007,21.163522439137825,0.7204532451561537,1.3321397524523575,21.0,2.0,2.3
1.5340000000000007,21.162473766709848,0.7162421713983314,1.3305387783993645,21.0,2.0,2.3
1.5360000000000007,21.161518831519906,0.7122885480813421,1.3288200085139517,21.0,2.0,2.3
1.5380000000000007,21.16066391629833,0.708584121520814,1.3269985512404419,21.0,2.0,2.3
1.5400000000000007,21.159914476819463,0.7051155243586784,1.32508516511999,21.0,2.0,2.3
1.5420000000000007,21.15927852512173,0.701875070749078,1.3230852291965707,21.0,2.0,2.3
1.5440000000000007,21.158765508799494,0.6988618931599265,1.321002262264225,21.0,2.0,2.3
1.5460000000000007,21.158386467603215,0.6960782161031402,1.3188394094307725,21.0,2.0,2.3
1.5480000000000007,21.15815152388915,0.69353179984314,1.3165986949881123,21.0,2.0,2.3
1.5500000000000007,21.158069853778823,0.6912312646927526,1.314282159204975,21.0,2.0,2.3
1.5520000000000007,21.15814911528752,0.6891890817915068,1.3118906133316255,21.0,2.0,2.3
1.5540000000000007,21.158399048333195,0.6874196288407142,1.309423738228399,21.0,2.0,2.3
1.5560000000000007,21.158823225200976,0.6859379927967505,1.306879261749973,21.0,2.0,2.3
1.5580000000000007,21.15942191017401,0.6847563315679027,1.3042521701709817,21.0,2.0,2.3
1.5600000000000007,21.160193662055594,0.6838815006174915,1.3015345284484796,21.0,2.0,2.3
1.5620000000000007,21.161131462298,0.6833129565491852,1.2987153446517115,21.0,2.0,2.3
1.5640000000000007,21.162227158648868,0.6830438965169933,1.2957803490962485,21.0,2.0,2.3
1.5660000000000007,21.163468108765194,0.683065054452415,1.2927112166187524,21.0,2.0,2.3
1.5680000000000007,21.164850172815523,0.6833495466045016,1.2894959777363195,21.0,2.0,2.3
1.5700000000000007,21.166364070624475,0.6838174229157911,1.2861539026628885,21.0,2.0,2.3
1.5720000000000007,21.168004925447907,0.6843916074593284,1.2827202892251002,21.0,2.0,2.3
1.5740000000000007,21.16975895915116,0.6850228179042049,1.2792378495761103,21.0,2.0,2.3
1.5760000000000007,21.171610705302765,0.6856825894098444,1.275766734832488,21.0,2.0,2.3
1.5780000000000007,21.173539700655503,0.6863547158352232,1.2723935376438802,21.0,2.0,2.3
1.5800000000000007,21.175526196867626,0.6870318122414365,1.2692219367836457,21.0,2.0,2.3
1.5820000000000007,21.177552241261274,0.6877176250775736,1.2663536381015161,21.0,2.0,2.3
1.5840000000000007,21.179601127968457,0.6884212216473656,1.2638671376364687,21.0,2.0,2.3
1.5860000000000007,21.181659090648314,0.689151787671124,1.2618089555537801,21.0,2.0,2.3
1.5880000000000007,21.18371487406473,0.6899184191438478,1.260197076057104,21.0,2.0,2.3
1.5900000000000007,21.185756413941764,0.6907317219144927,1.2590310645701759,21.0,2.0,2.3
1.5920000000000007,21.187771442293734,0.6916064609357376,1.2582994430780785,21.0,2.0,2.3
1.5940000000000007,21.189749400530278,0.6925531425140253,1.2579805956210992,21.0,2.0,2.3
1.5960000000000008,21.19168185788047,0.6935812989588132,1.2580476785664827,21.0,2.0,2.3
1.5980000000000008,21.193562693280917,0.6947005274114751,1.2584723225594865,21.0,2.0,2.3
1.6000000000000008,21.19538393075693,0.6959186120672753,1.2592248673523068,21.0,2.0,2.3
1.6020000000000008,21.1971433561875,0.6972463397551422,1.2602772530067834,21.0,2.0,2.3
1.6040000000000008,21.198839277264558,0.6986907709235155,1.261603964594138,21.0,2.0,2.3
1.6060000000000008,21.20047152106777,0.7002595092205524,1.263179437394858,21.0,2.0,2.3
1.6080000000000008,21.202041875606078,0.7019560616875524,1.2649811297645137,21.0,2.0,2.3
1.6100000000000008,21.203554180097118,0.7037769149983619,1.2669889044191396,21.0,2.0,2.3
1.6120000000000008,21.20500924365226,0.7057110487853275,1.2691814401047508,21.0,2.0,2.3
1.6140000000000008,21.206411127691034,0.707738362880701,1.2715365943555215,21.0,2.0,2.3
1.6160000000000008,21.207760420073853,0.7098365094491134,1.2740290188220282,21.0,2.0,2.3
1.6180000000000008,21.209055180192287,0.7119857294578694,1.2766340387218684,21.0,2.0,2.3
1.6200000000000008,21.21029810597679,0.7141725608742656,1.2793287607582347,21.0,2.0,2.3
1.6220000000000008,21.211489442168148,0.7163884047068637,1.2820940770754228,21.0,2.0,2.3
1.6240000000000008,21.21263230941443,0.7186280282882402,1.2849139652833335,21.0,2.0,2.3
1.6260000000000008,21.213728648621274,0.720887807969835,1.2877749279272426,21.0,2.0,2.3
1.6280000000000008,21.214784868593544,0.7231651687852565,1.2906657189262536,21.0,2.0,2.3
1.6300000000000008,21.215803598799734,0.7254580885637189,1.2935765067653762,21.0,2.0,2.3
1.6320000000000008,21.21679161138859,0.7277648983708309,1.296498819143059,21.0,2.0,2.3
1.6340000000000008,21.2177520768287,0.7300842330962801,1.2994253528675603,21.0,2.0,2.3
1.6360000000000008,21.21868973515344,0.7324148398902777,1.3023498455578992,21.0,2.0,2.3
1.6380000000000008,21.219608950663908,0.7347555401845426,1.305267255817398,21.0,2.0,2.3
1.6400000000000008,21.22051525775487,0.7371050874649553,1.308172894415707,21.0,2.0,2.3
1.6420000000000008,21.221414152744533,0.7394624597770318,1.3110633478836817,21.0,2.0,2.3
1.6440000000000008,21.22230941346988,0.741826251471101,1.3139352782119014,21.0,2.0,2.3
1.6460000000000008,21.223203994532398,0.7441957483993273,1.3167862997859476,21.0,2.0,2.3
1.6480000000000008,21.22410330627388,0.7465695681173974,1.3196145917382267,21.0,2.0,2.3
1.6500000000000008,21.22501197446304,0.7489468912582111,1.3224179804638838,21.0,2.0,2.3
1.6520000000000008,21.225934034092116,0.7513264297784543,1.3251953529262288,21.0,2.0,2.3
1.6540000000000008,21.226873903420035,0.7537070298177049,1.3279451022391748,21.0,2.0,2.3
1.6560000000000008,21.227838806015857,0.7560868123331137,1.3306660102963281,21.0,2.0,2.3
1.6580000000000008,21.22883178773039,0.7584638888368909,1.333356815535666,21.0,2.0,2.3
1.6600000000000008,21.22986148672564,0.7608361923792761,1.336016077567341,21.0,2.0,2.3
1.6620000000000008,21.230932212369794,0.7632018554728908,1.3386418581583899,21.0,2.0,2.3
1.6640000000000008,21.232048176659955,0.7655605498103562,1.3412319410582665,21.0,2.0,2.3
1.6660000000000008,21.23320742121915,0.7679145816747753,1.343784498064016,21.0,2.0,2.3
1.6680000000000008,21.234407386981943,0.7702670376573612,1.3462984387830104,21.0,2.0,2.3
1.6700000000000008,21.235643025429887,0.7726202169613909,1.348773462153484,21.0,2.0,2.3
1.6720000000000008,21.236913360502875,0.7749752011279697,1.3512095646278772,21.0,2.0,2.3
1.6740000000000008,21.238213769165522,0.777331937604788,1.353606955149456,21.0,2.0,2.3
1.6760000000000008,21.23954279928571,0.7796900120035666,1.3559657216932262,21.0,2.0,2.3
1.6780000000000008,21.240900746551198,0.7820481987660958,1.3582857173708256,21.0,2.0,2.3
1.6800000000000008,21.242287589561602,0.7844055151754216,1.3605668597355358,21.0,2.0,2.3
1.6820000000000008,21.243703704447594,0.7867605047926627,1.3628089683127542,21.0,2.0,2.3
1.6840000000000008,21.2451490734309,0.7891119303096686,1.3650120037053548,21.0,2.0,2.3
1.6860000000000008,21.2466218268974,0.7914581495085025,1.3671755478947945,21.0,2.0,2.3
1.6880000000000008,21.24812563662323,0.7937970336376255,1.369299278667601,21.0,2.0,2.3
1.6900000000000008,21.24965842780183,0.7961275073040772,1.3713829253345988,21.0,2.0,2.3
1.6920000000000008,21.25122003368056,0.7984475930852398,1.3734261281254447,21.0,2.0,2.3
1.6940000000000008,21.25281208036107,0.8007550297185589,1.37542820947422,21.0,2.0,2.3
1.6960000000000008,21.25443606548892,0.8030475355302437,1.3773886051441022,21.0,2.0,2.3
1.6980000000000008,21.25609176652347,0.8053226304774489,1.3793066946406982,21.0,2.0,2.3
1.7000000000000008,21.2577806633394,0.8075760385784979,1.3811814427777778,21.0,2.0,2.3
1.7020000000000008,21.259507847998087,0.8098027679424736,1.3830115511246037,21.0,2.0,2.3
1.7040000000000008,21.261274711159142,0.8119977112281855,1.3847958175257948,21.0,2.0,2.3
1.7060000000000008,21.263088277127927,0.814152440496123,1.3865322387153403,21.0,2.0,2.3
1.7080000000000009,21.264955420259348,0.8162561145017159,1.3882180661062737,21.0,2.0,2.3
1.7100000000000009,21.266884844063114,0.8182960734399568,1.3898503988873243,21.0,2.0,2.3
1.7120000000000009,21.268884984544698,0.8202583298377037,1.3914257141523514,21.0,2.0,2.3
1.7140000000000009,21.270960188009646,0.8221342045577026,1.3929414307979051,21.0,2.0,2.3
1.7160000000000009,21.2731089237586,0.8239240340174737,1.3943963642237855,21.0,2.0,2.3
1.7180000000000009,21.27532026682863,0.8256359400950057,1.3957911863734613,21.0,2.0,2.3
1.7200000000000009,21.277585430548303,0.8272801272152719,1.3971265850257524,21.0,2.0,2.3
1.7220000000000009,21.27989596363675,0.828866955116166,1.3984039398877872,21.0,2.0,2.3
1.7240000000000009,21.282245632078613,0.8304039612559218,1.3996239183277916,21.0,2.0,2.3
1.7260000000000009,21.284630369342437,0.8318979389654463,1.400787528694158,21.0,2.0,2.3
1.7280000000000009,21.287044429037106,0.8333535577298168,1.4018954685188674,21.0,2.0,2.3
1.7300000000000009,21.289487990356434,0.8347739051099816,1.402948051981297,21.0,2.0,2.3
1.7320000000000009,21.29195756129626,0.8361625680575313,1.4039461170326584,21.0,2.0,2.3
1.7340000000000009,21.294451743556813,0.8375217596277496,1.4048901687632367,21.0,2.0,2.3
1.7360000000000009,21.296971166731375,0.8388534301478269,1.405780739661256,21.0,2.0,2.3
1.7380000000000009,21.299512776002828,0.8401590534976696,1.4066182621913352,21.0,2.0,2.3
1.7400000000000009,21.302077444634385,0.8414398331767899,1.4074032936098309,21.0,2.0,2.3
1.7420000000000009,21.30466616751964,0.8426964420056307,1.408136272665156,21.0,2.0,2.3
1.7440000000000009,21.307276163809856,0.8439299411194042,1.4088175678689716,21.0,2.0,2.3
1.7460000000000009,21.30990862674508,0.8451403581675888,1.4094475655052758,21.0,2.0,2.3
1.7480000000000009,21.31256288571982,0.8463280389925986,1.410026801500198,21.0,2.0,2.3
1.7500000000000009,21.315240224625697,0.8474930295268542,1.410555730346952,21.0,2.0,2.3
1.752000000000001,21.31794201650507,0.8486351182531661,1.4110350175989428,21.0,2.0,2.3
1.754000000000001,21.320665914275164,0.8497543430439232,1.4114649081502204,21.0,2.0,2.3
1.756000000000001,21.323415221658863,0.8508503127244627,1.411846499592703,21.0,2.0,2.3
1.758000000000001,21.32618964145489,0.8519226324214345,1.4121801383330475,21.0,2.0,2.3
1.760000000000001,21.32899061662494,0.8529711670170647,1.4124671494504633,21.0,2.0,2.3
1.762000000000001,21.33181956985787,0.8539955036339845,1.4127088363722178,21.0,2.0,2.3
1.764000000000001,21.33467448557772,0.8549953008342113,1.412905623769833,21.0,2.0,2.3
1.766000000000001,21.33755854811107,0.8559705242766856,1.413059694701179,21.0,2.0,2.3
1.768000000000001,21.340474963900462,0.8569209608488716,1.413173045778532,21.0,2.0,2.3
1.770000000000001,21.343421344177184,0.8578462357158501,1.413247220193315,21.0,2.0,2.3
1.772000000000001,21.346400532454496,0.8587462937917085,1.413284954547401,21.0,2.0,2.3
1.774000000000001,21.34941389704653,0.8596209055601773,1.413287961165701,21.0,2.0,2.3
1.776000000000001,21.35246193804573,0.8604701058206964,1.413259518182674,21.0,2.0,2.3
1.778000000000001,21.355546186394523,0.861293561926359,1.4132011058570972,21.0,2.0,2.3
1.780000000000001,21.358666476897064,0.8620918127131891,1.4131171347600116,21.0,2.0,2.3
1.782000000000001,21.361823430461218,0.862864531504893,1.4130101232853993,21.0,2.0,2.3
1.784000000000001,21.365019318953816,0.8636117201430656,1.4128831744114103,21.0,2.0,2.3
1.786000000000001,21.368253642318773,0.8643336975955185,1.4127400969531536,21.0,2.0,2.3
1.788000000000001,21.371525164694585,0.8650299121319291,1.4125831967626463,21.0,2.0,2.3
1.790000000000001,21.37483377724092,0.8657005512980191,1.4124159703851222,21.0,2.0,2.3
1.792000000000001,21.378181355911767,0.8663464709220601,1.412243024617029,21.0,2.0,2.3
1.794000000000001,21.381565392679192,0.8669665603458367,1.4120662390312668,21.0,2.0,2.3
1.796000000000001,21.384986109502407,0.8675616407564171,1.411889913340086,21.0,2.0,2.3
1.798000000000001,21.388441879936142,0.8681322629307576,1.4117183369691315,21.0,2.0,2.3
1.800000000000001,21.391932915552207,0.8686776440686008,1.4115537529974562,21.0,2.0,2.3
1.802000000000001,21.3954563470307,0.8691981734799494,1.4113999165521236,21.0,2.0,2.3
1.804000000000001,21.399011744636084,0.8696947751212577,1.4112610479738399,21.0,2.0,2.3
1.806000000000001,21.402596387189387,0.8701673951411723,1.4111403172664383,21.0,2.0,2.3
1.808000000000001,21.40620854531951,0.8706164591449266,1.4110414137383014,21.0,2.0,2.3
1.810000000000001,21.40984812331924,0.8710428710298236,1.4109684024497389,21.0,2.0,2.3
1.812000000000001,21.413510205259545,0.8714464875508339,1.4109241352770092,21.0,2.0,2.3
1.814000000000001,21.41719275033418,0.8718283977926328,1.4109130505392269,21.0,2.0,2.3
1.816000000000001,21.420893505232186,0.8721894360295877,1.4109389938621917,21.0,2.0,2.3
1.818000000000001,21.424610125738408,0.872530643071557,1.4110056044494248,21.0,2.0,2.3
1.820000000000001,21.42833707849835,0.8728527343577756,1.4111171480448548,21.0,2.0,2.3
1.822000000000001,21.432071100082222,0.8731585246196392,1.4112770627959483,21.0,2.0,2.3
1.824000000000001,21.435808762289202,0.8734486758990566,1.4114895524900986,21.0,2.0,2.3
1.826000000000001,21.43954523994511,0.8737246008870702,1.4117578302083573,21.0,2.0,2.3
1.828000000000001,21.443275244554826,0.8739884456216216,1.4120860904535535,21.0,2.0,2.3
1.830000000000001,21.44699260187809,0.8742439425995984,1.4124768397237466,21.0,2.0,2.3
1.832000000000001,21.45069226143727,0.8744928205723544,1.4129328704424922,21.0,2.0,2.3
1.834000000000001,21.454368286742678,0.8747376616849484,1.413456592271816,21.0,2.0,2.3
1.836000000000001,21.45801315468845,0.874981954651856,1.414049640517086,21.0,2.0,2.3
1.838000000000001,21.46161984771496,0.875228941981545,1.414711955828807,21.0,2.0,2.3
1.840000000000001,21.465183087048192,0.8754818973129042,1.4154428974573585,21.0,2.0,2.3
1.842000000000001,21.468695788652337,0.8757444313863837,1.4162415322850312,21.0,2.0,2.3
1.844000000000001,21.472149535084863,0.8760194488874281,1.4171056637874406,21.0,2.0,2.3
1.846000000000001,21.475540282470607,0.8763110713715968,1.4180297986505972,21.0,2.0,2.3
1.848000000000001,21.478863175588693,0.8766215995394505,1.4190123491596813,21.0,2.0,2.3
1.850000000000001,21.482111536458305,0.8769543571128006,1.420046004442613,21.0,2.0,2.3
1.852000000000001,21.485282149398742,0.8773119419640568,1.4211247584966427,21.0,2.0,2.3
1.854000000000001,21.488372589663474,0.8776967180041491,1.4222439056392477,21.0,2.0,2.3
1.856000000000001,21.491378670018612,0.8781103672690863,1.4233961033908427,21.0,2.0,2.3
1.858000000000001,21.4942986823497,0.8785549365398879,1.4245747592942843,21.0,2.0,2.3
1.860000000000001,21.497131426288018,0.8790319375910355,1.4257729870365874,21.0,2.0,2.3
1.862000000000001,21.499876414013517,0.8795418513402592,1.4269840856717435,21.0,2.0,2.3
1.864000000000001,21.50253318437093,0.880086452596237,1.4282014019991196,21.0,2.0,2.3
1.866000000000001,21.505099898140067,0.8806663797451726,1.429418264324477,21.0,2.0,2.3
1.868000000000001,21.507575144493913,0.8812819864301646,1.4306282893913846,21.0,2.0,2.3
1.870000000000001,21.50995958684234,0.8819341856151908,1.4318241752661813,21.0,2.0,2.3
1.872000000000001,21.51225227099342,0.8826238182368734,1.4329989799530567,21.0,2.0,2.3
1.874000000000001,21.51445330408306,0.8833505671174491,1.4341447208457008,21.0,2.0,2.3
1.876000000000001,21.516560669804328,0.8841156464824798,1.4352532164036693,21.0,2.0,2.3
1.878000000000001,21.518576081016022,0.8849173733858565,1.4363160647452944,21.0,2.0,2.3
1.880000000000001,21.520499464497377,0.8857557172785786,1.4373232255213098,21.0,2.0,2.3
1.882000000000001,21.522334350320605,0.8866283043246762,1.4382654763149754,21.0,2.0,2.3
1.884000000000001,21.52408523513011,0.8875317737987234,1.4391347330625104,21.0,2.0,2.3
1.886000000000001,21.525758999729927,0.8884622252360332,1.43992436173593,21.0,2.0,2.3
1.888000000000001,21.52736258387478,0.8894147173957186,1.4406307922169523,21.0,2.0,2.3
1.890000000000001,21.52890795399629,0.8903839983698767,1.4412529896951698,21.0,2.0,2.3
1.892000000000001,21.530406135271512,0.8913652932592765,1.441793825072094,21.0,2.0,2.3
1.894000000000001,21.531864749166164,0.8923545240775248,1.4422551505916006,21.0,2.0,2.3
1.896000000000001,21.533290371597193,0.8933481876673421,1.4426409332500083,21.0,2.0,2.3
1.898000000000001,21.534690559041607,0.8943436638100608,1.442955733284885,21.0,2.0,2.3
1.900000000000001,21.53606826225763,0.8953385848022686,1.443202142441599,21.0,2.0,2.3
1.902000000000001,21.537425886194065,0.8963311449051037,1.4433834281440026,21.0,2.0,2.3
1.904000000000001,21.538771236377166,0.8973201399811063,1.4435038876255986,21.0,2.0,2.3
1.906000000000001,21.540102317342875,0.8983042116078747,1.4435643060544048,21.0,2.0,2.3
1.908000000000001,21.541420749501334,0.8992827956205945,1.4435678125054217,21.0,2.0,2.3
1.910000000000001,21.542728065129733,0.9002548532671175,1.4435156044209108,21.0,2.0,2.3
1.912000000000001,21.544025668438785,0.9012196491675777,1.4434087428668045,21.0,2.0,2.3
1.914000000000001,21.545311125198527,0.9021768210553522,1.4432489310851822,21.0,2.0,2.3
1.916000000000001,21.54658763910597,0.9031254258315572,1.443036372938917,21.0,2.0,2.3
1.918000000000001,21.547852645581088,0.9040651809127696,1.4427719414097802,21.0,2.0,2.3
1.920000000000001,21.549105413486647,0.904995542486568,1.4424558245308137,21.0,2.0,2.3
1.922000000000001,21.550347061662638,0.9059159254967578,1.4420882887542017,21.0,2.0,2.3
1.924000000000001,21.551572779360395,0.9068258130167682,1.4416685860944438,21.0,2.0,2.3
1.926000000000001,21.55278348708344,0.9077250925638001,1.4411972145291347,21.0,2.0,2.3
1.928000000000001,21.55397417747361,0.9086134682870163,1.4406738897375406,21.0,2.0,2.3
1.930000000000001,21.555145411264988,0.909490822485065,1.4400981477611035,21.0,2.0,2.3
1.932000000000001,21.55628979580688,0.9103569917800994,1.4394695733256115,21.0,2.0,2.3
1.934000000000001,21.55740369133378,0.9112122022128175,1.4387883860701711,21.0,2.0,2.3
1.936000000000001,21.55848518361745,0.9120568968661955,1.438055037023279,21.0,2.0,2.3
1.938000000000001,21.559522485374064,0.9128916662309841,1.437270220002574,21.0,2.0,2.3
1.940000000000001,21.560511168495974,0.9137170589105392,1.4364346462929598,21.0,2.0,2.3
1.942000000000001,21.56144298303952,0.9145341251527754,1.435550551760507,21.0,2.0,2.3
1.944000000000001,21.56230752769416,0.9153440638809188,1.43462062216451,21.0,2.0,2.3
1.946000000000001,21.563094778422897,0.9161486149905629,1.433649350661623,21.0,2.0,2.3
1.948000000000001,21.563796768421163,0.9169499477586618,1.4326417767870294,21.0,2.0,2.3
1.950000000000001,21.564402644118314,0.9177508850184578,1.4316051598700823,21.0,2.0,2.3
1.952000000000001,21.56490633048881,0.918554964536691,1.430547103650176,21.0,2.0,2.3
1.954000000000001,21.56529897319796,0.9193663417704252,1.4294771887964652,21.0,2.0,2.3
1.956000000000001,21.56557581898086,0.920189441329475,1.4284058664782227,21.0,2.0,2.3
1.958000000000001,21.565737665076234,0.9210291930019551,1.4273428838256454,21.0,2.0,2.3
1.960000000000001,21.565788840517097,0.9218908725794398,1.4262976143041526,21.0,2.0,2.3
1.962000000000001,21.565733909487108,0.9227794741615402,1.4252787003052438,21.0,2.0,2.3
1.964000000000001,21.56558426525258,0.9236998838179639,1.4242929279642227,21.0,2.0,2.3
1.966000000000001,21.56534861741843,0.9246563252100949,1.4233459166065534,21.0,2.0,2.3
1.968000000000001,21.56504224713447,0.9256517907882513,1.4224381727723188,21.0,2.0,2.3
1.970000000000001,21.564678633812278,0.926689931565408,1.4215727467761643,21.0,2.0,2.3
1.972000000000001,21.564268437664428,0.9277731234645632,1.4207499523810163,21.0,2.0,2.3
1.974000000000001,21.563827887798503,0.928902562208806,1.4199673061814815,21.0,2.0,2.3
1.976000000000001,21.563367737048118,0.930080955794224,1.4192253029978605,21.0,2.0,2.3
1.978000000000001,21.562899065425377,0.9313092694103648,1.4185238385770826,21.0,2.0,2.3
1.980000000000001,21.562433007745437,0.9325884682226718,1.4178638169816093,21.0,2.0,2.3
1.982000000000001,21.56197762031779,0.9339179270810303,1.417247659139785,21.0,2.0,2.3
1.984000000000001,21.561541159106778,0.9352944271347494,1.416672926453149,21.0,2.0,2.3
1.986000000000001,21.56112696660982,0.9367122630185157,1.4161420473325745,21.0,2.0,2.3
1.988000000000001,21.560731635067384,0.938161720283324,1.4156500630986222,21.0,2.0,2.3
1.990000000000001,21.5603465010353,0.9396318454467716,1.415187470616436,21.0,2.0,2.3
1.992000000000001,21.559962153636988,0.9411134829693751,1.414749227581756,21.0,2.0,2.3
1.994000000000001,21.559566365438872,0.9425995590147426,1.414326681882366,21.0,2.0,2.3
1.996000000000001,21.55915207139943,0.9440851932228672,1.4139143754421792,21.0,2.0,2.3
1.998000000000001,21.558709519860507,0.9455668788146221,1.413509393032903,21.0,2.0,2.3
2.000000000000001,21.55823241138808,0.9470423710396312,1.4131059507815862,21.0,2.0,2.3
2.0020000000000007,21.55771634589493,0.9485095195999733,1.4127030870178923,21.0,2.0,2.3
2.0040000000000004,21.557157587356325,0.9499667651484562,1.4122967095132992,21.0,2.0,2.3
2.0060000000000002,21.556552648855234,0.951412920442307,1.4118847157236032,21.0,2.0,2.3
2.008,21.555896966584168,0.9528464667874974,1.4114651798212294,21.0,2.0,2.3
2.01,21.555190182510984,0.9542658752487432,1.4110359163500648,21.0,2.0,2.3
2.0119999999999996,21.554429744900848,0.955670572768579,1.41059396105642,21.0,2.0,2.3
2.0139999999999993,21.55361450236418,0.9570589975941155,1.4101382260018613,21.0,2.0,2.3
2.015999999999999,21.552742685835625,0.9584304742941598,1.409666902446931,21.0,2.0,2.3
2.017999999999999,21.55181106768177,0.9597837254208821,1.4091802889374354,21.0,2.0,2.3
2.0199999999999987,21.55081749882535,0.9611181576611056,1.408678361654417,21.0,2.0,2.3
2.0219999999999985,21.549757147302095,0.9624340438820498,1.4081623300546768,21.0,2.0,2.3
2.0239999999999982,21.548617999329032,0.9637322391830317,1.4076354712710017,21.0,2.0,2.3
2.025999999999998,21.547385456415263,0.9650144830101642,1.4071013401122776,21.0,2.0,2.3
2.027999999999998,21.546033725325337,0.9662855481350838,1.406562413791388,21.0,2.0,2.3
2.0299999999999976,21.544519645518815,0.9675522978698432,1.4060223931752578,21.0,2.0,2.3
2.0319999999999974,21.542783129476945,0.9688271977037797,1.4054768489449414,21.0,2.0,2.3
2.033999999999997,21.54073373874164,0.9701306519405036,1.4049048040337024,21.0,2.0,2.3
2.035999999999997,21.538270616074456,0.971489601222273,1.4042571031478115,21.0,2.0,2.3
2.0379999999999967,21.53530359330252,0.9729309883635726,1.403452501020002,21.0,2.0,2.3
2.0399999999999965,21.53181236577503,0.974468285604601,1.4023993945103144,21.0,2.0,2.3
2.0419999999999963,21.527853170526853,0.9760938275666379,1.4010350493681225,21.0,2.0,2.3
2.043999999999996,21.523524961375553,0.9777824481956954,1.3993434645867313,21.0,2.0,2.3
2.045999999999996,21.518927071629474,0.9795032853732223,1.3973454584819944,21.0,2.0,2.3
2.0479999999999956,21.514140851451472,0.981228153342879,1.3950792210362417,21.0,2.0,2.3
2.0499999999999954,21.50922090817754,0.982937877551015,1.3925768486840202,21.0,2.0,2.3
2.051999999999995,21.504208224192908,0.984616625258582,1.3898707360003253,21.0,2.0,2.3
2.053999999999995,21.499130304972965,0.9862537501822285,1.3869873816433305,21.0,2.0,2.3
2.0559999999999947,21.494008116365915,0.9878435184297497,1.383945928673713,21.0,2.0,2.3
2.0579999999999945,21.488856737775265,0.9893820266651301,1.3807628904074531,21.0,2.0,2.3
2.0599999999999943,21.483690251438546,0.9908671751111879,1.3774527171814126,21.0,2.0,2.3
2.061999999999994,21.478516737458143,0.9922988699161559,1.3740265011314143,21.0,2.0,2.3
2.063999999999994,21.473343707335793,0.9936766338438473,1.3704957773738036,21.0,2.0,2.3
2.0659999999999936,21.46817785594093,0.9950036528976959,1.3668668607753418,21.0,2.0,2.3
2.0679999999999934,21.46302222306285,0.9962779069145712,1.3631487273224552,21.0,2.0,2.3
2.069999999999993,21.45788109440305,0.9975051055501946,1.3593451511225512,21.0,2.0,2.3
2.071999999999993,21.4527549189046,0.998682968204516,1.3554623062298774,21.0,2.0,2.3
2.0739999999999927,21.447647753709397,0.9998145996755268,1.3515037548490791,21.0,2.0,2.3
2.0759999999999925,21.442560568651043,1.0009041817426776,1.347472330775515,21.0,2.0,2.3
2.0779999999999923,21.437496082041665,1.0019543018767176,1.34337143191673,21.0,2.0,2.3
2.079999999999992,21.432454264577704,1.0029691837064576,1.3392035567965441,21.0,2.0,2.3
2.081999999999992,21.42743446275385,1.0039528033845637,1.3349714345306787,21.0,2.0,2.3
2.0839999999999916,21.422438758330554,1.0049085871493584,1.3306777534426748,21.0,2.0,2.3
2.0859999999999914,21.41746456754234,1.005843914451358,1.3263241376731136,21.0,2.0,2.3
2.087999999999991,21.41251195041993,1.0067625476008462,1.3219129190915582,21.0,2.0,2.3
2.089999999999991,21.407580358941015,1.0076710772597959,1.3174461678578888,21.0,2.0,2.3
2.0919999999999908,21.40266688018952,1.0085722142193907,1.3129255458367761,21.0,2.0,2.3
2.0939999999999905,21.397767686114165,1.0094783530703952,1.3083526483322006,21.0,2.0,2.3
2.0959999999999903,21.392880116127365,1.0103899321369425,1.3037289213717007,21.0,2.0,2.3
2.09799999999999,21.388001336189475,1.0113197816020867,1.2990553867864056,21.0,2.0,2.3
2.09999999999999,21.3831231919895,1.0122827882430248,1.294333107240404,21.0,2.0,2.3
2.1019999999999897,21.378239855463573,1.0132874467846562,1.2895620041027354,21.0,2.0,2.3
2.1039999999999894,21.373341700015917,1.0143514220491645,1.2847418055012167,21.0,2.0,2.3
2.105999999999989,21.36842463830506,1.0154823158773643,1.2798716596482298,21.0,2.0,2.3
2.107999999999989,21.36348339042866,1.0166849090960106,1.274950009869627,21.0,2.0,2.3
2.1099999999999888,21.358514095694343,1.0179574258675639,1.2699740060651608,21.0,2.0,2.3
2.1119999999999886,21.35351424613918,1.0193030203941624,1.2649401338205026,21.0,2.0,2.3
2.1139999999999883,21.34848173506386,1.0207164072242043,1.259843295946494,21.0,2.0,2.3
2.115999999999988,21.343412814320317,1.02219783261603,1.2546775521473827,21.0,2.0,2.3
2.117999999999988,21.338304557326442,1.0237434949754567,1.2494361749503566,21.0,2.0,2.3
2.1199999999999877,21.333154204553686,1.025355356028938,1.2441110791907846,21.0,2.0,2.3
2.1219999999999875,21.327956247818662,1.027029526892973,1.2386932769549834,21.0,2.0,2.3
2.1239999999999872,21.322706818838448,1.0287648774615061,1.233173363641612,21.0,2.0,2.3
2.125999999999987,21.317400055289237,1.03055759684073,1.2275407635215014,21.0,2.0,2.3
2.127999999999987,21.312030424675946,1.0324054336415214,1.2217839615180095,21.0,2.0,2.3
2.1299999999999866,21.306592241740947,1.034301116672251,1.2158917730348453,21.0,2.0,2.3
2.1319999999999864,21.301075087071606,1.0362412494273299,1.2098513621832454,21.0,2.0,2.3
2.133999999999986,21.295473328183306,1.038217659353498,1.2036516937601593,21.0,2.0,2.3
2.135999999999986,21.289774468145346,1.0402245916717396,1.1972805885740077,21.0,2.0,2.3
2.1379999999999857,21.28397355130188,1.0422547324276872,1.1907291151364305,21.0,2.0,2.3
2.1399999999999855,21.278061638022198,1.0443046943557848,1.1839877368524732,21.0,2.0,2.3
2.1419999999999852,21.272035865243765,1.0463720705214057,1.1770496516961975,21.0,2.0,2.3
2.143999999999985,21.265887618107314,1.0484561107063217,1.1699070104080915,21.0,2.0,2.3
2.145999999999985,21.259614797988686,1.0505541866851043,1.1625535522851487,21.0,2.0,2.3
2.1479999999999846,21.253218517227076,1.0526636616481024,1.1549852717073044,21.0,2.0,2.3
2.1499999999999844,21.24670819733467,1.0547845802966491,1.1472047116436535,21.0,2.0,2.3
2.151999999999984,21.240103372996643,1.0569250618559252,1.1392222180075513,21.0,2.0,2.3
2.153999999999984,21.23342925708496,1.0591058808337783,1.1310541053653789,21.0,2.0,2.3
2.1559999999999837,21.22671622692468,1.061364879023304,1.122723853850312,21.0,2.0,2.3
2.1579999999999835,21.220007567412765,1.0637654979507618,1.114264131434573,21.0,2.0,2.3
2.1599999999999833,21.213356369030354,1.0664116557811267,1.1057212377428853,21.0,2.0,2.3
2.161999999999983,21.20683747397643,1.0694605286749193,1.0971562349181532,21.0,2.0,2.3
2.163999999999983,21.200536793713546,1.0731082395336793,1.0886316974101404,21.0,2.0,2.3
2.1659999999999826,21.194519963139694,1.0775141503355505,1.0801831726825344,21.0,2.0,2.3
2.1679999999999824,21.188800066933254,1.0827116079018275,1.0718022247829184,21.0,2.0,2.3
2.169999999999982,21.183341387298054,1.0886310384988258,1.063456598670756,21.0,2.0,2.3
2.171999999999982,21.17808951520792,1.0951848494388687,1.0551127274094796,21.0,2.0,2.3
2.1739999999999817,21.17299504315946,1.1023065608137805,1.0467410620974666,21.0,2.0,2.3
2.1759999999999815,21.168011310878175,1.109956845992977,1.038314844590298,21.0,2.0,2.3
2.1779999999999813,21.16310660059006,1.1181203306093632,1.0298096115710864,21.0,2.0,2.3
2.179999999999981,21.158271399561492,1.1268055027855854,1.0212054954135847,21.0,2.0,2.3
2.181999999999981,21.153522522496704,1.1360465019127528,1.0124910533916263,21.0,2.0,2.3
2.1839999999999806,21.14892076475733,1.1459091880057304,1.0036745188998997,21.0,2.0,2.3
2.1859999999999804,21.14459869388224,1.1564988332548336,0.9948081063984489,21.0,2.0,2.3
2.18799999999998,21.140799893574336,1.1679393765679673,0.9860403114106907,21.0,2.0,2.3
2.18999999999998,21.137859080336867,1.1802725621577843,0.9776873374842773,21.0,2.0,2.3
2.1919999999999797,21.136055335360027,1.1933473697701105,0.9702166557418592,21.0,2.0,2.3
2.1939999999999795,21.13540967757999,1.2068274129679226,0.9640603209069057,21.0,2.0,2.3
2.1959999999999793,21.135626369750987,1.2203554267987886,0.9593546912917501,21.0,2.0,2.3
2.197999999999979,21.136317786191896,1.2337254418792662,0.9559461349980084,21.0,2.0,2.3
2.199999999999979,21.137186905164608,1.2468712961430994,0.9535906207474061,21.0,2.0,2.3
2.2019999999999786,21.138049545876367,1.2597748384929348,0.9520724656885646,21.0,2.0,2.3
2.2039999999999784,21.138794543329897,1.272418502799845,0.951221066564029,21.0,2.0,2.3
2.205999999999978,21.139358453405656,1.2847804853710039,0.9508992083733558,21.0,2.0,2.3
2.207999999999978,21.13970727723712,1.2968632111758462,0.9509943309402216,21.0,2.0,2.3
2.2099999999999778,21.139823044164093,1.308682977593365,0.9514290967895158,21.0,2.0,2.3
2.2119999999999775,21.13970325002131,1.320260784204081,0.9521606697203086,21.0,2.0,2.3
2.2139999999999773,21.13934943280783,1.331622644251297,0.9531731872748407,21.0,2.0,2.3
2.215999999999977,21.138773976513125,1.342798999659725,0.9544636661492842,21.0,2.0,2.3
2.217999999999977,21.138001808370564,1.3538302697192321,0.9560233362432263,21.0,2.0,2.3
2.2199999999999767,21.13706313832278,1.3647517440869208,0.9578327567910748,21.0,2.0,2.3
2.2219999999999764,21.135990184162843,1.3755948649812353,0.9598634222536182,21.0,2.0,2.3
2.223999999999976,21.134810300601412,1.3863820277124503,0.9620815019659376,21.0,2.0,2.3
2.225999999999976,21.133543796483035,1.3971277181155934,0.9644579756653332,21.0,2.0,2.3
2.2279999999999758,21.13219504274909,1.4078430514319376,0.9669692697876956,21.0,2.0,2.3
2.2299999999999756,21.130764259644963,1.4185299191803624,0.9695964332216764,21.0,2.0,2.3
2.2319999999999753,21.12924595200996,1.4291903931244279,0.9723236539972775,21.0,2.0,2.3
2.233999999999975,21.127629876555396,1.4398218149303685,0.9751382077025395,21.0,2.0,2.3
2.235999999999975,21.125905355305296,1.4504180520595753,0.9780303882476852,21.0,2.0,2.3
2.2379999999999747,21.124054795807787,1.4609697508586048,0.9809935507462292,21.0,2.0,2.3
2.2399999999999745,21.12206821313408,1.4714611446071522,0.9840260394012343,21.0,2.0,2.3
2.2419999999999742,21.11993196618613,1.4818743449414773,0.987130421933722,21.0,2.0,2.3
2.243999999999974,21.11763893833911,1.4921869969180928,0.99031438884509,21.0,2.0,2.3
2.245999999999974,21.11518262630442,1.5023734501169042,0.9935904607624764,21.0,2.0,2.3
2.2479999999999736,21.11256572562571,1.5124060911840438,0.9969747064759178,21.0,2.0,2.3
2.2499999999999734,21.109801299917628,1.5222567215076506,1.0004832001763444,21.0,2.0,2.3
2.251999999999973,21.106904279933175,1.5318978277227129,1.0041298412863455,21.0,2.0,2.3
2.253999999999973,21.103895392476446,1.5413051179848771,1.0079216446254458,21.0,2.0,2.3
2.2559999999999727,21.100797220829364,1.5504549905293687,1.0118622742912238,21.0,2.0,2.3
2.2579999999999725,21.09763313492459,1.5593254675365706,1.0159500606083596,21.0,2.0,2.3
2.2599999999999723,21.094425964872006,1.567896246421295,1.0201796156260878,21.0,2.0,2.3
2.261999999999972,21.091200231790285,1.5761489823739285,1.0245418725589488,21.0,2.0,2.3
2.263999999999972,21.087982630909547,1.5840663978846856,1.029025960115321,21.0,2.0,2.3
2.2659999999999716,21.084796113614736,1.591632239814738,1.0336192781132056,21.0,2.0,2.3
2.2679999999999714,21.0816653067037,1.598832299982312,1.0383061873387642,21.0,2.0,2.3
2.269999999999971,21.078621280301046,1.6056507369534478,1.0430715268136495,21.0,2.0,2.3
2.271999999999971,21.075683842544752,1.6120793106126419,1.047893310284202,21.0,2.0,2.3
2.2739999999999707,21.072871728975176,1.6181251288587692,1.0527435291432168,21.0,2.0,2.3
2.2759999999999705,21.070201076484608,1.6238074583179716,1.057593542940987,21.0,2.0,2.3
2.2779999999999703,21.067683372660177,1.629150188455177,1.062418098554037,21.0,2.0,2.3
2.27999999999997,21.06532795198779,1.6341792007572837,1.067196085779761,21.0,2.0,2.3
2.28199999999997,21.063143168728022,1.6389214449893021,1.0719096184140424,21.0,2.0,2.3
2.2839999999999696,21.06113616919286,1.6434009791902022,1.0765431633880378,21.0,2.0,2.3
2.2859999999999694,21.05931216183428,1.6476372208199896,1.0810812325313992,21.0,2.0,2.3
2.287999999999969,21.057670594751038,1.6516477382921977,1.0855095565449846,21.0,2.0,2.3
2.289999999999969,21.05621019082868,1.655457466382916,1.0898201493104154,21.0,2.0,2.3
2.2919999999999687,21.054926685277998,1.6590842097382659,1.0940035191030388,21.0,2.0,2.3
2.2939999999999685,21.053813097774988,1.6625391666948217,1.0980498719425207,21.0,2.0,2.3
2.2959999999999683,21.052866706894527,1.6658335057853744,1.1019530334858092,21.0,2.0,2.3
2.297999999999968,21.052078836139277,1.6689863011144,1.105717142870379,21.0,2.0,2.3
2.299999999999968,21.051445417906606,1.6720134263042281,1.1093471955707888,21.0,2.0,2.3
2.3019999999999676,21.050966490699757,1.6749275328469524,1.11284801129182,21.0,2.0,2.3
2.3039999999999674,21.05063705392308,1.6777336862309047,1.1162201143488928,21.0,2.0,2.3
2.305999999999967,21.050456059982597,1.6804336926625627,1.1194635947934142,21.0,2.0,2.3
2.307999999999967,21.05042405354617,1.6830329399988964,1.1225822989961045,21.0,2.0,2.3
2.3099999999999667,21.05054117865004,1.685545290980879,1.125585840918082,21.0,2.0,2.3
2.3119999999999665,21.050803980928883,1.6879937152510305,1.128488517375443,21.0,2.0,2.3
2.3139999999999663,21.051213248923876,1.6904020637366914,1.131303334411577,21.0,2.0,2.3
2.315999999999966,21.051763994372998,1.6927965067213806,1.134042946841788,21.0,2.0,2.3
2.317999999999966,21.052448897566624,1.6951989595349233,1.1367164068706708,21.0,2.0,2.3
2.3199999999999656,21.05326280015279,1.697628921305201,1.1393307119314293,21.0,2.0,2.3
2.3219999999999654,21.054196880658726,1.7001029348375987,1.1418913806866173,21.0,2.0,2.3
2.323999999999965,21.05524132057541,1.7026337364645747,1.1444023398682337,21.0,2.0,2.3
2.325999999999965,21.056389306292996,1.7052299800055755,1.1468669638967077,21.0,2.0,2.3
2.3279999999999648,21.05762955965897,1.707898141081793,1.1492883664684286,21.0,2.0,2.3
2.3299999999999645,21.058952234042415,1.7106443528132063,1.1516694929591038,21.0,2.0,2.3
2.3319999999999643,21.060346981208664,1.7134738508218732,1.1540131296835128,21.0,2.0,2.3
2.333999999999964,21.061805366907844,1.7163888154039757,1.1563217255617435,21.0,2.0,2.3
2.335999999999964,21.063313165388205,1.719390269833914,1.158597914986229,21.0,2.0,2.3
2.3379999999999637,21.0648623025885,1.7224744006215038,1.1608444669502,21.0,2.0,2.3
2.3399999999999634,21.066441590413763,1.7256351921220752,1.163064874693817,21.0,2.0,2.3
2.3419999999999632,21.068044479857154,1.7288608113943658,1.165263269608537,21.0,2.0,2.3
2.343999999999963,21.069661448067226,1.7321351755669117,1.1674447112239181,21.0,2.0,2.3
2.345999999999963,21.07128717182745,1.7354377189970271,1.1696144153464139,21.0,2.0,2.3
2.3479999999999626,21.072913922121064,1.7387490533426921,1.1717758865299408,21.0,2.0,2.3
2.3499999999999623,21.074534149136635,1.742055329203051,1.1739299409151367,21.0,2.0,2.3
2.351999999999962,21.076138588319107,1.7453493346393663,1.1760751067109845,21.0,2.0,2.3
2.353999999999962,21.077716852853296,1.7486267597679588,1.1782085492433079,21.0,2.0,2.3
2.3559999999999617,21.079258287991387,1.7518839573338107,1.180327296681002,21.0,2.0,2.3
2.3579999999999615,21.080754569798973,1.7551168746864556,1.1824281270179215,21.0,2.0,2.3
2.3599999999999612,21.082196002183398,1.7583213636224468,1.1845077079730557,21.0,2.0,2.3
2.361999999999961,21.083572254930704,1.7614963133761203,1.186562367173453,21.0,2.0,2.3
2.363999999999961,21.084875912906767,1.7646420382794106,1.1885886252278888,21.0,2.0,2.3
2.3659999999999606,21.086097517181575,1.767762061143401,1.190583039784275,21.0,2.0,2.3
2.3679999999999604,21.087231086249115,1.7708604721358459,1.19254283745464,21.0,2.0,2.3
2.36999999999996,21.088271876873243,1.7739421861010791,1.1944656192395107,21.0,2.0,2.3
2.37199999999996,21.089212991612804,1.7770112455783988,1.1963497391693059,21.0,2.0,2.3
2.3739999999999597,21.09005189870398,1.7800703114114436,1.1981943135711859,21.0,2.0,2.3
2.3759999999999595,21.090783310746495,1.7831202154800438,1.1999984997514197,21.0,2.0,2.3
2.3779999999999593,21.091406405727533,1.786160814387882,1.2017620485783587,21.0,2.0,2.3
2.379999999999959,21.091920964970996,1.7891897734544866,1.2034846746078052,21.0,2.0,2.3
2.381999999999959,21.09232367127674,1.7922051709237539,1.205166539048299,21.0,2.0,2.3
2.3839999999999586,21.092615280274096,1.7952023223018199,1.2068075077251046,21.0,2.0,2.3
2.3859999999999584,21.092797286518476,1.798177147062198,1.2084077890173817,21.0,2.0,2.3
2.387999999999958,21.092869694438253,1.8011251022881138,1.2099677343757194,21.0,2.0,2.3
2.389999999999958,21.092836712288893,1.8040405661914845,1.211487248831627,21.0,2.0,2.3
2.3919999999999577,21.092697302939666,1.80691813377949,1.2129667390904075,21.0,2.0,2.3
2.3939999999999575,21.092454676969385,1.8097519641225768,1.2144065033428242,21.0,2.0,2.3
2.3959999999999573,21.092114320427328,1.8125361699849762,1.2158064494614693,21.0,2.0,2.3
2.397999999999957,21.091676343869743,1.8152654041494973,1.2171670785094797,21.0,2.0,2.3
2.399999999999957,21.091147067957053,1.8179335353275539,1.218488306232246,21.0,2.0,2.3
2.4019999999999566,21.090531055333265,1.8205353408744,1.2197704212754457,21.0,2.0,2.3
2.4039999999999564,21.08983134785777,1.8230660014932905,1.2210139078818754,21.0,2.0,2.3
2.405999999999956,21.089053314296734,1.8255200125459274,1.2222186882786858,21.0,2.0,2.3
2.407999999999956,21.088202553074712,1.8278928661054556,1.22338464557553,21.0,2.0,2.3
2.4099999999999557,21.087284584953203,1.8301805779187197,1.2245122878934696,21.0,2.0,2.3
2.4119999999999555,21.086305309173937,1.8323792917493504,1.225601870382219,21.0,2.0,2.3
2.4139999999999553,21.085269004703207,1.8344853490119772,1.2266534777782157,21.0,2.0,2.3
2.415999999999955,21.084183853986094,1.8364959430073693,1.227667509146879,21.0,2.0,2.3
2.417999999999955,21.083054221299857,1.8384082970796363,1.2286442343450987,21.0,2.0,2.3
2.4199999999999546,21.081886704599018,1.8402204068245995,1.2295836535025588,21.0,2.0,2.3
2.4219999999999544,21.080687709949697,1.8419304084010923,1.230486166367722,21.0,2.0,2.3
2.423999999999954,21.079463707681985,1.843537111035934,1.2313520165810687,21.0,2.0,2.3
2.425999999999954,21.078218776763457,1.8450396900229529,1.232181908669845,21.0,2.0,2.3
2.4279999999999538,21.076961769271584,1.8464377445747606,1.232975935952257,21.0,2.0,2.3
2.4299999999999535,21.075696957631994,1.847731337884135,1.2337344388000901,21.0,2.0,2.3
2.4319999999999533,21.074428586755758,1.848920560294618,1.2344580708420452,21.0,2.0,2.3
2.433999999999953,21.073166912823677,1.8500066150774062,1.2351468960514767,21.0,2.0,2.3
2.435999999999953,21.071913647694505,1.8509899532871674,1.2358018357675504,21.0,2.0,2.3
2.4379999999999526,21.070674760765026,1.8518724297380569,1.2364233873686372,21.0,2.0,2.3
2.4399999999999524,21.069456003542335,1.8526552881456388,1.23701219032726,21.0,2.0,2.3
2.441999999999952,21.068262691845206,1.8533410344472325,1.2375688774887124,21.0,2.0,2.3
2.443999999999952,21.067098663420335,1.8539308234082053,1.238094430648424,21.0,2.0,2.3
2.4459999999999518,21.065968841823935,1.8544272639676782,1.2385896273060668,21.0,2.0,2.3
2.4479999999999515,21.064875827861954,1.8548329118133229,1.239056032132861,21.0,2.0,2.3
2.4499999999999513,21.063824798710794,1.8551512249472295,1.2394941009958966,21.0,2.0,2.3
2.451999999999951,21.062819694947056,1.855383756177092,1.2399058890296577,21.0,2.0,2.3
2.453999999999951,21.061860299202717,1.855533233356546,1.240293569635295,21.0,2.0,2.3
2.4559999999999507,21.060950275273584,1.8556036648797831,1.2406586102534447,21.0,2.0,2.3
2.4579999999999504,21.06009133086273,1.8555963598174348,1.2410041936507872,21.0,2.0,2.3
2.4599999999999502,21.059282168748943,1.8555143819967324,1.2413331455172174,21.0,2.0,2.3
2.46199999999995,21.058523063711576,1.8553597665245205,1.2416491871140278,21.0,2.0,2.3
2.46399999999995,21.057813627631987,1.8551344079777115,1.2419568112122998,21.0,2.0,2.3
2.4659999999999496,21.057149018892446,1.8548388654683163,1.2422616171138365,21.0,2.0,2.3
2.4679999999999493,21.056523388041388,1.8544737508033733,1.2425700926136165,21.0,2.0,2.3
2.469999999999949,21.055929875664695,1.854037649250627,1.2428906609880876,21.0,2.0,2.3
2.471999999999949,21.055358543087756,1.8535284122425846,1.2432325721952693,21.0,2.0,2.3
2.4739999999999487,21.05479385682323,1.8529415803488936,1.243607788817257,21.0,2.0,2.3
2.4759999999999485,21.054221586528232,1.852271925299357,1.2440287193903485,21.0,2.0,2.3
2.4779999999999482,21.053626721852858,1.8515137094892684,1.244507266068679,21.0,2.0,2.3
2.479999999999948,21.052989330000784,1.8506589652124543,1.24505754257301,21.0,2.0,2.3
2.481999999999948,21.052301012881397,1.84970611543116,1.2456856466494253,21.0,2.0,2.3
2.4839999999999476,21.05155954858524,1.848656792399291,1.2463940943124256,21.0,2.0,2.3
2.4859999999999474,21.050779751667097,1.8475221289449322,1.2471754528307375,21.0,2.0,2.3
2.487999999999947,21.04997690203411,1.8463153838729376,1.2480217258911614,21.0,2.0,2.3
2.489999999999947,21.049180745158136,1.8450577123848684,1.2489170973207409,21.0,2.0,2.3
2.4919999999999467,21.048409078555476,1.8437661494310331,1.2498518638186156,21.0,2.0,2.3
2.4939999999999465,21.047680341579426,1.842457883158441,1.2508172134551083,21.0,2.0,2.3
2.4959999999999463,21.047006818033175,1.841148880797883,1.2518049945875958,21.0,2.0,2.3
2.497999999999946,21.04639845640305,1.839852830755932,1.2528093884710199,21.0,2.0,2.3
2.499999999999946,21.045851416138852,1.8385785252718339,1.253831257468717,21.0,2.0,2.3
2.5019999999999456,21.0453731934347,1.837339188629886,1.2548637421457605,21.0,2.0,2.3
2.5039999999999454,21.04495811087054,1.8361422826127225,1.2559075359376906,21.0,2.0,2.3
2.505999999999945,21.0446041969946,1.8349962112817342,1.2569608312146763,21.0,2.0,2.3
2.507999999999945,21.044306589895726,1.8339084126934115,1.2580225589136453,21.0,2.0,2.3
2.5099999999999447,21.044062000622326,1.8328857813545205,1.2590907358975119,21.0,2.0,2.3
2.5119999999999445,21.04386008963028,1.8319336866280773,1.260165909549403,21.0,2.0,2.3
2.5139999999999443,21.04369881969259,1.8310583811371013,1.2612440371433313,21.0,2.0,2.3
2.515999999999944,21.043568857271822,1.8302637883042852,1.2623259825280175,21.0,2.0,2.3
2.517999999999944,21.043461051088197,1.8295539734093151,1.2634095324774273,21.0,2.0,2.3
2.5199999999999436,21.043374888935887,1.8289328191737697,1.2644895890002845,21.0,2.0,2.3
2.5219999999999434,21.043296247798967,1.8284019245465786,1.2655675600747924,21.0,2.0,2.3
2.523999999999943,21.043222445608407,1.8279636359940197,1.2666384059855034,21.0,2.0,2.3
2.525999999999943,21.043143881840475,1.8276183895604958,1.2677008193741441,21.0,2.0,2.3
2.5279999999999427,21.043058030781328,1.8273668702809822,1.26875078794652,21.0,2.0,2.3
2.5299999999999425,21.042955794277674,1.8272084940352737,1.2697867581992321,21.0,2.0,2.3
2.5319999999999423,21.042832758282344,1.8271421949570983,1.2708055999305632,21.0,2.0,2.3
2.533999999999942,21.04268302128783,1.8271663380084167,1.2718047872367915,21.0,2.0,2.3
2.535999999999942,21.042500482974514,1.827278727719178,1.2727822675945695,21.0,2.0,2.3
2.5379999999999416,21.042284354470493,1.8274767357214143,1.2737344245392157,21.0,2.0,2.3
2.5399999999999414,21.042027221485206,1.8277575212047528,1.2746600722941326,21.0,2.0,2.3
2.541999999999941,21.041728949131723,1.8281176388050313,1.2755567079284487,21.0,2.0,2.3
2.543999999999941,21.041383074862324,1.8285536583164952,1.27642262502073,21.0,2.0,2.3
2.5459999999999408,21.040990090063868,1.829061616950047,1.2772560289806003,21.0,2.0,2.3
2.5479999999999405,21.04054477048471,1.8296374478615378,1.2780552613233778,21.0,2.0,2.3
2.5499999999999403,21.04004598172671,1.830277442471716,1.2788184521206614,21.0,2.0,2.3
2.55199999999994,21.039493534648756,1.830977227113915,1.2795443120458354,21.0,2.0,2.3
2.55399999999994,21.038882989853295,1.8317327898845286,1.2802316895650638,21.0,2.0,2.3
2.5559999999999397,21.038212860069336,1.8325399389211887,1.280878982347902,21.0,2.0,2.3
2.5579999999999394,21.037487939782626,1.83339410160628,1.2814859246499721,21.0,2.0,2.3
2.559999999999939,21.036702860408695,1.834291611850264,1.2820506601086408,21.0,2.0,2.3
2.561999999999939,21.03585894670013,1.8352282818012633,1.2825721495814657,21.0,2.0,2.3
2.5639999999999388,21.034953801357144,1.83620015154732,1.2830494670085573,21.0,2.0,2.3
2.5659999999999386,21.033991233502316,1.8372032655711024,1.2834811819045955,21.0,2.0,2.3
2.5679999999999383,21.0329694578755,1.838234181606288,1.2838659183924315,21.0,2.0,2.3
2.569999999999938,21.031888952428833,1.8392888028504035,1.2842027850337787,21.0,2.0,2.3
2.571999999999938,21.030752452296458,1.8403638850029624,1.2844895704966792,21.0,2.0,2.3
2.5739999999999377,21.02956112193264,1.8414560530211912,1.2847247707767473,21.0,2.0,2.3
2.5759999999999375,21.028314453551697,1.8425619623779164,1.2849069576717558,21.0,2.0,2.3
2.5779999999999372,21.02701795321123,1.8436783440748885,1.2850350234206733,21.0,2.0,2.3
2.579999999999937,21.02567153404529,1.844802345413362,1.2851075892265655,21.0,2.0,2.3
2.581999999999937,21.024278981655165,1.8459311102412397,1.2851239577699378,21.0,2.0,2.3
2.5839999999999366,21.02284068055364,1.8470623116789875,1.2850812612773252,21.0,2.0,2.3
2.5859999999999363,21.021362312021058,1.8481934138683722,1.2849800349023979,21.0,2.0,2.3
2.587999999999936,21.01984380025339,1.8493225873460426,1.284820063390321,21.0,2.0,2.3
2.589999999999936,21.018286775557357,1.8504484935406742,1.2846014541519872,21.0,2.0,2.3
2.5919999999999357,21.016692413399095,1.8515701543590304,1.2843252936836678,21.0,2.0,2.3
2.5939999999999355,21.015063210327934,1.8526865661508072,1.283994275911361,21.0,2.0,2.3
2.5959999999999352,21.013398080362798,1.8537975007964214,1.2836084296541304,21.0,2.0,2.3
2.597999999999935,21.011697140393373,1.8549022532033796,1.2831700853324541,21.0,2.0,2.3
2.599999999999935,21.009959050836834,1.8559997807240756,1.2826785108587193,21.0,2.0,2.3
2.6019999999999346,21.008185821799003,1.8570892356719508,1.282134681964759,21.0,2.0,2.3
2.6039999999999344,21.00637389562617,1.8581698242121354,1.2815378185832027,21.0,2.0,2.3
2.605999999999934,21.00452331440831,1.8592400133621416,1.2808880569975656,21.0,2.0,2.3
2.607999999999934,21.002630347173287,1.8602982308271698,1.2801842315605712,21.0,2.0,2.3
2.6099999999999337,21.00069484341004,1.861342737626059,1.2794263183794745,21.0,2.0,2.3
2.6119999999999335,20.998716561515554,1.862371957343207,1.2786150072248237,21.0,2.0,2.3
2.6139999999999333,20.996691614530587,1.8633836789090008,1.2777500059667535,21.0,2.0,2.3
2.615999999999933,20.994618026704497,1.864375165001802,1.2768312177704935,21.0,2.0,2.3
2.617999999999933,20.992494023768863,1.865343720427318,1.275859428609448,21.0,2.0,2.3
2.6199999999999326,20.99032000257953,1.8662863454490695,1.2748355296145804,21.0,2.0,2.3
2.6219999999999324,20.988092952281413,1.8672000172476726,1.2737608412984815,21.0,2.0,2.3
2.623999999999932,20.985814065800543,1.8680814635790806,1.2726367090574549,21.0,2.0,2.3
2.625999999999932,20.983483015225282,1.8689284547756921,1.2714650556895122,21.0,2.0,2.3
