t,tip_x,tip_y,tip_z,target_x,target_y,target_z
0.0,-0.07937374050007728,-0.6655937933940577,-0.3795978932996279,0.0,1.7,2.3
0.0020000000000000018,-0.07937374050007728,-0.6655937933940577,-0.379617512237522,0.0,1.7,2.3
0.0040000000000000036,-0.07937374050007728,-0.6655937933940577,-0.3796763648662155,0.0,1.7,2.3
0.006000000000000005,-0.07937374050007728,-0.6655937933940577,-0.3797744449088197,0.0,1.7,2.3
0.008000000000000007,-0.07937374050007728,-0.6655937933940577,-0.3799117460894497,0.0,1.7,2.3
0.010000000000000009,-0.07937374050007728,-0.6655937933940577,-0.38008826213322655,0.0,1.7,2.3
0.01200000000000001,-0.07937374050007728,-0.6655937933940577,-0.3803039867662737,0.0,1.7,2.3
0.014000000000000012,-0.07937374050007728,-0.6655937933940577,-0.38055891371571804,0.0,1.7,2.3
0.016000000000000014,-0.07937374050007728,-0.6655937933940577,-0.3808530367096911,0.0,1.7,2.3
0.018000000000000016,-0.07937374050007728,-0.6655937933940577,-0.38118634947732866,0.0,1.7,2.3
0.020000000000000018,-0.07937374050007728,-0.6655937933940577,-0.3815588457487687,0.0,1.7,2.3
0.02200000000000002,-0.07937374050007728,-0.6655937933940577,-0.38197051925514824,0.0,1.7,2.3
0.02400000000000002,-0.07937374050007728,-0.6655937933940577,-0.38242136372861485,0.0,1.7,2.3
0.026000000000000023,-0.07937374050007728,-0.6655937933940577,-0.3829113729023165,0.0,1.7,2.3
0.028000000000000025,-0.07937374050007728,-0.6655937933940577,-0.38344054051039667,0.0,1.7,2.3
0.030000000000000027,-0.07937374050007728,-0.6655937933940577,-0.38400886028801223,0.0,1.7,2.3
0.03200000000000003,-0.07937374050007728,-0.6655937933940577,-0.3846163259713162,0.0,1.7,2.3
0.03400000000000003,-0.07937374050007728,-0.6655937933940577,-0.3852629312974609,0.0,1.7,2.3
0.03600000000000003,-0.07937374050007173,-0.6655937933940305,-0.3859486700045704,0.0,1.7,2.3
0.038000000000000034,-0.07937374049988215,-0.6655937933930755,-0.3866735358306001,0.0,1.7,2.3
0.040000000000000036,-0.07937374049543555,-0.6655937933706634,-0.38743752248824403,0.0,1.7,2.3
0.04200000000000004,-0.07937374041696936,-0.6655937929751841,-0.38824062324818054,0.0,1.7,2.3
0.04400000000000004,-0.07937373936155438,-0.6655937876557679,-0.3890828257631033,0.0,1.7,2.3
0.04600000000000004,-0.07937372842626532,-0.6655937325405997,-0.38996406373373355,0.0,1.7,2.3
0.04800000000000004,-0.0793736404758886,-0.6655932892601469,-0.39088387813597797,0.0,1.7,2.3
0.050000000000000044,-0.07937308873372594,-0.6655905084134454,-0.3918396542446622,0.0,1.7,2.3
0.052000000000000046,-0.07937038330277608,-0.6655768727168492,-0.39281998892956366,0.0,1.7,2.3
0.05400000000000005,-0.0793600105727711,-0.6655245929130551,-0.3937876914617447,0.0,1.7,2.3
0.05600000000000005,-0.07932886654392157,-0.6653676232708412,-0.3946543805785719,0.0,1.7,2.3
0.05800000000000005,-0.07925505149087728,-0.6649955865468103,-0.3952723555469512,0.0,1.7,2.3
0.06000000000000005,-0.07911417769413716,-0.6642855657085244,-0.3954771362915667,0.0,1.7,2.3
0.062000000000000055,-0.07889031930437113,-0.6631572925644968,-0.3951613106471251,0.0,1.7,2.3
0.06400000000000006,-0.0785812136450167,-0.6615993629533671,-0.3943096125925349,0.0,1.7,2.3
0.06600000000000006,-0.07819476511512098,-0.6596516159947391,-0.39297534213132695,0.0,1.7,2.3
0.06800000000000006,-0.07774664763665898,-0.6573930501359979,-0.3912641998424582,0.0,1.7,2.3
0.07000000000000006,-0.07726628733098462,-0.6549719765594576,-0.38937463285568247,0.0,1.7,2.3
0.07200000000000006,-0.07679734069870224,-0.6526084292662812,-0.38760105975631354,0.0,1.7,2.3
0.07400000000000007,-0.07636733993222575,-0.6504411738096784,-0.38612915478288656,0.0,1.7,2.3
0.07600000000000007,-0.07595059109366602,-0.6483407096598044,-0.38478562850612397,0.0,1.7,2.3
0.07800000000000007,-0.07550010903877667,-0.646070226052154,-0.38325360094357214,0.0,1.7,2.3
0.08000000000000007,-0.07500498899964123,-0.6435747616480227,-0.3814595226769344,0.0,1.7,2.3
0.08200000000000007,-0.07446966634122022,-0.6408766712189907,-0.3794333000604937,0.0,1.7,2.3
0.08400000000000007,-0.07389019180072685,-0.63795605000676,-0.37714829247307896,0.0,1.7,2.3
0.08600000000000008,-0.07328519031191733,-0.6349067699121694,-0.37473010249474853,0.0,1.7,2.3
0.08800000000000008,-0.07270294054886288,-0.6319721612452452,-0.37250432123396704,0.0,1.7,2.3
0.09000000000000008,-0.07219660526009475,-0.6294201706373109,-0.3708294786082248,0.0,1.7,2.3
0.09200000000000008,-0.07179990230054502,-0.6274207401228507,-0.36993296574561113,0.0,1.7,2.3
0.09400000000000008,-0.07147252397408424,-0.6257707140770628,-0.3695429362156977,0.0,1.7,2.3
0.09600000000000009,-0.07111775719348894,-0.6239826469362397,-0.3690071385884879,0.0,1.7,2.3
0.09800000000000009,-0.07070421247624795,-0.6218983319422621,-0.3681138719817925,0.0,1.7,2.3
0.10000000000000009,-0.07026104724168407,-0.6196647259869624,-0.36705977138058954,0.0,1.7,2.3
0.10200000000000009,-0.06979906405755094,-0.6173362753079635,-0.36591768436001576,0.0,1.7,2.3
0.10400000000000009,-0.06930574953704478,-0.6148499109343528,-0.3646032127873484,0.0,1.7,2.3
0.1060000000000001,-0.06876935757226649,-0.6121464310729645,-0.3630371331556185,0.0,1.7,2.3
0.1080000000000001,-0.06820502209680343,-0.6093021125649187,-0.36132150431502913,0.0,1.7,2.3
0.1100000000000001,-0.0676297933087143,-0.6064028904541877,-0.35957130864366704,0.0,1.7,2.3
0.1120000000000001,-0.06700607620277874,-0.6032592814036309,-0.35753299444646647,0.0,1.7,2.3
0.1140000000000001,-0.06632726406188356,-0.5998379867662853,-0.3551619989137166,0.0,1.7,2.3
0.1160000000000001,-0.06566452407242744,-0.5964976977005382,-0.352938276153257,0.0,1.7,2.3
0.1180000000000001,-0.06502500275498789,-0.5932744335274751,-0.35091001690977,0.0,1.7,2.3
0.1200000000000001,-0.06440179654918804,-0.5901333994742707,-0.3490306564287312,0.0,1.7,2.3
0.12200000000000011,-0.06382418422746068,-0.587222164066619,-0.3474976481271408,0.0,1.7,2.3
0.12400000000000011,-0.0632242460080678,-0.584198403454941,-0.34585292623686786,0.0,1.7,2.3
0.1260000000000001,-0.06259215914875825,-0.5810126098396209,-0.3440302386791303,0.0,1.7,2.3
0.1280000000000001,-0.06195110754949549,-0.5777816328586092,-0.34218593822713844,0.0,1.7,2.3
0.13000000000000012,-0.061204696421479396,-0.5740196312143954,-0.33966992016991554,0.0,1.7,2.3
0.13200000000000012,-0.06034246674477326,-0.5696738902017469,-0.3364116413476225,0.0,1.7,2.3
0.13400000000000012,-0.0593999866696236,-0.5649236775817926,-0.3326509715800351,0.0,1.7,2.3
0.13600000000000012,-0.05838931409545883,-0.5598297666327423,-0.3284692246213302,0.0,1.7,2.3
0.13800000000000012,-0.05734227625096407,-0.5545525704185758,-0.3240810410603864,0.0,1.7,2.3
0.14000000000000012,-0.056284571321744865,-0.549221610914712,-0.3196597264398822,0.0,1.7,2.3
0.14200000000000013,-0.05526810479528439,-0.5440984982412093,-0.31555533145991055,0.0,1.7,2.3
0.14400000000000013,-0.05430053774336111,-0.539221845757859,-0.31181951664889496,0.0,1.7,2.3
0.14600000000000013,-0.05332206203490472,-0.5342902142449443,-0.30804892163425274,0.0,1.7,2.3
0.14800000000000013,-0.05235804391352227,-0.529431454279734,-0.3044146121390109,0.0,1.7,2.3
0.15000000000000013,-0.05143704104561049,-0.5247895027189596,-0.30110917642222684,0.0,1.7,2.3
0.15200000000000014,-0.05052376140433206,-0.5201864870891293,-0.2978945919976945,0.0,1.7,2.3
0.15400000000000014,-0.04964052733952853,-0.5157349194425672,-0.2949213940336771,0.0,1.7,2.3
0.15600000000000014,-0.048839546547551016,-0.511697938097633,-0.2925416674095508,0.0,1.7,2.3
0.15800000000000014,-0.04814037424494875,-0.5081741065202714,-0.29088728577362377,0.0,1.7,2.3
0.16000000000000014,-0.04751542515338994,-0.5050243917438917,-0.28977220313782176,0.0,1.7,2.3
0.16200000000000014,-0.046886413403799725,-0.501854231044465,-0.28866843804700326,0.0,1.7,2.3
0.16400000000000015,-0.04623445488201381,-0.49856845869523025,-0.2874486185527065,0.0,1.7,2.3
0.16600000000000015,-0.04556815507270659,-0.49521046134693253,-0.2861707649511591,0.0,1.7,2.3
0.16800000000000015,-0.04490549219466053,-0.4918708536422797,-0.28495611586041036,0.0,1.7,2.3
0.17000000000000015,-0.04424797513988761,-0.4885572476847384,-0.28381483540306,0.0,1.7,2.3
0.17200000000000015,-0.04357352919628937,-0.4851584123170991,-0.28259802327626343,0.0,1.7,2.3
0.17400000000000015,-0.04289961299106762,-0.4817623540938376,-0.2814234072913058,0.0,1.7,2.3
0.17600000000000016,-0.042169912068855404,-0.47808540246210457,-0.2799110875767357,0.0,1.7,2.3
0.17800000000000016,-0.04139848805236071,-0.4741985522988718,-0.278155818702122,0.0,1.7,2.3
0.18000000000000016,-0.0405762900540533,-0.4700564533882932,-0.27609639820767673,0.0,1.7,2.3
0.18200000000000016,-0.03967490840952859,-0.46551636455268275,-0.27354096618407187,0.0,1.7,2.3
0.18400000000000016,-0.03873497035603762,-0.46078332150539963,-0.27076337912600884,0.0,1.7,2.3
0.18600000000000017,-0.0377381009319156,-0.4557653149975448,-0.2676393877362398,0.0,1.7,2.3
0.18800000000000017,-0.036720799867247716,-0.45064638415656644,-0.26441513784227055,0.0,1.7,2.3
0.19000000000000017,-0.0357382354672891,-0.4457038566406434,-0.2614631083035163,0.0,1.7,2.3
0.19200000000000017,-0.03484746941079837,-0.44122357062608053,-0.2591690607566171,0.0,1.7,2.3
0.19400000000000017,-0.03404647933245207,-0.43719427122307924,-0.2575198643138847,0.0,1.7,2.3
0.19600000000000017,-0.0332763940275665,-0.4333199695974294,-0.25611803967262986,0.0,1.7,2.3
0.19800000000000018,-0.03246038148133224,-0.4292159642328807,-0.25444408257062373,0.0,1.7,2.3
0.20000000000000018,-0.03156666884424569,-0.4247242919583054,-0.25228263020260616,0.0,1.7,2.3
0.20200000000000018,-0.030645822008483193,-0.42009942224741786,-0.24997499519948088,0.0,1.7,2.3
0.20400000000000018,-0.029628928626547823,-0.4149975576501448,-0.24705471286251557,0.0,1.7,2.3
0.20600000000000018,-0.028581792732759303,-0.4097484073870596,-0.24396667571848532,0.0,1.7,2.3
0.20800000000000018,-0.02758479130843695,-0.4047530460783355,-0.24125499036714754,0.0,1.7,2.3
0.2100000000000002,-0.026664165514757247,-0.40014093851183097,-0.239097866637747,0.0,1.7,2.3
0.2120000000000002,-0.02585460594305136,-0.39608396727987283,-0.23773052449218438,0.0,1.7,2.3
0.2140000000000002,-0.025050116773435927,-0.3920537353550941,-0.23643524954056575,0.0,1.7,2.3
0.2160000000000002,-0.02423163528565091,-0.38795583479733947,-0.23508274295175427,0.0,1.7,2.3
0.2180000000000002,-0.023386447704163538,-0.38372752611138383,-0.2335867243783678,0.0,1.7,2.3
0.2200000000000002,-0.02259039104406723,-0.37974605332534733,-0.23246091009458272,0.0,1.7,2.3
0.2220000000000002,-0.021806398015480028,-0.3758270804248176,-0.231454157690704,0.0,1.7,2.3
0.2240000000000002,-0.020937076458018688,-0.3714868071328499,-0.22990654874437785,0.0,1.7,2.3
0.2260000000000002,-0.020085924126072154,-0.3672395593509756,-0.22851942622500154,0.0,1.7,2.3
0.2280000000000002,-0.01921603754227817,-0.362902037242661,-0.22704276456098493,0.0,1.7,2.3
0.2300000000000002,-0.018288788712352788,-0.35828236075568615,-0.22521495397503755,0.0,1.7,2.3
0.2320000000000002,-0.017323785089556357,-0.3534775066748672,-0.22316919894738071,0.0,1.7,2.3
0.2340000000000002,-0.01635013414976719,-0.3486313289858971,-0.22110308640037749,0.0,1.7,2.3
0.2360000000000002,-0.015356335588474325,-0.3436860601846316,-0.21893908791049782,0.0,1.7,2.3
0.2380000000000002,-0.014346687754718843,-0.338662326468553,-0.2167066898767406,0.0,1.7,2.3
0.2400000000000002,-0.013362426745560638,-0.3337645173301174,-0.21468527681580765,0.0,1.7,2.3
0.24200000000000021,-0.01238039040830534,-0.3288775356928685,-0.21271798673018513,0.0,1.7,2.3
0.24400000000000022,-0.011415753581951071,-0.3240770064065682,-0.21090735783251252,0.0,1.7,2.3
0.24600000000000022,-0.010448412647991342,-0.3192624675427006,-0.20911761883133723,0.0,1.7,2.3
0.24800000000000022,-0.009470441036779804,-0.3143936680682826,-0.2072955775610264,0.0,1.7,2.3
0.2500000000000002,-0.00848053330242088,-0.30946262140654357,-0.20543318649746184,0.0,1.7,2.3
0.2520000000000002,-0.007472533310032867,-0.30443699617072484,-0.203489677376618,0.0,1.7,2.3
0.2540000000000002,-0.006449657735505158,-0.2993306948700841,-0.20148784995286692,0.0,1.7,2.3
0.2560000000000002,-0.00538569968040156,-0.29400807631897113,-0.1992531463692687,0.0,1.7,2.3
0.25800000000000023,-0.00431569534438969,-0.28864385046477936,-0.19702215594721886,0.0,1.7,2.3
0.26000000000000023,-0.003228970834827188,-0.2831813001719819,-0.19472444364255506,0.0,1.7,2.3
0.26200000000000023,-0.0021491543206246574,-0.277741354023666,-0.19251794779443643,0.0,1.7,2.3
0.26400000000000023,-0.001060081064543699,-0.2722385049320039,-0.19029582596493702,0.0,1.7,2.3
0.26600000000000024,5.06022817718005e-05,-0.26660658827156314,-0.18797680042130263,0.0,1.7,2.3
0.26800000000000024,0.001120954196925755,-0.2611715354042922,-0.18597073944108752,0.0,1.7,2.3
0.27000000000000024,0.0022038636853975776,-0.25565522618632175,-0.18392747636004267,0.0,1.7,2.3
0.27200000000000024,0.0032839069666774526,-0.2501401847939687,-0.18194839392228537,0.0,1.7,2.3
0.27400000000000024,0.004303845106008704,-0.2449411810107867,-0.18040597933164795,0.0,1.7,2.3
0.27600000000000025,0.005298655461410626,-0.23987706841370712,-0.17906750183379336,0.0,1.7,2.3
0.27800000000000025,0.006296421239307228,-0.2347960396456386,-0.17774904101655498,0.0,1.7,2.3
0.28000000000000025,0.007245508231288119,-0.2299875641875478,-0.1767841765994209,0.0,1.7,2.3
0.28200000000000025,0.008153285699658187,-0.2254192120983477,-0.17612139488534537,0.0,1.7,2.3
0.28400000000000025,0.009035085674513704,-0.22101194293875961,-0.17565865387955024,0.0,1.7,2.3
0.28600000000000025,0.009918296661036781,-0.2166105411346976,-0.17521990411858002,0.0,1.7,2.3
0.28800000000000026,0.010861147106107,-0.21187690208908797,-0.17443440688123518,0.0,1.7,2.3
0.29000000000000026,0.011803611227613128,-0.2071463624403773,-0.17369033251951707,0.0,1.7,2.3
0.29200000000000026,0.012732025933324531,-0.2024964739195898,-0.17307548098628886,0.0,1.7,2.3
0.29400000000000026,0.013725573564443184,-0.19746424347795336,-0.1720871829785539,0.0,1.7,2.3
0.29600000000000026,0.014774407478003652,-0.19209189123193499,-0.17079475642778594,0.0,1.7,2.3
0.29800000000000026,0.015886340731002358,-0.1863149653416297,-0.16915680675327946,0.0,1.7,2.3
0.30000000000000027,0.017066332699052496,-0.18008519939734413,-0.1671500599254642,0.0,1.7,2.3
0.30200000000000027,0.018289057292566684,-0.1735330257734674,-0.16494248116034116,0.0,1.7,2.3
0.30400000000000027,0.019574419712237837,-0.16651761053167644,-0.16241773259231598,0.0,1.7,2.3
0.30600000000000027,0.020833656462037057,-0.1595873834225216,-0.16012582783845591,0.0,1.7,2.3
0.3080000000000003,0.02203879246274453,-0.1529420902908557,-0.15822877655975315,0.0,1.7,2.3
0.3100000000000003,0.02316392091646422,-0.14679147940086637,-0.1568668807500854,0.0,1.7,2.3
0.3120000000000003,0.024241247550721927,-0.14094808632159703,-0.155835978453579,0.0,1.7,2.3
0.3140000000000003,0.025357131137314692,-0.1348278425790596,-0.15462112247470738,0.0,1.7,2.3
0.3160000000000003,0.026505362299047562,-0.1284403553947732,-0.15327184281970946,0.0,1.7,2.3
0.3180000000000003,0.0277283217214024,-0.1214519505384303,-0.15155317218783979,0.0,1.7,2.3
0.3200000000000003,0.028971620365468274,-0.1142217893823907,-0.14979184976782992,0.0,1.7,2.3
0.3220000000000003,0.03022068022243695,-0.1068449673301067,-0.14807518531548156,0.0,1.7,2.3
0.3240000000000003,0.03150912804813216,-0.09905981172431745,-0.1462145254327306,0.0,1.7,2.3
0.3260000000000003,0.03279977105132944,-0.09114116162945037,-0.1444218123420917,0.0,1.7,2.3
0.3280000000000003,0.03400743780500013,-0.08380242004400497,-0.1431544491567342,0.0,1.7,2.3
0.3300000000000003,0.03517422629738792,-0.07675142045030672,-0.14216502270213854,0.0,1.7,2.3
0.3320000000000003,0.036380009323924455,-0.06932739861333523,-0.14102065357920282,0.0,1.7,2.3
0.3340000000000003,0.03756219750973969,-0.062045425751316004,-0.14006083526755722,0.0,1.7,2.3
0.3360000000000003,0.03872204540912838,-0.05490835891266348,-0.1392742958450793,0.0,1.7,2.3
0.3380000000000003,0.03986434532870116,-0.047895625925039036,-0.1386288700615514,0.0,1.7,2.3
0.3400000000000003,0.04097169760275929,-0.04118403030550714,-0.13820832554692614,0.0,1.7,2.3
0.3420000000000003,0.04205844509602982,-0.03466040256349737,-0.13793351963158454,0.0,1.7,2.3
0.3440000000000003,0.04314930442849785,-0.028094296114972293,-0.13767895803984592,0.0,1.7,2.3
0.3460000000000003,0.044241422070975624,-0.021505386054233102,-0.13746123623024517,0.0,1.7,2.3
0.3480000000000003,0.045333260545322954,-0.01490229291042977,-0.1372898575932079,0.0,1.7,2.3
0.3500000000000003,0.04643634727745123,-0.008164821105675615,-0.1371100645854527,0.0,1.7,2.3
0.3520000000000003,0.04752612583577516,-0.001539451911852959,-0.13704118253725878,0.0,1.7,2.3
0.3540000000000003,0.04859185870957803,0.004853110371701368,-0.13713158308156367,0.0,1.7,2.3
0.3560000000000003,0.049689807379028894,0.011601769495917399,-0.13711494758195011,0.0,1.7,2.3
0.3580000000000003,0.05080567609962481,0.01857754989660981,-0.13706483990039253,0.0,1.7,2.3
0.3600000000000003,0.051899228255805986,0.02535711688982787,-0.13717086187679156,0.0,1.7,2.3
0.3620000000000003,0.0530415513275222,0.032730130616015984,-0.13710965358306115,0.0,1.7,2.3
0.3640000000000003,0.05421151052243994,0.04049762446443176,-0.13698708021876554,0.0,1.7,2.3
0.3660000000000003,0.0553734629983734,0.04827998195194476,-0.13696922765269315,0.0,1.7,2.3
0.3680000000000003,0.05658460328323793,0.05676836608004669,-0.13681104285610654,0.0,1.7,2.3
0.37000000000000033,0.05781801597058077,0.06569370012512248,-0.13664188097989038,0.0,1.7,2.3
0.37200000000000033,0.05907753241730914,0.07515873447956091,-0.13645914965487235,0.0,1.7,2.3
0.37400000000000033,0.06035924240983649,0.08515465613769481,-0.1362879787671812,0.0,1.7,2.3
0.37600000000000033,0.061633005151898235,0.0953102744151484,-0.1362534669063937,0.0,1.7,2.3
0.37800000000000034,0.06290347516243555,0.10568203207640776,-0.13633415239025282,0.0,1.7,2.3
0.38000000000000034,0.06414879505146273,0.11592619644187285,-0.1366021942499702,0.0,1.7,2.3
0.38200000000000034,0.06539814574443183,0.12649378324280489,-0.13695527678676464,0.0,1.7,2.3
0.38400000000000034,0.06666980709378229,0.13775419911079914,-0.1373472639674515,0.0,1.7,2.3
0.38600000000000034,0.06795821093677314,0.14974199738625352,-0.13781969269201844,0.0,1.7,2.3
0.38800000000000034,0.06924782136887342,0.16225561848311,-0.1384294100020168,0.0,1.7,2.3
0.39000000000000035,0.07052027250751397,0.17495077422657054,-0.13922213460799365,0.0,1.7,2.3
0.39200000000000035,0.07178190002817993,0.1879389601094562,-0.14017434664266862,0.0,1.7,2.3
0.39400000000000035,0.0730223178549639,0.20093650924084594,-0.14129397573648375,0.0,1.7,2.3
0.39600000000000035,0.07424880123216908,0.21410809443148468,-0.14256171508832752,0.0,1.7,2.3
0.39800000000000035,0.07547722095739151,0.2279853958996768,-0.1439672169747432,0.0,1.7,2.3
0.40000000000000036,0.07669711211742695,0.24240785191813413,-0.14553470990957415,0.0,1.7,2.3
0.40200000000000036,0.0779009094197661,0.25720657492211263,-0.14727016080185734,0.0,1.7,2.3
0.40400000000000036,0.07908894976669494,0.2724257742060686,-0.14916824661935066,0.0,1.7,2.3
0.40600000000000036,0.0802568638256731,0.2878433832734848,-0.15121137116772712,0.0,1.7,2.3
0.40800000000000036,0.08140537080262908,0.3034378255563757,-0.15338486914155222,0.0,1.7,2.3
0.41000000000000036,0.08253479627881635,0.31900735105627065,-0.15565900512523312,0.0,1.7,2.3
0.41200000000000037,0.0836448087115652,0.3337212837509141,-0.157951391722704,0.0,1.7,2.3
0.41400000000000037,0.08474485859457472,0.3469127093676118,-0.1601808589731212,0.0,1.7,2.3
0.41600000000000037,0.08584744523264573,0.358318892237696,-0.16230390324049684,0.0,1.7,2.3
0.41800000000000037,0.08696199677610134,0.3696965919729466,-0.16446608048163802,0.0,1.7,2.3
0.4200000000000004,0.08808456923568748,0.3815912179356243,-0.1667277082274366,0.0,1.7,2.3
0.4220000000000004,0.08920781218359165,0.39345533489694307,-0.1690538787175119,0.0,1.7,2.3
0.4240000000000004,0.09032740622270648,0.4064474473569452,-0.1715639112202595,0.0,1.7,2.3
0.4260000000000004,0.09144223369050294,0.41900047886464253,-0.17410426078359226,0.0,1.7,2.3
0.4280000000000004,0.0925578233269994,0.43058169042462385,-0.17660888535316796,0.0,1.7,2.3
0.4300000000000004,0.09367627837699229,0.4419769053620148,-0.17915226615841562,0.0,1.7,2.3
0.4320000000000004,0.09479663636496301,0.45326636147366084,-0.1817457197456563,0.0,1.7,2.3
0.4340000000000004,0.09590666801215761,0.465634272759501,-0.18453998509109382,0.0,1.7,2.3
0.4360000000000004,0.09700063538219066,0.47886719054805127,-0.18752380493336313,0.0,1.7,2.3
0.4380000000000004,0.09807381788493254,0.4927691574217211,-0.19068095075158514,0.0,1.7,2.3
0.4400000000000004,0.09912564482667777,0.507112678715879,-0.19397833089036978,0.0,1.7,2.3
0.4420000000000004,0.1001560222300769,0.5217211573883823,-0.19738483366719195,0.0,1.7,2.3
0.4440000000000004,0.1011692222526726,0.5364045437914156,-0.20086359616455465,0.0,1.7,2.3
0.4460000000000004,0.10219131742871883,0.5501393853839615,-0.20426152271113354,0.0,1.7,2.3
0.4480000000000004,0.10321798151910658,0.5634535138794029,-0.20765507004628392,0.0,1.7,2.3
0.4500000000000004,0.10425634746945497,0.5762450806289404,-0.2110344121232924,0.0,1.7,2.3
0.4520000000000004,0.10528582012519677,0.5892373233723684,-0.2144989352569457,0.0,1.7,2.3
0.4540000000000004,0.10627886530975364,0.603198256911069,-0.21813999274181559,0.0,1.7,2.3
0.4560000000000004,0.10725716942187263,0.6172439876694619,-0.2218181941068645,0.0,1.7,2.3
0.4580000000000004,0.1082158026201758,0.6315088291930766,-0.22553930718246637,0.0,1.7,2.3
0.4600000000000004,0.1091649995163892,0.6457420392745724,-0.22926797316601794,0.0,1.7,2.3
0.4620000000000004,0.11011204305685077,0.6597895920558772,-0.2329854292009485,0.0,1.7,2.3
0.4640000000000004,0.1110272408564771,0.6743650996833662,-0.23674756041243267,0.0,1.7,2.3
0.4660000000000004,0.11189555372820228,0.6896935477067154,-0.24052935297311104,0.0,1.7,2.3
0.4680000000000004,0.11273505471459255,0.7052812918167196,-0.24425640237424412,0.0,1.7,2.3
0.4700000000000004,0.11356587226964415,0.7207350726833406,-0.24790806148769906,0.0,1.7,2.3
0.4720000000000004,0.11440503469942814,0.7358109409257649,-0.25150740023931706,0.0,1.7,2.3
0.4740000000000004,0.11525291613840227,0.7505886311051359,-0.2550900137821423,0.0,1.7,2.3
0.4760000000000004,0.11613496592305096,0.764711039905614,-0.25871193133744985,0.0,1.7,2.3
0.4780000000000004,0.11703004786590578,0.7785885537968458,-0.2623810128218718,0.0,1.7,2.3
0.4800000000000004,0.11785946691368854,0.7934581300700446,-0.2659759377952115,0.0,1.7,2.3
0.48200000000000043,0.11866961452873033,0.8084693098873306,-0.2694958900871389,0.0,1.7,2.3
0.48400000000000043,0.11945416442050875,0.8236748024230699,-0.27290042987838514,0.0,1.7,2.3
0.48600000000000043,0.12019813833562701,0.8392836221475184,-0.2761473290111976,0.0,1.7,2.3
0.48800000000000043,0.12096793637530619,0.8543617396708846,-0.27939984520816064,0.0,1.7,2.3
0.49000000000000044,0.12175104322807853,0.8691562102996225,-0.2826688770334416,0.0,1.7,2.3
0.49200000000000044,0.12255460535688877,0.8836268551134215,-0.2860088907167007,0.0,1.7,2.3
0.49400000000000044,0.12335323441266202,0.8981051056368929,-0.2893394751415375,0.0,1.7,2.3
0.49600000000000044,0.12411911551963804,0.9129062351882651,-0.2925422792884554,0.0,1.7,2.3
0.49800000000000044,0.12485979782812405,0.9278934606962497,-0.2956158945802337,0.0,1.7,2.3
0.5000000000000004,0.12558143909864225,0.9429717965641319,-0.29856997237070865,0.0,1.7,2.3
0.5020000000000004,0.12625659428293662,0.9584176527870908,-0.30126612238180805,0.0,1.7,2.3
0.5040000000000004,0.12692002541165456,0.9738339240282395,-0.3038499999934404,0.0,1.7,2.3
0.5060000000000004,0.12758083807678164,0.9891246275983093,-0.3063654448613749,0.0,1.7,2.3
0.5080000000000005,0.1282012410954002,1.0046739007743164,-0.30862507894934504,0.0,1.7,2.3
0.5100000000000005,0.12882342406387273,1.0200540505505333,-0.31084089781436774,0.0,1.7,2.3
0.5120000000000005,0.12940627661387374,1.0356404713782739,-0.31278307311430803,0.0,1.7,2.3
0.5140000000000005,0.12995249943316903,1.051374360279475,-0.31444817323045793,0.0,1.7,2.3
0.5160000000000005,0.13044141263816886,1.0673844940388235,-0.31568685069711483,0.0,1.7,2.3
0.5180000000000005,0.1309315025480347,1.0831832569822795,-0.3168582476855086,0.0,1.7,2.3
0.5200000000000005,0.13137434429232397,1.0991306439770154,-0.31764637977513244,0.0,1.7,2.3
0.5220000000000005,0.13177225126341985,1.1151937311535416,-0.3180618129493859,0.0,1.7,2.3
0.5240000000000005,0.13216764115033255,1.1310393760456487,-0.3183796774362772,0.0,1.7,2.3
0.5260000000000005,0.1324490703560109,1.1473674136086314,-0.3178049364538552,0.0,1.7,2.3
0.5280000000000005,0.13275027833720227,1.163317354447255,-0.3172935589449497,0.0,1.7,2.3
0.5300000000000005,0.13310352206427756,1.178783913069977,-0.3171250811933373,0.0,1.7,2.3
0.5320000000000005,0.13357293348483676,1.1935896091550138,-0.3178588806746529,0.0,1.7,2.3
0.5340000000000005,0.1341881147821178,1.2077254119038108,-0.3197796660599887,0.0,1.7,2.3
0.5360000000000005,0.134760435065916,1.2221472521069807,-0.3214306016864459,0.0,1.7,2.3
0.5380000000000005,0.1352114570757124,1.2370993036864089,-0.3221469760133537,0.0,1.7,2.3
0.5400000000000005,0.13564398775802575,1.2520177535124788,-0.3227084012102883,0.0,1.7,2.3
0.5420000000000005,0.13614468758825352,1.266556947329091,-0.32382129991840697,0.0,1.7,2.3
0.5440000000000005,0.13660749644710798,1.2811802897189428,-0.32463972303786554,0.0,1.7,2.3
0.5460000000000005,0.1370215816671883,1.295892020856511,-0.32506464952102526,0.0,1.7,2.3
0.5480000000000005,0.13736221943733767,1.310707671936732,-0.3248713256128371,0.0,1.7,2.3
0.5500000000000005,0.1376109911439898,1.3256182196733943,-0.32388947309763283,0.0,1.7,2.3
0.5520000000000005,0.1378187794414737,1.3404078970307631,-0.32253633817482397,0.0,1.7,2.3
0.5540000000000005,0.13797994029196162,1.355068927909501,-0.32076451313885046,0.0,1.7,2.3
0.5560000000000005,0.13807864188778107,1.3696032645445164,-0.3184373425662019,0.0,1.7,2.3
0.5580000000000005,0.13811259249795654,1.3839686426668678,-0.31553340083311343,0.0,1.7,2.3
0.5600000000000005,0.13808211534349346,1.3981169589077618,-0.31205573076702947,0.0,1.7,2.3
0.5620000000000005,0.13802424234739188,1.4119975990450162,-0.30833685776848335,0.0,1.7,2.3
0.5640000000000005,0.13800291572551787,1.4256030637063015,-0.3049539291063319,0.0,1.7,2.3
0.5660000000000005,0.13797295888983072,1.439012276836695,-0.30151682721226863,0.0,1.7,2.3
0.5680000000000005,0.13793646675384752,1.4522426068393213,-0.29804972722812006,0.0,1.7,2.3
0.5700000000000005,0.1378921627390817,1.465299058980277,-0.2945446476916991,0.0,1.7,2.3
0.5720000000000005,0.13784784383012771,1.4782009620419172,-0.2910743748866957,0.0,1.7,2.3
0.5740000000000005,0.13784053826512735,1.4910137605835858,-0.28797302801149965,0.0,1.7,2.3
0.5760000000000005,0.13791247911744897,1.503840094342148,-0.28562127441096097,0.0,1.7,2.3
0.5780000000000005,0.1379330819845715,1.5165366783941774,-0.28285092845686666,0.0,1.7,2.3
0.5800000000000005,0.13789915149573775,1.5290587268344387,-0.2796330175518452,0.0,1.7,2.3
0.5820000000000005,0.1378394496161938,1.541406819070427,-0.27622433668031976,0.0,1.7,2.3
0.5840000000000005,0.13769816004486798,1.5534581816774033,-0.27212348683846,0.0,1.7,2.3
0.5860000000000005,0.13753703399231257,1.5653118499782974,-0.2678823140882991,0.0,1.7,2.3
0.5880000000000005,0.1373403479201324,1.5769280864437487,-0.26335772679110064,0.0,1.7,2.3
0.5900000000000005,0.1370684706448199,1.5881912975272214,-0.25819006759745594,0.0,1.7,2.3
0.5920000000000005,0.13673806050102122,1.5991204973590272,-0.2525242246523432,0.0,1.7,2.3
0.5940000000000005,0.1363852508665403,1.6098160562549881,-0.24668155714208875,0.0,1.7,2.3
0.5960000000000005,0.13596780372791725,1.6201489937138145,-0.24027583854244206,0.0,1.7,2.3
0.5980000000000005,0.13552044077126885,1.6302384812948556,-0.23361740034094045,0.0,1.7,2.3
0.6000000000000005,0.135048786611686,1.6401148197736939,-0.22675415274273603,0.0,1.7,2.3
0.6020000000000005,0.13450939361246933,1.649629208214598,-0.2192861672800888,0.0,1.7,2.3
0.6040000000000005,0.13393130912300513,1.6589003255447694,-0.21147626418904164,0.0,1.7,2.3
0.6060000000000005,0.1333160806631992,1.6679513859374635,-0.2033384308085193,0.0,1.7,2.3
0.6080000000000005,0.13264734799657357,1.6767385782177735,-0.19472374252482333,0.0,1.7,2.3
0.6100000000000005,0.13195083579078218,1.6853892927158762,-0.1858743908782521,0.0,1.7,2.3
0.6120000000000005,0.13119196290895885,1.6937896309351648,-0.17647618113673488,0.0,1.7,2.3
0.6140000000000005,0.13038239949976432,1.7020153401677949,-0.16664655819780946,0.0,1.7,2.3
0.6160000000000005,0.12955824366812144,1.7102343141089311,-0.1567302879612663,0.0,1.7,2.3
0.6180000000000005,0.12869902654111598,1.7183863090226408,-0.14654816691871625,0.0,1.7,2.3
0.6200000000000006,0.12779264859864956,1.7264492494041146,-0.13600139641740241,0.0,1.7,2.3
0.6220000000000006,0.1268942692604955,1.7346283962667053,-0.12560074908478291,0.0,1.7,2.3
0.6240000000000006,0.126008417573095,1.7429318741406399,-0.11538727446539267,0.0,1.7,2.3
0.6260000000000006,0.12506211261830932,1.751130735724569,-0.10471284545108064,0.0,1.7,2.3
0.6280000000000006,0.12405178611546065,1.7592496455981685,-0.09356918581007108,0.0,1.7,2.3
0.6300000000000006,0.12299125525820043,1.767354156040128,-0.08209751001312963,0.0,1.7,2.3
0.6320000000000006,0.12194042613268577,1.7755959060171176,-0.07081625214129254,0.0,1.7,2.3
0.6340000000000006,0.12097666851449157,1.7841218091964053,-0.06035933467890416,0.0,1.7,2.3
0.6360000000000006,0.12007268118103268,1.7928187423951978,-0.05046356235703842,0.0,1.7,2.3
0.6380000000000006,0.11921561275194219,1.801630476393504,-0.04100159414710147,0.0,1.7,2.3
0.6400000000000006,0.11841937973320689,1.810577230014902,-0.032081389542573946,0.0,1.7,2.3
0.6420000000000006,0.11757274061258846,1.8194369954949596,-0.02279228420360186,0.0,1.7,2.3
0.6440000000000006,0.11671929530396705,1.828314580958568,-0.01350607352090274,0.0,1.7,2.3
0.6460000000000006,0.11578120319445967,1.8370903783159744,-0.003615634882935881,0.0,1.7,2.3
0.6480000000000006,0.11468651302177367,1.845674839257544,0.007420319677164459,0.0,1.7,2.3
0.6500000000000006,0.11350600313804625,1.854226491777023,0.019000631225474834,0.0,1.7,2.3
0.6520000000000006,0.11220191759907956,1.8627045805000064,0.0313967220685625,0.0,1.7,2.3
0.6540000000000006,0.11080521739068054,1.8711591181188707,0.04435512733187138,0.0,1.7,2.3
0.6560000000000006,0.10937090134880849,1.8796542108990526,0.05745699475398299,0.0,1.7,2.3
0.6580000000000006,0.1078386609024884,1.8880975642920967,0.0711602067756101,0.0,1.7,2.3
0.6600000000000006,0.10628409871143224,1.8965595811686864,0.08491527133990123,0.0,1.7,2.3
0.6620000000000006,0.10474188739739233,1.9050587995306867,0.09848493026537125,0.0,1.7,2.3
0.6640000000000006,0.10312315477078605,1.9134726189942681,0.1125319398405062,0.0,1.7,2.3
0.6660000000000006,0.10150219168541723,1.9218685804882314,0.12652939155440918,0.0,1.7,2.3
0.6680000000000006,0.09994770982871137,1.9303260308654144,0.1399913262765524,0.0,1.7,2.3
0.6700000000000006,0.09851315487455398,1.9389354172526394,0.15253337719108973,0.0,1.7,2.3
0.6720000000000006,0.09731459841141851,1.9479012358942718,0.16330314510239938,0.0,1.7,2.3
0.6740000000000006,0.09627273116780195,1.9571631919121515,0.1728595653931981,0.0,1.7,2.3
0.6760000000000006,0.0951971601970245,1.966467136548259,0.18257675395989661,0.0,1.7,2.3
0.6780000000000006,0.09411427835368345,1.9758326849539936,0.1922663693289384,0.0,1.7,2.3
0.6800000000000006,0.09299008685150283,1.9851975529194679,0.20217750393582484,0.0,1.7,2.3
0.6820000000000006,0.09176988123693626,1.9944654433317224,0.21271173576638167,0.0,1.7,2.3
0.6840000000000006,0.09057630039868789,2.0037938697281805,0.22299095186407658,0.0,1.7,2.3
0.6860000000000006,0.0893795387776286,2.013130605252603,0.23323622244570402,0.0,1.7,2.3
0.6880000000000006,0.08804962848139544,2.0222585551522467,0.24439976329098137,0.0,1.7,2.3
0.6900000000000006,0.0867335117131369,2.0313697212612363,0.2554341100574098,0.0,1.7,2.3
0.6920000000000006,0.08532956673165693,2.040264216062632,0.2670998534460873,0.0,1.7,2.3
0.6940000000000006,0.08387252454186234,2.048966392992436,0.27916360813908353,0.0,1.7,2.3
0.6960000000000006,0.08250899817341387,2.0577504774173674,0.2905416377418464,0.0,1.7,2.3
0.6980000000000006,0.0811706956679736,2.066514141500184,0.30172815756031035,0.0,1.7,2.3
0.7000000000000006,0.07980764214150252,2.0751379608616305,0.3131088622065853,0.0,1.7,2.3
0.7020000000000006,0.07844656845657091,2.0836655020032837,0.3244902711636501,0.0,1.7,2.3
0.7040000000000006,0.07713738027635868,2.0922440877368134,0.33547382647724194,0.0,1.7,2.3
0.7060000000000006,0.07591842113365348,2.1010481998254273,0.34571992580724714,0.0,1.7,2.3
0.7080000000000006,0.07480034555620954,2.110181809276301,0.3551046132251751,0.0,1.7,2.3
0.7100000000000006,0.07363376314004454,2.119175949160698,0.36483894372431186,0.0,1.7,2.3
0.7120000000000006,0.07242881533116005,2.1280213707336437,0.3748632294090723,0.0,1.7,2.3
0.7140000000000006,0.07130759430431817,2.1371363075075753,0.3841690276606573,0.0,1.7,2.3
0.7160000000000006,0.07020829748455168,2.1463401257653256,0.3932505665095494,0.0,1.7,2.3
0.7180000000000006,0.06914155458910456,2.1556883176532686,0.40201003146515024,0.0,1.7,2.3
0.7200000000000006,0.06800987403299802,2.1647858449522297,0.41128625191372137,0.0,1.7,2.3
0.7220000000000006,0.06688864307164394,2.173912245297794,0.4204440624093191,0.0,1.7,2.3
0.7240000000000006,0.06578401621117735,2.183084166600558,0.4294344923165522,0.0,1.7,2.3
0.7260000000000006,0.06461138479496853,2.1919422765759538,0.43899373453204255,0.0,1.7,2.3
0.7280000000000006,0.0634466645240224,2.2007811399347816,0.4484734451703507,0.0,1.7,2.3
0.7300000000000006,0.06220933417502282,2.2092216655891663,0.45859205068761805,0.0,1.7,2.3
0.7320000000000007,0.06100427794102834,2.2177358267053555,0.46842064965095814,0.0,1.7,2.3
0.7340000000000007,0.05977433219264853,2.226044904713628,0.478472601210516,0.0,1.7,2.3
0.7360000000000007,0.05852691192823503,2.234186245541631,0.4886786020613683,0.0,1.7,2.3
0.7380000000000007,0.057320206506068845,2.24245712318138,0.498506548311113,0.0,1.7,2.3
0.7400000000000007,0.05606028169770884,2.2503592027137107,0.5088182905493415,0.0,1.7,2.3
0.7420000000000007,0.05481086553224686,2.2582296409544793,0.5190263181209833,0.0,1.7,2.3
0.7440000000000007,0.053499025348351534,2.2656151856192617,0.5298239850313456,0.0,1.7,2.3
0.7460000000000007,0.052119267843048545,2.272441551530486,0.5412757076440103,0.0,1.7,2.3
0.7480000000000007,0.05079868039397716,2.2794964771880717,0.5521698831998857,0.0,1.7,2.3
0.7500000000000007,0.049483950616917655,2.286478600385065,0.5630031585983021,0.0,1.7,2.3
0.7520000000000007,0.048219077852412986,2.29373340602601,0.5733321112923749,0.0,1.7,2.3
0.7540000000000007,0.0470085974300842,2.301337079471896,0.5830977048298215,0.0,1.7,2.3
0.7560000000000007,0.04582788808943592,2.3091568053036897,0.592527906262347,0.0,1.7,2.3
0.7580000000000007,0.044703277670721395,2.3174161008356813,0.6013526798902447,0.0,1.7,2.3
0.7600000000000007,0.04356213515210229,2.325566159571967,0.6102940997242092,0.0,1.7,2.3
0.7620000000000007,0.0424018224228085,2.3335643948530884,0.6193846972831398,0.0,1.7,2.3
0.7640000000000007,0.04124202174767851,2.3415452288080947,0.6284324822274234,0.0,1.7,2.3
0.7660000000000007,0.040045653264205346,2.3491934801848324,0.6378159047320504,0.0,1.7,2.3
0.7680000000000007,0.03886189257296215,2.3569048631336815,0.6470389556323989,0.0,1.7,2.3
0.7700000000000007,0.03765437799657293,2.3643589222687216,0.656475852046509,0.0,1.7,2.3
0.7720000000000007,0.036383283191590135,2.3711773157323295,0.6665444847996034,0.0,1.7,2.3
0.7740000000000007,0.03511384543026793,2.3779019951121345,0.6765838432746095,0.0,1.7,2.3
0.7760000000000007,0.03381716341305053,2.384252682272378,0.6869003535609328,0.0,1.7,2.3
0.7780000000000007,0.03249246115841064,2.390197597963876,0.6975122686311039,0.0,1.7,2.3
0.7800000000000007,0.031161297657064442,2.395915902018474,0.708205451906079,0.0,1.7,2.3
0.7820000000000007,0.029782965240978256,2.4009496754760344,0.7194375869205456,0.0,1.7,2.3
0.7840000000000007,0.02839323852628587,2.4056324912910507,0.730843786447336,0.0,1.7,2.3
0.7860000000000007,0.027023066972200843,2.410301118742184,0.7420908065916071,0.0,1.7,2.3
0.7880000000000007,0.025657257865684478,2.4148097089630896,0.7533433507630541,0.0,1.7,2.3
0.7900000000000007,0.024333924463616194,2.4196827116157773,0.7641349512430672,0.0,1.7,2.3
0.7920000000000007,0.023033236374890867,2.4247293197276023,0.7746718438088348,0.0,1.7,2.3
0.7940000000000007,0.021743119488042494,2.429816822506998,0.7850882980848797,0.0,1.7,2.3
0.7960000000000007,0.020451359613884317,2.434737151079714,0.7955611611190422,0.0,1.7,2.3
0.7980000000000007,0.01915767298966687,2.439447186673335,0.8061200114373528,0.0,1.7,2.3
0.8000000000000007,0.01788162737802067,2.4442604785099324,0.8164997365245291,0.0,1.7,2.3
0.8020000000000007,0.01662390209521761,2.449241678845729,0.8266606266887103,0.0,1.7,2.3
0.8040000000000007,0.015365200544065802,2.4540305123091763,0.8369012735793628,0.0,1.7,2.3
0.8060000000000007,0.014090561347396459,2.4582115397284436,0.847541112776707,0.0,1.7,2.3
0.8080000000000007,0.012820398316567288,2.4620895566993823,0.8583208713713281,0.0,1.7,2.3
0.8100000000000007,0.011564832857197204,2.4658489123615888,0.8690933197365674,0.0,1.7,2.3
0.8120000000000007,0.010310122173084052,2.4690654793550704,0.8801841512088272,0.0,1.7,2.3
0.8140000000000007,0.009077424339907797,2.472342917886982,0.891136309382491,0.0,1.7,2.3
0.8160000000000007,0.007856941441771726,2.475280923198854,0.9022503930482366,0.0,1.7,2.3
0.8180000000000007,0.006637638188478435,2.4771474099356703,0.9140590247305664,0.0,1.7,2.3
0.8200000000000007,0.005444292762133135,2.478792889572664,0.925932037243066,0.0,1.7,2.3
0.8220000000000007,0.004275593522454723,2.480157241844105,0.9379202341519508,0.0,1.7,2.3
0.8240000000000007,0.0031295269693963302,2.4811150442409815,0.9501219099951662,0.0,1.7,2.3
0.8260000000000007,0.0020065693846186223,2.481996125677006,0.962311091822326,0.0,1.7,2.3
0.8280000000000007,0.000901151009405955,2.483273752089306,0.9741643787753218,0.0,1.7,2.3
0.8300000000000007,-0.00018986070398476352,2.484433264656264,0.9860508642344407,0.0,1.7,2.3
0.8320000000000007,-0.0012675013802602548,2.485466335725791,0.9979810993552944,0.0,1.7,2.3
0.8340000000000007,-0.002338608283657875,2.486881860228355,1.0096004922075468,0.0,1.7,2.3
0.8360000000000007,-0.0034076597860637037,2.48867446467118,1.0209127986409614,0.0,1.7,2.3
0.8380000000000007,-0.0044713469078086245,2.4904491018249635,1.0321968264408599,0.0,1.7,2.3
0.8400000000000007,-0.0055324206817830455,2.4923623005788107,1.043343129762615,0.0,1.7,2.3
0.8420000000000007,-0.006586694545411593,2.4941785568463617,1.0545212433806104,0.0,1.7,2.3
0.8440000000000007,-0.007630076527674744,2.4957013978394365,1.0658749984136275,0.0,1.7,2.3
0.8460000000000008,-0.008670908541574231,2.497363188422679,1.077098124941358,0.0,1.7,2.3
0.8480000000000008,-0.009702270522078124,2.498811197288425,1.0884468095217148,0.0,1.7,2.3
0.8500000000000008,-0.010722256393251611,2.4999577590447757,1.0999888804756959,0.0,1.7,2.3
0.8520000000000008,-0.011746894007804657,2.5014790510848224,1.111232356652171,0.0,1.7,2.3
0.8540000000000008,-0.012760260700505382,2.502667479962378,1.1226968219638391,0.0,1.7,2.3
0.8560000000000008,-0.013764041852653775,2.503580944084644,1.1343440100208868,0.0,1.7,2.3
0.8580000000000008,-0.014768402067173511,2.5046155391655955,1.145883139227358,0.0,1.7,2.3
0.8600000000000008,-0.015759463493926092,2.5051855064311894,1.1577548563018467,0.0,1.7,2.3
0.8620000000000008,-0.016741012408087064,2.505407156350404,1.1698783687703758,0.0,1.7,2.3
0.8640000000000008,-0.017712434446969513,2.5052069159361876,1.1823150580879755,0.0,1.7,2.3
0.8660000000000008,-0.01867540847326148,2.50458560357414,1.1950664292887316,0.0,1.7,2.3
0.8680000000000008,-0.01963930043428161,2.503872924739879,1.2078745526522823,0.0,1.7,2.3
0.8700000000000008,-0.020607566764674,2.5031753518725535,1.220649791017035,0.0,1.7,2.3
0.8720000000000008,-0.021570063164239504,2.501971616416293,1.233791738031225,0.0,1.7,2.3
0.8740000000000008,-0.02253647944939403,2.5006258087167494,1.2470075767768878,0.0,1.7,2.3
0.8760000000000008,-0.02350856049297187,2.4991832401687852,1.260252848920669,0.0,1.7,2.3
0.8780000000000008,-0.024490025984357115,2.4978929595054966,1.273328239614949,0.0,1.7,2.3
0.8800000000000008,-0.025477180303432614,2.496539253227304,1.2863944835386794,0.0,1.7,2.3
0.8820000000000008,-0.026470067982689405,2.4951187484718074,1.299447475537159,0.0,1.7,2.3
0.8840000000000008,-0.027467795367310404,2.4934357879542146,1.3126196009701228,0.0,1.7,2.3
0.8860000000000008,-0.02847383622223987,2.491922977336342,1.325590495642973,0.0,1.7,2.3
0.8880000000000008,-0.029488618576732538,2.490950035986894,1.3381067950934713,0.0,1.7,2.3
0.8900000000000008,-0.030505980902163655,2.489874408104056,1.350642142026573,0.0,1.7,2.3
0.8920000000000008,-0.0315270938535453,2.4887861230574537,1.3631241640925396,0.0,1.7,2.3
0.8940000000000008,-0.03255224905949863,2.4878139810515143,1.375464449396904,0.0,1.7,2.3
0.8960000000000008,-0.03358106207624022,2.4868641812311334,1.3877256908687554,0.0,1.7,2.3
0.8980000000000008,-0.0346143999751705,2.48550375511665,1.4001758570462923,0.0,1.7,2.3
0.9000000000000008,-0.035654106173510065,2.48389701582947,1.4126777894341136,0.0,1.7,2.3
0.9020000000000008,-0.03670322450048346,2.481654051878186,1.425435000516318,0.0,1.7,2.3
0.9040000000000008,-0.03775946620679857,2.4794339628454343,1.4380359456501384,0.0,1.7,2.3
0.9060000000000008,-0.03882341793564858,2.4770674199715352,1.4505704318514803,0.0,1.7,2.3
0.9080000000000008,-0.03989572940910421,2.4743817965488946,1.4631289017905904,0.0,1.7,2.3
0.9100000000000008,-0.04097130206810542,2.4719280726171373,1.4754230466589242,0.0,1.7,2.3
0.9120000000000008,-0.04205078108740657,2.4694881019805544,1.4875837386792068,0.0,1.7,2.3
0.9140000000000008,-0.043134874617493144,2.466941841446002,1.4996671762136908,0.0,1.7,2.3
0.9160000000000008,-0.044225036673066515,2.4641531908319325,1.5117178438824876,0.0,1.7,2.3
0.9180000000000008,-0.0453147809568657,2.4616176429417105,1.5235420532398156,0.0,1.7,2.3
0.9200000000000008,-0.04639941889232796,2.4596323540618186,1.535070938512937,0.0,1.7,2.3
0.9220000000000008,-0.047484539853939314,2.457712212064862,1.5465151243913813,0.0,1.7,2.3
0.9240000000000008,-0.048571627334351414,2.455739445693401,1.55791269988372,0.0,1.7,2.3
0.9260000000000008,-0.04965601264582263,2.454067478819967,1.5691533778966418,0.0,1.7,2.3
0.9280000000000008,-0.050736700784623154,2.4527667015602344,1.5802411374325236,0.0,1.7,2.3
0.9300000000000008,-0.05181971515272986,2.4513882808898706,1.5913155640788577,0.0,1.7,2.3
0.9320000000000008,-0.052909208774365,2.449621959036252,1.6024380560119258,0.0,1.7,2.3
0.9340000000000008,-0.05400810170760177,2.4472336743237713,1.6136230884856755,0.0,1.7,2.3
0.9360000000000008,-0.055113654142699094,2.4443896086889563,1.6247882956980129,0.0,1.7,2.3
0.9380000000000008,-0.05622019881937442,2.4414682334562516,1.635827603419846,0.0,1.7,2.3
0.9400000000000008,-0.057330254542576835,2.438235836352401,1.6467813775821607,0.0,1.7,2.3
0.9420000000000008,-0.05844123883024609,2.4348367053474296,1.6576113359338436,0.0,1.7,2.3
0.9440000000000008,-0.05955301201862161,2.43121737133341,1.6683126890035684,0.0,1.7,2.3
0.9460000000000008,-0.06066322516930721,2.4275315210640276,1.6788666022956824,0.0,1.7,2.3
0.9480000000000008,-0.06176975947261631,2.423924816062808,1.6892607105324768,0.0,1.7,2.3
0.9500000000000008,-0.06287811663943242,2.4197903501887295,1.6995367966118364,0.0,1.7,2.3
0.9520000000000008,-0.06398141915519141,2.415722267602521,1.7096461094646,0.0,1.7,2.3
0.9540000000000008,-0.06508140582946265,2.4114195220161436,1.7195939508417915,0.0,1.7,2.3
0.9560000000000008,-0.06617566445801423,2.407264362322949,1.7293973606576716,0.0,1.7,2.3
0.9580000000000009,-0.06726443037518755,2.403127898433676,1.7390547728595134,0.0,1.7,2.3
0.9600000000000009,-0.06834941091391207,2.3989708073140914,1.7485958984645198,0.0,1.7,2.3
0.9620000000000009,-0.06942885241946044,2.3963367159895026,1.758174887814308,0.0,1.7,2.3
0.9640000000000009,-0.07050877682441148,2.3923916868265125,1.7675622376744689,0.0,1.7,2.3
0.9660000000000009,-0.07158381676762085,2.38815621500442,1.7768020421392428,0.0,1.7,2.3
0.9680000000000009,-0.0726513620723975,2.3841040678883867,1.7859174521165062,0.0,1.7,2.3
0.9700000000000009,-0.07371375468592219,2.3799560400988407,1.7949110218987987,0.0,1.7,2.3
0.9720000000000009,-0.07477795544658218,2.376831423932704,1.80399779466873,0.0,1.7,2.3
0.9740000000000009,-0.07584305375787649,2.3737668484760848,1.813054204837915,0.0,1.7,2.3
0.9760000000000009,-0.07690562417371104,2.3705082744760197,1.8220132662432964,0.0,1.7,2.3
0.9780000000000009,-0.07795066929723216,2.365975053015605,1.8305841240914469,0.0,1.7,2.3
0.9800000000000009,-0.07898747342122324,2.361565460979432,1.8390432652226967,0.0,1.7,2.3
0.9820000000000009,-0.08001347954981297,2.3570939359849987,1.8473452209177488,0.0,1.7,2.3
0.9840000000000009,-0.08103423538130143,2.3527591557737715,1.8555733445308664,0.0,1.7,2.3
0.9860000000000009,-0.0820594051102873,2.3490194128005775,1.8638830480672588,0.0,1.7,2.3
0.9880000000000009,-0.08307601050058429,2.345040878999473,1.8720391855909968,0.0,1.7,2.3
0.9900000000000009,-0.08408148492686074,2.3408391463039733,1.880024000885709,0.0,1.7,2.3
0.9920000000000009,-0.08507517080606058,2.336476441360848,1.8878435672790412,0.0,1.7,2.3
0.9940000000000009,-0.08606453501729155,2.332264049638433,1.895611136484263,0.0,1.7,2.3
0.9960000000000009,-0.08703248804380169,2.3276106209069107,1.903095101499149,0.0,1.7,2.3
0.9980000000000009,-0.08798288275938458,2.3227456217521705,1.9103671315729251,0.0,1.7,2.3
1.0000000000000009,-0.08891028729124663,2.3176045278750186,1.9173772501278594,0.0,1.7,2.3
1.002000000000001,-0.08981543881227291,2.3122394230359293,1.9241427501464536,0.0,1.7,2.3
1.004000000000001,-0.09072500231062638,2.3073141501581027,1.9309833527901588,0.0,1.7,2.3
1.006000000000001,-0.09161883179962313,2.3022643300377843,1.937648519605625,0.0,1.7,2.3
1.008000000000001,-0.09252770230163938,2.297706358363732,1.9444763679004662,0.0,1.7,2.3
1.010000000000001,-0.09346602991097061,2.293828726599927,1.9516051449500624,0.0,1.7,2.3
1.012000000000001,-0.09438703262009221,2.289636690757427,1.9585118054026334,0.0,1.7,2.3
1.014000000000001,-0.09529373471151278,2.28526775067379,1.9652459279446295,0.0,1.7,2.3
1.016000000000001,-0.09618533287826601,2.2807620806458986,1.9718110031243263,0.0,1.7,2.3
1.018000000000001,-0.09708843241530818,2.276554525428024,1.9784777295648182,0.0,1.7,2.3
1.020000000000001,-0.0980345461476193,2.273087665347211,1.9855509964234406,0.0,1.7,2.3
1.022000000000001,-0.09894010239402647,2.2689972960840405,1.9921829122169246,0.0,1.7,2.3
1.024000000000001,-0.09976204819182911,2.2637581993244624,1.9979751753645114,0.0,1.7,2.3
1.026000000000001,-0.10052696175074759,2.257959086889513,2.0032306977089767,0.0,1.7,2.3
1.028000000000001,-0.10121790425131431,2.25145717575486,2.0078055446709864,0.0,1.7,2.3
1.030000000000001,-0.10193572647720299,2.245584921554887,2.012654485816421,0.0,1.7,2.3
1.032000000000001,-0.10274885397595905,2.241022675667974,2.0183792132969427,0.0,1.7,2.3
1.034000000000001,-0.1036135641589454,2.2370590295007386,2.0245385520741053,0.0,1.7,2.3
1.036000000000001,-0.10442663841175125,2.2325056482518644,2.030190464030154,0.0,1.7,2.3
1.038000000000001,-0.10516588922399696,2.227236330631465,2.0351573860691734,0.0,1.7,2.3
1.040000000000001,-0.10590633081037042,2.222142365049313,2.0401282731548007,0.0,1.7,2.3
1.042000000000001,-0.10666887945401916,2.2173854503174977,2.045278408240808,0.0,1.7,2.3
1.044000000000001,-0.10749835876499343,2.2133389158656582,2.050990524760459,0.0,1.7,2.3
1.046000000000001,-0.1083920111651973,2.209895883697991,2.0572268649292274,0.0,1.7,2.3
1.048000000000001,-0.109299319333725,2.2065366905357586,2.063538620048667,0.0,1.7,2.3
1.050000000000001,-0.11014457620437257,2.202564472350766,2.0692666318859394,0.0,1.7,2.3
1.052000000000001,-0.11100100977455982,2.198713655110925,2.0750584856670162,0.0,1.7,2.3
1.054000000000001,-0.11185482690923798,2.194854013473228,2.0807935352202858,0.0,1.7,2.3
1.056000000000001,-0.11275318612077129,2.1913981934097424,2.0868788005636403,0.0,1.7,2.3
1.058000000000001,-0.11361346510119075,2.187601487656251,2.092597916675113,0.0,1.7,2.3
1.060000000000001,-0.11441048793960294,2.183263781086673,2.09773672197507,0.0,1.7,2.3
1.062000000000001,-0.11520652805696897,2.1789742120717848,2.1028388725626055,0.0,1.7,2.3
1.064000000000001,-0.11589395981514121,2.173827088625382,2.1069805557422487,0.0,1.7,2.3
1.066000000000001,-0.11659637371818579,2.1688977178691986,2.1112254762800213,0.0,1.7,2.3
1.068000000000001,-0.11733227053898139,2.164315221015245,2.1157280657563695,0.0,1.7,2.3
1.070000000000001,-0.11810944620959277,2.160093890994434,2.1205486762536343,0.0,1.7,2.3
1.072000000000001,-0.11895983720310853,2.1564492901900856,2.125955349017254,0.0,1.7,2.3
1.074000000000001,-0.1197844161726811,2.1526040713489474,2.1311057381379586,0.0,1.7,2.3
1.076000000000001,-0.12057343091500802,2.1485068092941977,2.135919009844719,0.0,1.7,2.3
1.078000000000001,-0.12135112778877964,2.14436638635763,2.140602349853707,0.0,1.7,2.3
1.080000000000001,-0.12203835164533834,2.1396230034934223,2.1444865728975184,0.0,1.7,2.3
1.082000000000001,-0.12266916306613672,2.1345662249284927,2.1478606245484113,0.0,1.7,2.3
1.084000000000001,-0.12322379380632252,2.129088204807718,2.1505571823524163,0.0,1.7,2.3
1.086000000000001,-0.12381651258006762,2.123967463328085,2.153538730460933,0.0,1.7,2.3
1.088000000000001,-0.12441898897272115,2.11898714806989,2.156564703047342,0.0,1.7,2.3
1.090000000000001,-0.12509040758198076,2.114486886499004,2.160134120335687,0.0,1.7,2.3
1.092000000000001,-0.12578456027095394,2.110155095741837,2.1638570933151993,0.0,1.7,2.3
1.094000000000001,-0.12645752841019953,2.1057120705768053,2.1673627926546994,0.0,1.7,2.3
1.096000000000001,-0.12710382695960548,2.101153816756606,2.1706027663506133,0.0,1.7,2.3
1.098000000000001,-0.1276637569024537,2.0961459637033477,2.1730698355015385,0.0,1.7,2.3
1.100000000000001,-0.12827518151300393,2.0914988462969766,2.175929609523974,0.0,1.7,2.3
1.102000000000001,-0.12889302192281554,2.0869304980321615,2.1788015728160013,0.0,1.7,2.3
1.104000000000001,-0.12956394539588043,2.0826762976661684,2.182084279359364,0.0,1.7,2.3
1.106000000000001,-0.13028545257540342,2.0786989746005893,2.1857595592366823,0.0,1.7,2.3
1.108000000000001,-0.1310797866827269,2.075093888938488,2.1900204809235104,0.0,1.7,2.3
1.110000000000001,-0.13184872786388147,2.0713390089727675,2.1940300644222774,0.0,1.7,2.3
1.112000000000001,-0.13264346841057387,2.0677054082538397,2.198225022859641,0.0,1.7,2.3
1.114000000000001,-0.1334228154018832,2.06398806644726,2.2022522551851202,0.0,1.7,2.3
1.116000000000001,-0.13410500021162766,2.059784029379258,2.205409795858388,0.0,1.7,2.3
1.118000000000001,-0.13477850538302158,2.0555632939277637,2.2084511008259704,0.0,1.7,2.3
1.120000000000001,-0.13542159530863807,2.0512239916147017,2.2111881986159716,0.0,1.7,2.3
1.122000000000001,-0.13602080584135914,2.0467103695368065,2.2135028185439,0.0,1.7,2.3
1.124000000000001,-0.13663611668600906,2.0423118401302656,2.215910473642694,0.0,1.7,2.3
1.126000000000001,-0.13734042826093373,2.0383534128509524,2.2190437872444075,0.0,1.7,2.3
1.128000000000001,-0.13800303932288463,2.0342175808276757,2.2217752714977603,0.0,1.7,2.3
1.130000000000001,-0.1386773416076362,2.0301511811938693,2.224566389626381,0.0,1.7,2.3
1.132000000000001,-0.13938260801285313,2.0262402132704826,2.2275844076710265,0.0,1.7,2.3
1.134000000000001,-0.14010651913517466,2.0224149692337385,2.230726207563609,0.0,1.7,2.3
1.136000000000001,-0.14095703670784754,2.0191294236401025,2.2349375480522995,0.0,1.7,2.3
1.138000000000001,-0.14177176908103634,2.0156723302920874,2.2388042987230206,0.0,1.7,2.3
1.140000000000001,-0.14251582148858255,2.011909796912606,2.2420169627171966,0.0,1.7,2.3
1.142000000000001,-0.1431892236731178,2.007865058229668,2.2445686214180545,0.0,1.7,2.3
1.144000000000001,-0.14383442914377348,2.0037273795085944,2.246827397058769,0.0,1.7,2.3
1.146000000000001,-0.14446067522615313,1.999541360612321,2.2488718505054366,0.0,1.7,2.3
1.148000000000001,-0.14506624799051313,1.9953016917992392,2.2506858394582547,0.0,1.7,2.3
1.150000000000001,-0.1456652279035203,1.991067992650724,2.2523920474994297,0.0,1.7,2.3
1.152000000000001,-0.1462793914879462,1.9869212671101952,2.2541844950492433,0.0,1.7,2.3
1.154000000000001,-0.14688530635679636,1.9827703903324836,2.25585504672378,0.0,1.7,2.3
1.156000000000001,-0.1475080909729267,1.9787040988084414,2.25762956536461,0.0,1.7,2.3
1.158000000000001,-0.14817950906712823,1.9748341031767271,2.259794049448294,0.0,1.7,2.3
1.160000000000001,-0.14879961501532812,1.9707932842867122,2.261453839072962,0.0,1.7,2.3
1.162000000000001,-0.1494031178778059,1.9667180694660369,2.2629156393590732,0.0,1.7,2.3
1.164000000000001,-0.1500147092994527,1.96269393762293,2.2644024114573584,0.0,1.7,2.3
1.166000000000001,-0.15072430446350218,1.9590165358046114,2.266733222031021,0.0,1.7,2.3
1.168000000000001,-0.15133786057732723,1.9550269155704818,2.2681488203596722,0.0,1.7,2.3
1.170000000000001,-0.15196049270001344,1.9510835899031944,2.2696013248246403,0.0,1.7,2.3
1.172000000000001,-0.152646317978565,1.9473615702353861,2.271585131301403,0.0,1.7,2.3
1.174000000000001,-0.15330195907011146,1.9435481667053394,2.2732517275126503,0.0,1.7,2.3
1.176000000000001,-0.15403632561976685,1.9399851127334349,2.2756009873086662,0.0,1.7,2.3
1.178000000000001,-0.15477842945452594,1.9364423424806294,2.277984467308968,0.0,1.7,2.3
1.180000000000001,-0.15546941091723385,1.9327429444186301,2.2798581073887707,0.0,1.7,2.3
1.182000000000001,-0.15608183228861564,1.9288211406525364,2.2809604832814605,0.0,1.7,2.3
1.184000000000001,-0.156631410657502,1.9247395506760197,2.2814296178942284,0.0,1.7,2.3
1.186000000000001,-0.15722472000260726,1.9208130661757596,2.2822531343973926,0.0,1.7,2.3
1.188000000000001,-0.15790140662030563,1.9171367976739377,2.283808802321111,0.0,1.7,2.3
1.190000000000001,-0.15870244508942596,1.9138015172546479,2.286490656974231,0.0,1.7,2.3
1.192000000000001,-0.15952152517013296,1.910498619817689,2.2893107702820084,0.0,1.7,2.3
1.194000000000001,-0.16028701830297185,1.9070372031313003,2.2915953768240946,0.0,1.7,2.3
1.196000000000001,-0.1609284118148373,1.903246607644857,2.2926729059902446,0.0,1.7,2.3
1.198000000000001,-0.16150129363679067,1.899295126062601,2.2930566443332556,0.0,1.7,2.3
1.200000000000001,-0.16207869833065824,1.8953857938118492,2.2934297017876606,0.0,1.7,2.3
1.202000000000001,-0.162647555362333,1.891477818808502,2.2936720155804387,0.0,1.7,2.3
1.204000000000001,-0.16336635364847568,1.8879580942193093,2.2952915864846135,0.0,1.7,2.3
1.206000000000001,-0.1641423817807666,1.8845728759987856,2.297419224562822,0.0,1.7,2.3
1.208000000000001,-0.16492525581117728,1.8811935783332536,2.2995781065116145,0.0,1.7,2.3
1.210000000000001,-0.16561492191072574,1.8775908193755653,2.3008090622277253,0.0,1.7,2.3
1.212000000000001,-0.16624701136563907,1.8738651363960301,2.3014447812982035,0.0,1.7,2.3
1.214000000000001,-0.16687415428436586,1.8701482474189166,2.3019846735998786,0.0,1.7,2.3
1.216000000000001,-0.16751690584264595,1.8664823045912668,2.3026282190706153,0.0,1.7,2.3
1.218000000000001,-0.16819274620276822,1.8629021721251746,2.3035454938308644,0.0,1.7,2.3
1.220000000000001,-0.1688077753848176,1.8592004761092236,2.303832559299007,0.0,1.7,2.3
1.222000000000001,-0.1694057639927646,1.8554798389495177,2.30390812176921,0.0,1.7,2.3
1.224000000000001,-0.17002292747660722,1.8518179027853903,2.3041219800172255,0.0,1.7,2.3
1.226000000000001,-0.17065721212182944,1.8482034998911985,2.3044573940438284,0.0,1.7,2.3
1.228000000000001,-0.1713354412463679,1.8446848938807408,2.3051775616069947,0.0,1.7,2.3
1.230000000000001,-0.17201829385384854,1.8411785030182293,2.3059023081179957,0.0,1.7,2.3
1.232000000000001,-0.17271727947728932,1.8377058811106177,2.3067441544045733,0.0,1.7,2.3
1.234000000000001,-0.1733659222127643,1.834144435546377,2.3070522044216513,0.0,1.7,2.3
1.236000000000001,-0.17397728757313868,1.8305268802745818,2.306950803202385,0.0,1.7,2.3
1.238000000000001,-0.17455684843259936,1.8268716747409368,2.3064901886753533,0.0,1.7,2.3
1.240000000000001,-0.17515755177725292,1.8232712921029333,2.306191139410903,0.0,1.7,2.3
1.242000000000001,-0.1757970407868153,1.8197513121150102,2.3062293759166432,0.0,1.7,2.3
1.244000000000001,-0.17646553103156337,1.816283824798136,2.30651295548148,0.0,1.7,2.3
1.246000000000001,-0.17720572302751145,1.812933507481837,2.3074655826583537,0.0,1.7,2.3
1.248000000000001,-0.1778929153992436,1.8094949875856035,2.3078560011653844,0.0,1.7,2.3
1.250000000000001,-0.17868710384073994,1.8062201766150305,2.3092682351451823,0.0,1.7,2.3
1.2520000000000011,-0.1794462240125459,1.8028842033808623,2.310295952028059,0.0,1.7,2.3
1.2540000000000011,-0.18015304531051898,1.7994652814033532,2.3107665004912077,0.0,1.7,2.3
1.2560000000000011,-0.18082467146006012,1.7960008489377388,2.3108453403816513,0.0,1.7,2.3
1.2580000000000011,-0.18144106835501633,1.7924657706976943,2.3103317857459165,0.0,1.7,2.3
1.2600000000000011,-0.1820951788566,1.788998054589317,2.3101496669949597,0.0,1.7,2.3
1.2620000000000011,-0.18273200197914158,1.7855163531711309,2.309752307228956,0.0,1.7,2.3
1.2640000000000011,-0.18340937357057271,1.7820977058005851,2.3097178212237357,0.0,1.7,2.3
1.2660000000000011,-0.18407400613466132,1.7786696678723692,2.309514145549936,0.0,1.7,2.3
1.2680000000000011,-0.18469123034585463,1.7751918697383715,2.308792837090006,0.0,1.7,2.3
1.2700000000000011,-0.18528409413487276,1.7717008646929717,2.30778245811828,0.0,1.7,2.3
1.2720000000000011,-0.18586927391443606,1.7682194095984212,2.3066497475449066,0.0,1.7,2.3
1.2740000000000011,-0.1864480119395647,1.7647486080744916,2.30540749903884,0.0,1.7,2.3
1.2760000000000011,-0.18705001528597795,1.7613190566004395,2.3043557290245076,0.0,1.7,2.3
1.2780000000000011,-0.18765417764553577,1.757904826992752,2.3032827233715603,0.0,1.7,2.3
1.2800000000000011,-0.18829730808404038,1.75453817031522,2.3025615968956963,0.0,1.7,2.3
1.2820000000000011,-0.1890060982302843,1.7512362064810483,2.3024644349134955,0.0,1.7,2.3
1.2840000000000011,-0.1897885448622481,1.7479937595898685,2.3030752385149356,0.0,1.7,2.3
1.2860000000000011,-0.19057506802984742,1.744743666462386,2.303690026093777,0.0,1.7,2.3
1.2880000000000011,-0.19127512198595256,1.741411453079195,2.3033893671151766,0.0,1.7,2.3
1.2900000000000011,-0.19197754608298348,1.7380852479279945,2.3030712486058587,0.0,1.7,2.3
1.2920000000000011,-0.192653321193964,1.7347422152667928,2.3024407238310545,0.0,1.7,2.3
1.2940000000000011,-0.1933625330415464,1.7314311152888915,2.302108335557536,0.0,1.7,2.3
1.2960000000000012,-0.1939808224937217,1.7280590873936161,2.3008084487853147,0.0,1.7,2.3
1.2980000000000012,-0.1945573832935009,1.7246717531881943,2.29903985106438,0.0,1.7,2.3
1.3000000000000012,-0.19513375456437335,1.7213066982119465,2.2972242686596798,0.0,1.7,2.3
1.3020000000000012,-0.19565612603599059,1.7179270376889262,2.29481364086801,0.0,1.7,2.3
1.3040000000000012,-0.19627183787806396,1.7146216610558056,2.2933130240005277,0.0,1.7,2.3
1.3060000000000012,-0.19693441701123865,1.7113488863325996,2.2922501452318387,0.0,1.7,2.3
1.3080000000000012,-0.19763870109225928,1.7080969791408036,2.2915734282477644,0.0,1.7,2.3
1.3100000000000012,-0.19837036961133497,1.7048556113813293,2.291136449600325,0.0,1.7,2.3
1.3120000000000012,-0.1990877382717631,1.7016064011467897,2.2905121552571033,0.0,1.7,2.3
1.3140000000000012,-0.19972765946324633,1.698330021113217,2.289052922142931,0.0,1.7,2.3
1.3160000000000012,-0.200342979134232,1.6950573827253346,2.287299632732606,0.0,1.7,2.3
1.3180000000000012,-0.2009546214424458,1.6917989254890267,2.2854670900504437,0.0,1.7,2.3
1.3200000000000012,-0.2015465974319754,1.6885492201039611,2.2833920399150056,0.0,1.7,2.3
1.3220000000000012,-0.2021313766740672,1.6853128196559213,2.2812029205586195,0.0,1.7,2.3
1.3240000000000012,-0.20277135054428466,1.6821007955048675,2.2795398018679416,0.0,1.7,2.3
1.3260000000000012,-0.20344216434058093,1.6789002900586607,2.2781526814261137,0.0,1.7,2.3
1.3280000000000012,-0.2041406704921716,1.6757050712732702,2.2770087330197666,0.0,1.7,2.3
1.3300000000000012,-0.20493240047421968,1.6725183035243962,2.2767785894805237,0.0,1.7,2.3
1.3320000000000012,-0.2058242966379089,1.6693304828936295,2.2775317351879942,0.0,1.7,2.3
1.3340000000000012,-0.20671031399337086,1.6661251928354122,2.278180173063045,0.0,1.7,2.3
1.3360000000000012,-0.20752629991739543,1.6629006010409113,2.2780659246247383,0.0,1.7,2.3
1.3380000000000012,-0.20826519047686556,1.65966490423869,2.277116419487595,0.0,1.7,2.3
1.3400000000000012,-0.20895213614308078,1.6564279352935636,2.275589842337263,0.0,1.7,2.3
1.3420000000000012,-0.2095965947081154,1.6531961867702172,2.273583629482116,0.0,1.7,2.3
1.3440000000000012,-0.21025831009861534,1.6499744863955135,2.271712192794296,0.0,1.7,2.3
1.3460000000000012,-0.21091335086729374,1.6467627661183888,2.269730097999169,0.0,1.7,2.3
1.3480000000000012,-0.21152376108440787,1.6435622934104983,2.267247574129869,0.0,1.7,2.3
1.3500000000000012,-0.2121549163146715,1.6403747661103891,2.2649372073763745,0.0,1.7,2.3
1.3520000000000012,-0.2127099552255603,1.6372089857787353,2.2618031600940256,0.0,1.7,2.3
1.3540000000000012,-0.21326291849448262,1.634062013657583,2.2586075874041085,0.0,1.7,2.3
1.3560000000000012,-0.2138412493443373,1.6309292035104765,2.2556331391868807,0.0,1.7,2.3
1.3580000000000012,-0.21439030528736872,1.627817642289901,2.2523179488864047,0.0,1.7,2.3
1.3600000000000012,-0.21498012450125253,1.6247102211789022,2.249382327343845,0.0,1.7,2.3
1.3620000000000012,-0.21561855240088457,1.6215984227374736,2.2469061807343165,0.0,1.7,2.3
1.3640000000000012,-0.21627954043949138,1.6184822930801934,2.2446204628933963,0.0,1.7,2.3
1.3660000000000012,-0.2170040848432947,1.6153447279865827,2.242945493391989,0.0,1.7,2.3
1.3680000000000012,-0.2176913464364295,1.6122201661651723,2.240844008328556,0.0,1.7,2.3
1.3700000000000012,-0.21843376090000888,1.6090737527540053,2.2392655013290494,0.0,1.7,2.3
1.3720000000000012,-0.21919104594068217,1.6059193371904255,2.2377949222133573,0.0,1.7,2.3
1.3740000000000012,-0.2200023598881485,1.6027354645314151,2.2368340271364504,0.0,1.7,2.3
1.3760000000000012,-0.22081662026174156,1.5995445862537234,2.235856306749967,0.0,1.7,2.3
1.3780000000000012,-0.2216105071695308,1.5963579301870807,2.234621076859675,0.0,1.7,2.3
1.3800000000000012,-0.22242188030224117,1.5931611753290547,2.2335170633187515,0.0,1.7,2.3
1.3820000000000012,-0.22316972921992778,1.5899961689929818,2.2317074136007955,0.0,1.7,2.3
1.3840000000000012,-0.22393755517888192,1.5868246768837897,2.2300532735098035,0.0,1.7,2.3
1.3860000000000012,-0.22465738921687312,1.5836853746943529,2.2278500155727707,0.0,1.7,2.3
1.3880000000000012,-0.22535027454036718,1.5805714158567188,2.2253140775635023,0.0,1.7,2.3
1.3900000000000012,-0.22602985676329834,1.5774784270581657,2.222586211222444,0.0,1.7,2.3
1.3920000000000012,-0.22671662892511865,1.5743941103059453,2.219880557751961,0.0,1.7,2.3
1.3940000000000012,-0.22739121378804908,1.5713311154308294,2.2169956808795006,0.0,1.7,2.3
1.3960000000000012,-0.228070397929275,1.5682788589426249,2.2141075543328976,0.0,1.7,2.3
1.3980000000000012,-0.22868470040560024,1.5652925250633787,2.2104878033100204,0.0,1.7,2.3
1.4000000000000012,-0.22930092897750987,1.562324522573748,2.206837935785296,0.0,1.7,2.3
1.4020000000000012,-0.22990493340863177,1.5593875717282866,2.203010943444993,0.0,1.7,2.3
1.4040000000000012,-0.2305101147044966,1.5564669973664838,2.19915015630166,0.0,1.7,2.3
1.4060000000000012,-0.23112829796134726,1.5535520118560506,2.195381937399403,0.0,1.7,2.3
1.4080000000000013,-0.23172380200988812,1.5506732861645995,2.1913323675083136,0.0,1.7,2.3
1.4100000000000013,-0.23237284870156785,1.5477548582256158,2.1878035174315786,0.0,1.7,2.3
1.4120000000000013,-0.23304553679511816,1.5448200470403244,2.1844787831873065,0.0,1.7,2.3
1.4140000000000013,-0.23379692932806515,1.5418054737682303,2.1819316479832085,0.0,1.7,2.3
1.4160000000000013,-0.23458850488539215,1.5387467198563969,2.1797532545622578,0.0,1.7,2.3
1.4180000000000013,-0.23544824348705803,1.5356096835134039,2.17823201516186,0.0,1.7,2.3
1.4200000000000013,-0.23631259663568227,1.5324637709502216,2.1767001216295885,0.0,1.7,2.3
1.4220000000000013,-0.23713788044660247,1.5293601369485912,2.1747000160263754,0.0,1.7,2.3
1.4240000000000013,-0.23794566357106978,1.5262797265007306,2.1724591351769993,0.0,1.7,2.3
1.4260000000000013,-0.2387098285141788,1.523255181667787,2.1697045089117055,0.0,1.7,2.3
1.4280000000000013,-0.23948445042891622,1.5202263711652815,2.1670057067769104,0.0,1.7,2.3
1.4300000000000013,-0.24021506983416985,1.5172589479953584,2.163791705885764,0.0,1.7,2.3
1.4320000000000013,-0.2409397851561971,1.5143090747527754,2.160465536273953,0.0,1.7,2.3
1.4340000000000013,-0.24164912045644152,1.5113896120523873,2.156929691629683,0.0,1.7,2.3
1.4360000000000013,-0.24234587227104307,1.508497024443865,2.153215787267402,0.0,1.7,2.3
1.4380000000000013,-0.24305109013060083,1.5056043777270718,2.1495470937628736,0.0,1.7,2.3
1.4400000000000013,-0.24377003992539317,1.5027027867644223,2.145979206706318,0.0,1.7,2.3
1.4420000000000013,-0.24450030175468365,1.4997939075742874,2.1424866717980744,0.0,1.7,2.3
1.4440000000000013,-0.2452322037303347,1.4968898908396142,2.1389683527922645,0.0,1.7,2.3
1.4460000000000013,-0.24591846726118805,1.4940565917711914,2.134932617266462,0.0,1.7,2.3
1.4480000000000013,-0.24658718490949053,1.4912568759149871,2.130677342930771,0.0,1.7,2.3
1.4500000000000013,-0.2472446215548486,1.4884827677075352,2.126271893026222,0.0,1.7,2.3
1.4520000000000013,-0.24789141107395926,1.4857321300350799,2.12172331769018,0.0,1.7,2.3
1.4540000000000013,-0.24858508308538066,1.4829211289485877,2.1176269395088414,0.0,1.7,2.3
1.4560000000000013,-0.24927172723602442,1.4801256232451225,2.1134212149774205,0.0,1.7,2.3
1.4580000000000013,-0.2499897378063746,1.4772887996926412,2.109499997115567,0.0,1.7,2.3
1.4600000000000013,-0.2507135074677552,1.4744475773420889,2.1055975539567973,0.0,1.7,2.3
1.4620000000000013,-0.2514770700640278,1.4715506219134191,2.102057917228489,0.0,1.7,2.3
1.4640000000000013,-0.25223887228731545,1.4686595792306278,2.098454892823487,0.0,1.7,2.3
1.4660000000000013,-0.25300756857323115,1.4657614379073025,2.094875493446524,0.0,1.7,2.3
1.4680000000000013,-0.2537899112275785,1.4628462623701515,2.091388299975977,0.0,1.7,2.3
1.4700000000000013,-0.2545693097771217,1.4599390243376347,2.0878236595934987,0.0,1.7,2.3
1.4720000000000013,-0.2553608265214764,1.4570170438556556,2.0843339513962778,0.0,1.7,2.3
1.4740000000000013,-0.256143744035827,1.4541120923266218,2.0807098053255344,0.0,1.7,2.3
1.4760000000000013,-0.2569234504296211,1.451216262731053,2.0770065330585172,0.0,1.7,2.3
1.4780000000000013,-0.2576967073088597,1.4483348575375148,2.073192520293381,0.0,1.7,2.3
1.4800000000000013,-0.2584494825458896,1.4454900993103998,2.06912884252195,0.0,1.7,2.3
1.4820000000000013,-0.2591975489969819,1.4426576865340954,2.064975193542547,0.0,1.7,2.3
1.4840000000000013,-0.2599437215495675,1.4398333486624864,2.06076089006443,0.0,1.7,2.3
1.4860000000000013,-0.2606759666988336,1.437035987920337,2.0563663872963023,0.0,1.7,2.3
1.4880000000000013,-0.26142457559391236,1.434217598169512,2.052094000035114,0.0,1.7,2.3
1.4900000000000013,-0.2621454449115164,1.4314483964725189,2.047506394423502,0.0,1.7,2.3
1.4920000000000013,-0.2628580117091643,1.4286975054818467,2.04279879404185,0.0,1.7,2.3
1.4940000000000013,-0.26356168899107807,1.4259659937008053,2.0379679401739033,0.0,1.7,2.3
1.4960000000000013,-0.2642382676219621,1.4232831641929835,2.0328367364928623,0.0,1.7,2.3
1.4980000000000013,-0.2649139053048994,1.4206065502292153,2.0276653427772144,0.0,1.7,2.3
1.5000000000000013,-0.2655829809378379,1.4179449040045193,2.0223994340281517,0.0,1.7,2.3
1.5020000000000013,-0.26626202710249236,1.4152708174788218,2.0171995031761214,0.0,1.7,2.3
1.5040000000000013,-0.26694802498301773,1.412588884466028,2.012034713040272,0.0,1.7,2.3
1.5060000000000013,-0.2676589276368985,1.4098694813028814,2.007074148620903,0.0,1.7,2.3
1.5080000000000013,-0.2683999523976274,1.407104038365472,2.0023629927694464,0.0,1.7,2.3
1.5100000000000013,-0.2691494921924424,1.4043281508517924,1.9976891688014362,0.0,1.7,2.3
1.5120000000000013,-0.2699327761790766,1.4015006275729633,1.9932904926381028,0.0,1.7,2.3
1.5140000000000013,-0.2706994914627889,1.3987043089225797,1.9886872932988429,0.0,1.7,2.3
1.5160000000000013,-0.27147669089633175,1.3958948364786405,1.984136600785998,0.0,1.7,2.3
1.5180000000000013,-0.2722755216240431,1.393054070119361,1.9797423299718468,0.0,1.7,2.3
1.5200000000000014,-0.2730609169089907,1.3902398935690325,1.9751726090599941,0.0,1.7,2.3
1.5220000000000014,-0.27384085228701605,1.3874391980186733,1.9705046873427077,0.0,1.7,2.3
1.5240000000000014,-0.2746057981499593,1.3846676672419798,1.9656518352702483,0.0,1.7,2.3
1.5260000000000014,-0.27534295489197635,1.3819462621037706,1.9604980334167617,0.0,1.7,2.3
1.5280000000000014,-0.2760840292992435,1.379222384529225,1.9553414114597145,0.0,1.7,2.3
1.5300000000000014,-0.27682086793328436,1.3765093445118308,1.9501067799636347,0.0,1.7,2.3
1.5320000000000014,-0.27754855478177914,1.373815079289303,1.9447493248152423,0.0,1.7,2.3
1.5340000000000014,-0.27828275857075946,1.3711134866698258,1.9394146584933039,0.0,1.7,2.3
1.5360000000000014,-0.2790036379091049,1.3684371625173408,1.93392133736388,0.0,1.7,2.3
1.5380000000000014,-0.2796967183966372,1.3658094855569327,1.9281412619746203,0.0,1.7,2.3
1.5400000000000014,-0.2803645618035236,1.3632253687225522,1.9221042412003249,0.0,1.7,2.3
1.5420000000000014,-0.28100920803522456,1.3606805193094278,1.9158342472154724,0.0,1.7,2.3
1.5440000000000014,-0.28166876527586804,1.358111932074602,1.9096752390578402,0.0,1.7,2.3
1.5460000000000014,-0.2823332239961048,1.3555359863013932,1.9035351567036043,0.0,1.7,2.3
1.5480000000000014,-0.28299063158901466,1.3529721529239869,1.8973059624823643,0.0,1.7,2.3
1.5500000000000014,-0.2836694187461268,1.3503743823867378,1.8912379606417202,0.0,1.7,2.3
1.5520000000000014,-0.28436792324443105,1.3477464531372076,1.8853096338127622,0.0,1.7,2.3
1.5540000000000014,-0.2850985197593675,1.3450699355586624,1.8796211815184003,0.0,1.7,2.3
1.5560000000000014,-0.28586093033353804,1.3423469907605505,1.874161537351495,0.0,1.7,2.3
1.5580000000000014,-0.28664033321583776,1.3396023934157038,1.868797064868402,0.0,1.7,2.3
1.5600000000000014,-0.2874476983071316,1.3368199465429933,1.863617097831099,0.0,1.7,2.3
1.5620000000000014,-0.2882374285030467,1.3340712426943764,1.8582335947770479,0.0,1.7,2.3
1.5640000000000014,-0.28897749271777373,1.331405195729984,1.8523810212904568,0.0,1.7,2.3
1.5660000000000014,-0.2897258316965652,1.3287295339996004,1.8465593826728115,0.0,1.7,2.3
1.5680000000000014,-0.2904057631196089,1.326162174883192,1.8401280690115633,0.0,1.7,2.3
1.5700000000000014,-0.2911072556934583,1.3235624504507197,1.8338478739998092,0.0,1.7,2.3
1.5720000000000014,-0.29177523654740467,1.3210139310698779,1.8272638667522234,0.0,1.7,2.3
1.5740000000000014,-0.29242547283921194,1.3184916578225891,1.8205094005376607,0.0,1.7,2.3
1.5760000000000014,-0.29309114685711846,1.3159440163964868,1.813862317118262,0.0,1.7,2.3
1.5780000000000014,-0.29372631886673434,1.3134401029879932,1.80694589175278,0.0,1.7,2.3
1.5800000000000014,-0.2943780381610985,1.3109089343707099,1.8001445831594003,0.0,1.7,2.3
1.5820000000000014,-0.2950227198764545,1.3083856800709852,1.7932662521977574,0.0,1.7,2.3
1.5840000000000014,-0.29567432725461357,1.3058500823635182,1.7864212791554919,0.0,1.7,2.3
1.5860000000000014,-0.29633026176759325,1.3033066184407927,1.779585963682832,0.0,1.7,2.3
1.5880000000000014,-0.29702225886660516,1.3007127020200613,1.7729998249578662,0.0,1.7,2.3
1.5900000000000014,-0.297724659813362,1.2981064307694998,1.766455959817358,0.0,1.7,2.3
1.5920000000000014,-0.2984552574642647,1.295465489541406,1.760083536169499,0.0,1.7,2.3
1.5940000000000014,-0.2991889648993234,1.292824636123795,1.7536894364723667,0.0,1.7,2.3
1.5960000000000014,-0.29992204653928006,1.2901890393849076,1.7472450528703638,0.0,1.7,2.3
1.5980000000000014,-0.3006435532069587,1.2875714231613513,1.7406743517356735,0.0,1.7,2.3
1.6000000000000014,-0.30131829818059286,1.2850147003659729,1.7337258493725325,0.0,1.7,2.3
1.6020000000000014,-0.3019874313484858,1.2824628634651463,1.7267122339353567,0.0,1.7,2.3
1.6040000000000014,-0.3026127303316876,1.2799610186641213,1.7193648092811702,0.0,1.7,2.3
1.6060000000000014,-0.30321114208567806,1.2774849680869984,1.7118152083322296,0.0,1.7,2.3
1.6080000000000014,-0.30380686618753633,1.2750028320015896,1.7042430034697578,0.0,1.7,2.3
1.6100000000000014,-0.3043807434509686,1.2725372207157677,1.6965130414064868,0.0,1.7,2.3
1.6120000000000014,-0.30497830511781143,1.2700358387108652,1.6889398678764254,0.0,1.7,2.3
1.6140000000000014,-0.30557154478947235,1.2675324532477101,1.6813244888485377,0.0,1.7,2.3
1.6160000000000014,-0.3062069872268358,1.264979934870089,1.6739698035684996,0.0,1.7,2.3
1.6180000000000014,-0.3068503870492074,1.2624177397205087,1.6666385646684658,0.0,1.7,2.3
1.6200000000000014,-0.3075177214846602,1.2598329734075062,1.6594253336621478,0.0,1.7,2.3
1.6220000000000014,-0.3082061097407054,1.257229667648223,1.6523081441194876,0.0,1.7,2.3
1.6240000000000014,-0.3088640987715373,1.2546586385512688,1.6449554407084128,0.0,1.7,2.3
1.6260000000000014,-0.309535062493353,1.2520755112585187,1.63765084122722,0.0,1.7,2.3
1.6280000000000014,-0.3101356075883714,1.249553617227088,1.6298824062150237,0.0,1.7,2.3
1.6300000000000014,-0.3107142188926955,1.2470431811898268,1.6219670590727815,0.0,1.7,2.3
1.6320000000000014,-0.31124947018374627,1.2445569775011474,1.6137895228224548,0.0,1.7,2.3
1.6340000000000015,-0.31176091444861476,1.2420766103066587,1.605472361594089,0.0,1.7,2.3
1.6360000000000015,-0.3123001742034194,1.2395605551847606,1.597320996055644,0.0,1.7,2.3
1.6380000000000015,-0.3128198044448717,1.2370489105622924,1.5890482898375355,0.0,1.7,2.3
1.6400000000000015,-0.3133768664737326,1.2345024263783626,1.5809740207697014,0.0,1.7,2.3
1.6420000000000015,-0.3139391982754298,1.2319476287007882,1.5729051510795997,0.0,1.7,2.3
1.6440000000000015,-0.3145252527909147,1.229376194831241,1.5649329251870332,0.0,1.7,2.3
1.6460000000000015,-0.3151144052679078,1.2268022505258898,1.5569407831672089,0.0,1.7,2.3
1.6480000000000015,-0.3156906276987191,1.2242345395330891,1.5488437727981705,0.0,1.7,2.3
1.6500000000000015,-0.3162243757123915,1.2216830199594113,1.54050233401729,0.0,1.7,2.3
1.6520000000000015,-0.31672461946401614,1.2191366733092721,1.531978846374976,0.0,1.7,2.3
1.6540000000000015,-0.3171763349592721,1.216593846171641,1.523220075840308,0.0,1.7,2.3
1.6560000000000015,-0.3175876383233471,1.2140452242605895,1.5142813655497447,0.0,1.7,2.3
1.6580000000000015,-0.31799798954877107,1.2114716008483015,1.5053635183891276,0.0,1.7,2.3
1.6600000000000015,-0.3184171611372948,1.2088755878929298,1.4964956696075395,0.0,1.7,2.3
1.6620000000000015,-0.3188686634315082,1.2062546181520721,1.4877724931433394,0.0,1.7,2.3
1.6640000000000015,-0.3192851881771383,1.2036273812092093,1.4788883562903474,0.0,1.7,2.3
1.6660000000000015,-0.3197177629730653,1.2009793762096979,1.4700749986749269,0.0,1.7,2.3
1.6680000000000015,-0.3200389823823953,1.1983181413799078,1.4608372212408203,0.0,1.7,2.3
1.6700000000000015,-0.3203768245746892,1.195624790765962,1.4517083819108678,0.0,1.7,2.3
1.6720000000000015,-0.32064804749856485,1.1928953015682557,1.442395517830107,0.0,1.7,2.3
1.6740000000000015,-0.32086799923110004,1.19012750592111,1.432965783950098,0.0,1.7,2.3
1.6760000000000015,-0.3210882538775392,1.1873175836304557,1.4236269768782868,0.0,1.7,2.3
1.6780000000000015,-0.32121684964012875,1.1844552735684806,1.4140778220770611,0.0,1.7,2.3
1.6800000000000015,-0.3213111611766814,1.1815393550906292,1.4045442994744708,0.0,1.7,2.3
1.6820000000000015,-0.32123922008830996,1.1785297587488428,1.3946911962867194,0.0,1.7,2.3
1.6840000000000015,-0.32110754350544607,1.175444657613608,1.3848644933697611,0.0,1.7,2.3
1.6860000000000015,-0.3208455427876055,1.1722559829968564,1.374924511905414,0.0,1.7,2.3
1.6880000000000015,-0.3204489226299958,1.1689580782866205,1.3648985006172583,0.0,1.7,2.3
1.6900000000000015,-0.3199220764476067,1.165545579713769,1.3548527534237804,0.0,1.7,2.3
1.6920000000000015,-0.31916722563252947,1.1619710954380795,1.3446490826017694,0.0,1.7,2.3
1.6940000000000015,-0.3182650737046159,1.1582678742979164,1.3344903617153279,0.0,1.7,2.3
1.6960000000000015,-0.31712202757202007,1.1543880653430911,1.32427986684677,0.0,1.7,2.3
1.6980000000000015,-0.3156661413738637,1.1502925160466124,1.3139832737073744,0.0,1.7,2.3
1.7000000000000015,-0.3139970457905359,1.1460340076045594,1.3038034112753576,0.0,1.7,2.3
1.7020000000000015,-0.3119371415888191,1.1415183675890688,1.2935962999162174,0.0,1.7,2.3
1.7040000000000015,-0.3095805639347187,1.1368030909123614,1.2835250684050372,0.0,1.7,2.3
1.7060000000000015,-0.3068937726448973,1.1318763752581091,1.2736176679809366,0.0,1.7,2.3
1.7080000000000015,-0.30381514338292004,1.12671251134807,1.2638761232058282,0.0,1.7,2.3
1.7100000000000015,-0.30039968416071555,1.121354123189549,1.2543961403352635,0.0,1.7,2.3
1.7120000000000015,-0.2965750274544198,1.1157724788099426,1.245192763515665,0.0,1.7,2.3
1.7140000000000015,-0.29229442210572426,1.1099563345183177,1.2363173202204893,0.0,1.7,2.3
1.7160000000000015,-0.2876634681847981,1.1039822316553536,1.2278557199310296,0.0,1.7,2.3
1.7180000000000015,-0.28253891893141875,1.0977902044561678,1.2198491867713241,0.0,1.7,2.3
1.7200000000000015,-0.2770056957385428,1.091447595076722,1.2123613163439324,0.0,1.7,2.3
1.7220000000000015,-0.2711560921494784,1.085026579070125,1.2054472349408034,0.0,1.7,2.3
1.7240000000000015,-0.26485260167101154,1.0784770554996934,1.199163198098107,0.0,1.7,2.3
1.7260000000000015,-0.25840285082915865,1.071974995884933,1.1934747397251126,0.0,1.7,2.3
1.7280000000000015,-0.2516081460445741,1.0654445858776835,1.1884721636088786,0.0,1.7,2.3
1.7300000000000015,-0.2447243197954554,1.0590183879095696,1.1840504603362516,0.0,1.7,2.3
1.7320000000000015,-0.2377698558836364,1.0527164622662966,1.1801965230148455,0.0,1.7,2.3
1.7340000000000015,-0.23072480518178304,1.0465377809488738,1.1769049455462732,0.0,1.7,2.3
1.7360000000000015,-0.22367247029596554,1.040524822347231,1.1741144846290203,0.0,1.7,2.3
1.7380000000000015,-0.21666538285955156,1.034695765573379,1.1717506706885439,0.0,1.7,2.3
1.7400000000000015,-0.20964745741526358,1.0290426527118222,1.1698666123279526,0.0,1.7,2.3
1.7420000000000015,-0.20260569970272937,1.0235710738398671,1.1684776210737466,0.0,1.7,2.3
1.7440000000000015,-0.1956667758560908,1.018316813600028,1.1674315359245677,0.0,1.7,2.3
1.7460000000000016,-0.1886520058132588,1.0132651849341696,1.1669865676512754,0.0,1.7,2.3
1.7480000000000016,-0.18173141646910437,1.0084455481054342,1.1668988442988593,0.0,1.7,2.3
1.7500000000000016,-0.17487249909136798,1.003865997078052,1.1672283310453273,0.0,1.7,2.3
1.7520000000000016,-0.16808520592952636,0.9995252162761887,1.167939750843229,0.0,1.7,2.3
1.7540000000000016,-0.1614794787881254,0.9954005184410081,1.1687761094839264,0.0,1.7,2.3
1.7560000000000016,-0.15497277859006503,0.9914927358032739,1.169874033932134,0.0,1.7,2.3
1.7580000000000016,-0.1486153538845156,0.9877674062552482,1.1710601939490428,0.0,1.7,2.3
1.7600000000000016,-0.14239487451084848,0.9842114924044598,1.1723213150155993,0.0,1.7,2.3
1.7620000000000016,-0.13626108258315406,0.980841272910892,1.1737761436455874,0.0,1.7,2.3
1.7640000000000016,-0.1302476455473347,0.9776244361887169,1.175290449325798,0.0,1.7,2.3
1.7660000000000016,-0.12432385433264091,0.9745850368473591,1.1769658581869245,0.0,1.7,2.3
1.7680000000000016,-0.11845895049085658,0.9717744787553998,1.1789608681320163,0.0,1.7,2.3
1.7700000000000016,-0.1127021455136832,0.9691367612808693,1.1810652027909734,0.0,1.7,2.3
1.7720000000000016,-0.10702832424177494,0.9667317705151031,1.1834447174922087,0.0,1.7,2.3
1.7740000000000016,-0.10144801382508654,0.9645416903578032,1.1860402945327417,0.0,1.7,2.3
1.7760000000000016,-0.09599372277423063,0.9624701709960133,1.1885924373254901,0.0,1.7,2.3
1.7780000000000016,-0.09062685899263002,0.9606111617910876,1.1913632676022572,0.0,1.7,2.3
1.7800000000000016,-0.0853760222555565,0.9587649454604344,1.1938933980969093,0.0,1.7,2.3
1.7820000000000016,-0.08020714319519374,0.9570747747593217,1.19653688194019,0.0,1.7,2.3
1.7840000000000016,-0.07511988662179174,0.9554543597268419,1.1991200484311582,0.0,1.7,2.3
1.7860000000000016,-0.07011233628591905,0.9539664127238086,1.2017727100129556,0.0,1.7,2.3
1.7880000000000016,-0.06518025301369165,0.9526132886753349,1.2045078698453375,0.0,1.7,2.3
1.7900000000000016,-0.060324264798336004,0.9513297229542207,1.2071930882689332,0.0,1.7,2.3
1.7920000000000016,-0.05554066456807695,0.9501740126647437,1.2099533592544436,0.0,1.7,2.3
1.7940000000000016,-0.050820710958101034,0.9490498950950744,1.2126124171601693,0.0,1.7,2.3
1.7960000000000016,-0.046171305193355584,0.9480625526640288,1.2153692703629073,0.0,1.7,2.3
1.7980000000000016,-0.041575256631548894,0.9470874890492811,1.2180073306695725,0.0,1.7,2.3
1.8000000000000016,-0.03705715718965547,0.946287849637505,1.2208084826222385,0.0,1.7,2.3
1.8020000000000016,-0.032587667653800015,0.9454977330998631,1.2234961737522616,0.0,1.7,2.3
1.8040000000000016,-0.028196081235832015,0.9448647971560998,1.22631262796431,0.0,1.7,2.3
1.8060000000000016,-0.023843619261602132,0.9442225289814438,1.2289975896940177,0.0,1.7,2.3
1.8080000000000016,-0.019561760456296737,0.9437039706625286,1.2317602992771934,0.0,1.7,2.3
1.8100000000000016,-0.015321942581051325,0.943208037154368,1.2344521302858331,0.0,1.7,2.3
1.8120000000000016,-0.0111425388609729,0.9427962359227102,1.237163911764747,0.0,1.7,2.3
1.8140000000000016,-0.007020496008750769,0.942467395494967,1.2398997616371552,0.0,1.7,2.3
1.8160000000000016,-0.0029250000502803906,0.9421147202481858,1.2425037177596243,0.0,1.7,2.3
1.8180000000000016,0.0010778303155905891,0.9419549048716271,1.2452904282180937,0.0,1.7,2.3
1.8200000000000016,0.005075078609877034,0.9417173401013056,1.2478772587566498,0.0,1.7,2.3
1.8220000000000016,0.008992368092173207,0.9416265741841715,1.2505808751995893,0.0,1.7,2.3
1.8240000000000016,0.012901334725061792,0.9414825451407239,1.2531297675738535,0.0,1.7,2.3
1.8260000000000016,0.016749511900459518,0.941431175356412,1.2557239284786217,0.0,1.7,2.3
1.8280000000000016,0.020606828058358208,0.9412959465244203,1.25813311872027,0.0,1.7,2.3
1.8300000000000016,0.024417210052096384,0.9412231596087962,1.2605528943414643,0.0,1.7,2.3
1.8320000000000016,0.028223511708534915,0.9411133693871546,1.2628581615057293,0.0,1.7,2.3
1.8340000000000016,0.03202286860302619,0.9409737008715211,1.2650591810702112,0.0,1.7,2.3
1.8360000000000016,0.03577561912384086,0.9409056033740063,1.2672903718498658,0.0,1.7,2.3
1.8380000000000016,0.039563526439906314,0.9407168282272363,1.2693071357574761,0.0,1.7,2.3
1.8400000000000016,0.043266629687165666,0.9406856093629817,1.271463545226218,0.0,1.7,2.3
1.8420000000000016,0.047015393553924,0.940518043325681,1.2733911362584787,0.0,1.7,2.3
1.8440000000000016,0.0506741650684205,0.940512650817427,1.2754624400061785,0.0,1.7,2.3
1.8460000000000016,0.05435979848739724,0.9404175123246071,1.2773666917435869,0.0,1.7,2.3
1.8480000000000016,0.05797634635914953,0.9404332614559332,1.2793500659599764,0.0,1.7,2.3
1.8500000000000016,0.06158747784226466,0.9404297584574836,1.2812552391869514,0.0,1.7,2.3
1.8520000000000016,0.06519763781658151,0.9403961155351355,1.2830689541989821,0.0,1.7,2.3
1.8540000000000016,0.06875695910914048,0.9404374704593697,1.2849206588892257,0.0,1.7,2.3
1.8560000000000016,0.07237907911448796,0.9403283468843464,1.2865396415658945,0.0,1.7,2.3
1.8580000000000017,0.07595789474395065,0.9402822054354381,1.2881840724015146,0.0,1.7,2.3
1.8600000000000017,0.07959944563427374,0.9400968632493815,1.289613899646384,0.0,1.7,2.3
1.8620000000000017,0.08321853405097397,0.9399375287411854,1.2910267136916118,0.0,1.7,2.3
1.8640000000000017,0.0868414755741875,0.9397551770891076,1.2923648718418244,0.0,1.7,2.3
1.8660000000000017,0.09044125983182064,0.9395986434037324,1.293685910135316,0.0,1.7,2.3
1.8680000000000017,0.09400159976202963,0.9394955512634481,1.2950220608607246,0.0,1.7,2.3
1.8700000000000017,0.09751391742997009,0.939458244782227,1.2963873225489506,0.0,1.7,2.3
1.8720000000000017,0.10100806761117909,0.9394311312818814,1.2977165152987766,0.0,1.7,2.3
1.8740000000000017,0.10443612203161141,0.9394970722225681,1.2991063221850199,0.0,1.7,2.3
1.8760000000000017,0.10787094460429913,0.9395278499925187,1.300407736995557,0.0,1.7,2.3
1.8780000000000017,0.1112401306071677,0.939647493609764,1.301765024942509,0.0,1.7,2.3
1.8800000000000017,0.1146725960982227,0.9396393907019189,1.3029282108533387,0.0,1.7,2.3
1.8820000000000017,0.11805138873517688,0.9397008198086354,1.3041257929018701,0.0,1.7,2.3
1.8840000000000017,0.12147923596235678,0.939664730301187,1.3051659254240238,0.0,1.7,2.3
1.8860000000000017,0.12487930141809755,0.9396559990921938,1.3061925346685404,0.0,1.7,2.3
1.8880000000000017,0.12823125171828612,0.9397085160356232,1.3072450126372013,0.0,1.7,2.3
1.8900000000000017,0.13157487434239376,0.939753754548604,1.3082444873970411,0.0,1.7,2.3
1.8920000000000017,0.13480870705918646,0.9399519718466308,1.3093750785886027,0.0,1.7,2.3
1.8940000000000017,0.13807933721707388,0.9400699285820248,1.310369750110246,0.0,1.7,2.3
1.8960000000000017,0.14123818205267616,0.9403383089736288,1.311492997822023,0.0,1.7,2.3
1.8980000000000017,0.1444852141037511,0.9404514593835062,1.3123957011489225,0.0,1.7,2.3
1.9000000000000017,0.14763653930273407,0.9406884994126344,1.313397338191915,0.0,1.7,2.3
1.9020000000000017,0.1507969358781597,0.9408921640073399,1.3143186181087838,0.0,1.7,2.3
1.9040000000000017,0.15390892667579734,0.9411456044898173,1.3152549359170125,0.0,1.7,2.3
1.9060000000000017,0.15698704691867096,0.9414276956041533,1.3161826033769948,0.0,1.7,2.3
1.9080000000000017,0.1600376405287198,0.941727531529878,1.3170896554674978,0.0,1.7,2.3
1.9100000000000017,0.16308670919117926,0.9420093902539067,1.3179356009923624,0.0,1.7,2.3
1.9120000000000017,0.16607723537982894,0.9423526320062726,1.3188117531178591,0.0,1.7,2.3
1.9140000000000017,0.16908688912054726,0.9426498921321523,1.3195954831508265,0.0,1.7,2.3
1.9160000000000017,0.1720462975878119,0.942995741970639,1.3203957486652182,0.0,1.7,2.3
1.9180000000000017,0.17496566848979353,0.9433768467871607,1.3211975691024664,0.0,1.7,2.3
1.9200000000000017,0.17791571510610424,0.9436963022038256,1.3218902471289267,0.0,1.7,2.3
1.9220000000000017,0.18076729348982182,0.9441281668938591,1.3226742060137238,0.0,1.7,2.3
1.9240000000000017,0.1837103709336027,0.9444210376267143,1.3232600862596755,0.0,1.7,2.3
1.9260000000000017,0.18655757366556264,0.9448214439713668,1.3239326407821221,0.0,1.7,2.3
1.9280000000000017,0.1894618038370903,0.945132211295333,1.3244638382437732,0.0,1.7,2.3
1.9300000000000017,0.19236577749097372,0.9454278662042349,1.3249400994907787,0.0,1.7,2.3
1.9320000000000017,0.19525774044352018,0.9457255212075961,1.3253809668949235,0.0,1.7,2.3
1.9340000000000017,0.1981906772197111,0.9459586099516917,1.3257091112942976,0.0,1.7,2.3
1.9360000000000017,0.2010855707836911,0.9462269913224721,1.3260409090651202,0.0,1.7,2.3
1.9380000000000017,0.20400476613791257,0.9464534271815679,1.3262862512181015,0.0,1.7,2.3
1.9400000000000017,0.20689812932338633,0.9466997246465445,1.326517710064834,0.0,1.7,2.3
1.9420000000000017,0.20979666159401625,0.9469282595165389,1.3266912281496983,0.0,1.7,2.3
1.9440000000000017,0.21265039515176448,0.947198454153353,1.3268773794398403,0.0,1.7,2.3
1.9460000000000017,0.21552229629968242,0.9474353824648999,1.3269876476041012,0.0,1.7,2.3
1.9480000000000017,0.2183365025990841,0.9477277222373254,1.32712789609308,0.0,1.7,2.3
1.9500000000000017,0.22115476754235724,0.9480033660546849,1.3272123730415284,0.0,1.7,2.3
1.9520000000000017,0.2239669812122135,0.9482735065935448,1.3272548922659406,0.0,1.7,2.3
1.9540000000000017,0.2267436259162377,0.9485730374634291,1.327297011965979,0.0,1.7,2.3
1.9560000000000017,0.22958401673423692,0.9487887920272088,1.3272027437131768,0.0,1.7,2.3
1.9580000000000017,0.2323524042239292,0.9490753844911233,1.3271582739865748,0.0,1.7,2.3
1.9600000000000017,0.2352091628890997,0.9492534889463586,1.3269462911479677,0.0,1.7,2.3
1.9620000000000017,0.2380052285598439,0.94948946065768,1.3267687935790802,0.0,1.7,2.3
1.9640000000000017,0.24080642304600416,0.9497105957674837,1.3265372842330598,0.0,1.7,2.3
1.9660000000000017,0.24359385450303256,0.9499366248023556,1.3262765703781312,0.0,1.7,2.3
1.9680000000000017,0.2463068578085964,0.9502329064844576,1.3260673827352254,0.0,1.7,2.3
1.9700000000000017,0.24899795223306936,0.9505407760815235,1.3258387728088814,0.0,1.7,2.3
1.9720000000000018,0.2516231667286447,0.9509063134148765,1.3256484897040013,0.0,1.7,2.3
1.9740000000000018,0.254212052678496,0.9512969262606547,1.325456989215966,0.0,1.7,2.3
1.9760000000000018,0.25678269979911705,0.9516931857789254,1.3252404558939948,0.0,1.7,2.3
1.9780000000000018,0.25932148800424193,0.9521092904936063,1.3250168457176614,0.0,1.7,2.3
1.9800000000000018,0.26187082762637903,0.9525016943796105,1.3247313064551538,0.0,1.7,2.3
1.9820000000000018,0.2643824835185876,0.9529199608964039,1.324446564402219,0.0,1.7,2.3
1.9840000000000018,0.26690542882549456,0.9533147176305142,1.324099770833611,0.0,1.7,2.3
1.9860000000000018,0.26940430437731566,0.9537214519781171,1.3237364481143303,0.0,1.7,2.3
1.9880000000000018,0.27185750773743983,0.9541617510568052,1.3233844068961438,0.0,1.7,2.3
1.9900000000000018,0.2743114966045651,0.9545885646805476,1.322983930124321,0.0,1.7,2.3
1.9920000000000018,0.2766692664399472,0.9550967564638234,1.3226583000675134,0.0,1.7,2.3
1.9940000000000018,0.2790009625398798,0.9556162244831283,1.3223178373182745,0.0,1.7,2.3
1.9960000000000018,0.2812914773207213,0.9561611285947212,1.321981553202974,0.0,1.7,2.3
1.9980000000000018,0.2835507220163584,0.9567218406226947,1.3216370620490179,0.0,1.7,2.3
2.0000000000000018,0.28582277720384036,0.95725691222218,1.3212294115632839,0.0,1.7,2.3
2.0020000000000016,0.28807576620021813,0.9577970556309287,1.3207989524209887,0.0,1.7,2.3
2.0040000000000013,0.29031382813604306,0.9583388487466454,1.3203408695400776,0.0,1.7,2.3
2.006000000000001,0.2925335519159731,0.9588850093223065,1.3198593277562192,0.0,1.7,2.3
2.008000000000001,0.29467875876563754,0.9594869119120897,1.3194239898808224,0.0,1.7,2.3
2.0100000000000007,0.2968254043217052,0.9600741674523094,1.3189405706545536,0.0,1.7,2.3
2.0120000000000005,0.2989028053771154,0.9607109288021487,1.318496465246783,0.0,1.7,2.3
2.0140000000000002,0.30102346756709586,0.9612962997003583,1.3179534708637604,0.0,1.7,2.3
2.016,0.3030821172200035,0.9619246663165234,1.3174411535981354,0.0,1.7,2.3
2.018,0.30516887769211165,0.9625166532868829,1.3168494437728742,0.0,1.7,2.3
2.0199999999999996,0.30718961352236207,0.9631545603317253,1.316293321434412,0.0,1.7,2.3
2.0219999999999994,0.3092124904531793,0.9637792104136668,1.3156899155781439,0.0,1.7,2.3
2.023999999999999,0.31120279491621605,0.9644202276984855,1.31508141978607,0.0,1.7,2.3
2.025999999999999,0.31320018530941374,0.9650445510013201,1.3144201940295122,0.0,1.7,2.3
2.0279999999999987,0.31517271900815524,0.9656790703788325,1.3137449364333293,0.0,1.7,2.3
2.0299999999999985,0.3171330889093324,0.9663138994082501,1.313040720939737,0.0,1.7,2.3
2.0319999999999983,0.3191110593587318,0.9669238533531397,1.3122716770139018,0.0,1.7,2.3
2.033999999999998,0.3210241665899293,0.9675782986569975,1.3115374776118203,0.0,1.7,2.3
2.035999999999998,0.3229678379510887,0.9681977086120448,1.3107232874948815,0.0,1.7,2.3
2.0379999999999976,0.32484384486172496,0.9688632479044454,1.309947315977199,0.0,1.7,2.3
2.0399999999999974,0.32672831669376523,0.9695122818474344,1.3091182524167537,0.0,1.7,2.3
2.041999999999997,0.32853935760989017,0.9702111296534275,1.3083342580885464,0.0,1.7,2.3
2.043999999999997,0.33035261367982743,0.9708984131908278,1.3075048794577124,0.0,1.7,2.3
2.0459999999999967,0.3320815506711211,0.971643117611695,1.3067335374663245,0.0,1.7,2.3
2.0479999999999965,0.3338292541136464,0.9723631113352706,1.3058973483936398,0.0,1.7,2.3
2.0499999999999963,0.3354907492427836,0.9731411384211326,1.305121518258429,0.0,1.7,2.3
2.051999999999996,0.3371671808434966,0.9738978192808112,1.3042857859758525,0.0,1.7,2.3
2.053999999999996,0.3387540561040482,0.974714200498022,1.303514505222538,0.0,1.7,2.3
2.0559999999999956,0.34036196185186973,0.9755049247317038,1.3026764803315858,0.0,1.7,2.3
2.0579999999999954,0.341914434830962,0.9763286072613071,1.3018626376571656,0.0,1.7,2.3
2.059999999999995,0.3434338237324594,0.977168551976117,1.3010466941837318,0.0,1.7,2.3
2.061999999999995,0.3449493347867175,0.9780021025530482,1.3001941325154291,0.0,1.7,2.3
2.0639999999999947,0.3463824287856462,0.9788890245881177,1.2993982916047546,0.0,1.7,2.3
2.0659999999999945,0.34781171665990046,0.9797695901851229,1.298566166015333,0.0,1.7,2.3
2.0679999999999943,0.349154608482325,0.9807056234120802,1.2977958164380188,0.0,1.7,2.3
2.069999999999994,0.35045683350616075,0.9816625140715203,1.297033300523639,0.0,1.7,2.3
2.071999999999994,0.35168855710562036,0.9826622022713165,1.2963142018134477,0.0,1.7,2.3
2.0739999999999936,0.3528859836130555,0.9836777896345013,1.2955959389407137,0.0,1.7,2.3
2.0759999999999934,0.3540028090722168,0.9847431768063114,1.2949336481013367,0.0,1.7,2.3
2.077999999999993,0.35513659095610384,0.9857874942230257,1.2942120682975873,0.0,1.7,2.3
2.079999999999993,0.35619539459589006,0.9868777247158215,1.2935404169920492,0.0,1.7,2.3
2.0819999999999927,0.3572909706899925,0.9879337879975449,1.2927864697668743,0.0,1.7,2.3
2.0839999999999925,0.35831901680285516,0.9890308184563589,1.2920742223539348,0.0,1.7,2.3
2.0859999999999923,0.35936687679880236,0.990106920679896,1.291300226458829,0.0,1.7,2.3
2.087999999999992,0.3603395456584508,0.9912295951824541,1.290577745125896,0.0,1.7,2.3
2.089999999999992,0.36129327703883535,0.9923593516410243,1.2898401599803904,0.0,1.7,2.3
2.0919999999999916,0.362199145987462,0.9935163981136128,1.2891224629196445,0.0,1.7,2.3
2.0939999999999914,0.36301588545459956,0.994730064696264,1.288474131074402,0.0,1.7,2.3
2.095999999999991,0.36389080319771605,0.9958972205190701,1.2877199444581413,0.0,1.7,2.3
2.097999999999991,0.36457242237150156,0.9971937349542619,1.2871607408429289,0.0,1.7,2.3
2.0999999999999908,0.3653894202414443,0.9983911013071552,1.2864036108568864,0.0,1.7,2.3
2.1019999999999905,0.3660644065531826,0.9996822598576094,1.2857813507131204,0.0,1.7,2.3
2.1039999999999903,0.3667688317250256,1.0009490203822802,1.2850881587795469,0.0,1.7,2.3
2.10599999999999,0.3675197017664139,1.0021798935293698,1.2843040236800332,0.0,1.7,2.3
2.10799999999999,0.36811104364887215,1.0035175049928478,1.2836770563395956,0.0,1.7,2.3
2.1099999999999897,0.36883993012587923,1.0047574229699385,1.2828493302187138,0.0,1.7,2.3
2.1119999999999894,0.3693405566504252,1.0061515627857842,1.2822638444851733,0.0,1.7,2.3
2.113999999999989,0.3699320167534959,1.0074810207921943,1.281534325170484,0.0,1.7,2.3
2.115999999999989,0.37040564756063354,1.0088893500478877,1.280915078831548,0.0,1.7,2.3
2.117999999999989,0.3708783049475062,1.0102968357287747,1.2802637083100683,0.0,1.7,2.3
2.1199999999999886,0.3713528654621494,1.0117018901841837,1.2795774014774592,0.0,1.7,2.3
2.1219999999999883,0.3717651207239968,1.0131489242286547,1.278934469853595,0.0,1.7,2.3
2.123999999999988,0.3721922599165837,1.0145854530564784,1.2782410132228759,0.0,1.7,2.3
2.125999999999988,0.37252991197457985,1.016083471997497,1.2776256486742312,0.0,1.7,2.3
2.1279999999999877,0.37287832797569065,1.017574686317263,1.276965481034118,0.0,1.7,2.3
2.1299999999999875,0.373117063470921,1.0191423647911877,1.2764101260545226,0.0,1.7,2.3
2.1319999999999872,0.3734273701095464,1.0206621497302095,1.275734602818137,0.0,1.7,2.3
2.133999999999987,0.37360552627270593,1.0222750717076767,1.2751933756377707,0.0,1.7,2.3
2.135999999999987,0.37383194035123285,1.0238568611674965,1.2745609601969508,0.0,1.7,2.3
2.1379999999999866,0.37397529084596265,1.0254991590083684,1.2740029491969915,0.0,1.7,2.3
2.1399999999999864,0.3740819489464652,1.0271702102363667,1.273461153867349,0.0,1.7,2.3
2.141999999999986,0.37417467037424207,1.0288549580182098,1.2729077205310244,0.0,1.7,2.3
2.143999999999986,0.37419642000552417,1.030593651499979,1.272415044324724,0.0,1.7,2.3
2.1459999999999857,0.3742194836530849,1.0323363619224026,1.271891827158595,0.0,1.7,2.3
2.1479999999999855,0.3741752615976218,1.0341318602056495,1.2714259215998354,0.0,1.7,2.3
2.1499999999999853,0.3741343626079352,1.035930809955236,1.2709271134517257,0.0,1.7,2.3
2.151999999999985,0.37404188841851177,1.0377727003162684,1.2704663230503066,0.0,1.7,2.3
2.153999999999985,0.3739470851204969,1.0396227981576478,1.2699799719517053,0.0,1.7,2.3
2.1559999999999846,0.3738175174653225,1.0415048780864389,1.2695103983552114,0.0,1.7,2.3
2.1579999999999844,0.3736744696321902,1.043403908527435,1.2690298431866476,0.0,1.7,2.3
2.159999999999984,0.3735119129836678,1.0453247727391808,1.2685464355729428,0.0,1.7,2.3
2.161999999999984,0.37331584278364566,1.047278079867169,1.2680786747044743,0.0,1.7,2.3
2.1639999999999837,0.37310978959391816,1.0492471090841293,1.2675958014676627,0.0,1.7,2.3
2.1659999999999835,0.3728658120029292,1.0512528951398579,1.2671349594825108,0.0,1.7,2.3
2.1679999999999833,0.37262416605613197,1.0532658643179151,1.266642661244497,0.0,1.7,2.3
2.169999999999983,0.3723189755202956,1.0553360551930684,1.266207449117635,0.0,1.7,2.3
2.171999999999983,0.37201733157739086,1.0574132336730002,1.2657393679158222,0.0,1.7,2.3
2.1739999999999826,0.37168148598686956,1.0595266749574384,1.2652897070630256,0.0,1.7,2.3
2.1759999999999824,0.3713096689875254,1.0616779622897554,1.2648608770747438,0.0,1.7,2.3
2.177999999999982,0.3709593001415841,1.0638232151224736,1.2643749642459325,0.0,1.7,2.3
2.179999999999982,0.37055313619080826,1.0660224069259792,1.2639373147605448,0.0,1.7,2.3
2.1819999999999817,0.3701793856964891,1.0682066199328086,1.2634268359604213,0.0,1.7,2.3
2.1839999999999815,0.3697743633594219,1.0704260144301214,1.2629311380671842,0.0,1.7,2.3
2.1859999999999813,0.36937231097628415,1.072653286159719,1.2624026136563986,0.0,1.7,2.3
2.187999999999981,0.36895702169661543,1.0749016936442741,1.261864030307566,0.0,1.7,2.3
2.189999999999981,0.368507041319588,1.0771887328555811,1.2613455281270405,0.0,1.7,2.3
2.1919999999999806,0.3680540740552717,1.079489091172509,1.2608030956157767,0.0,1.7,2.3
2.1939999999999804,0.3675487730503181,1.0818436831719622,1.2603068881733706,0.0,1.7,2.3
2.19599999999998,0.3670225997380457,1.0842270641177205,1.259812996490817,0.0,1.7,2.3
2.19799999999998,0.3664909539367854,1.0866265777191597,1.2592998063339342,0.0,1.7,2.3
2.1999999999999797,0.36591444947402185,1.0890753843480243,1.258824017560042,0.0,1.7,2.3
2.2019999999999795,0.3653566030708255,1.0915196677419532,1.2582943344365591,0.0,1.7,2.3
2.2039999999999793,0.36478034215958965,1.0939907925858536,1.2577643759521437,0.0,1.7,2.3
2.205999999999979,0.3641875504260046,1.0964868587078973,1.257231355491864,0.0,1.7,2.3
2.207999999999979,0.3636172713982781,1.098973974856155,1.2566383766797138,0.0,1.7,2.3
2.2099999999999786,0.3629919708553171,1.1015195159577424,1.256099572660114,0.0,1.7,2.3
2.2119999999999784,0.3623962523146731,1.1040492158440953,1.2554902830499646,0.0,1.7,2.3
2.213999999999978,0.3617408385497133,1.1066421800701678,1.2549440755437602,0.0,1.7,2.3
2.215999999999978,0.3610778362324478,1.1092520329033566,1.254383604355998,0.0,1.7,2.3
2.2179999999999778,0.36038866138521136,1.1118959520926646,1.2538383859746927,0.0,1.7,2.3
2.2199999999999775,0.35965720720872646,1.1145880859663362,1.253332972657867,0.0,1.7,2.3
2.2219999999999773,0.3589699353940673,1.1172499824973585,1.2527365074992807,0.0,1.7,2.3
2.223999999999977,0.3582108821490694,1.119986791220521,1.2522264262280463,0.0,1.7,2.3
2.225999999999977,0.357529406285192,1.122660947273969,1.2515723248040713,0.0,1.7,2.3
2.2279999999999767,0.3567621533236559,1.1254230005035921,1.2510285194444672,0.0,1.7,2.3
2.2299999999999764,0.35604109433750514,1.1281500286451462,1.2503887658382598,0.0,1.7,2.3
2.2319999999999762,0.3552455953941188,1.1309549675592727,1.2498453961321891,0.0,1.7,2.3
2.233999999999976,0.35446953390219027,1.133749088283781,1.2492490470410833,0.0,1.7,2.3
2.235999999999976,0.35366546883008954,1.1365773326830981,1.2486779735918105,0.0,1.7,2.3
2.2379999999999756,0.3528499923301818,1.1394230188076313,1.2481041369991996,0.0,1.7,2.3
2.2399999999999753,0.3520584239036085,1.1422525542579873,1.2474721216667963,0.0,1.7,2.3
2.241999999999975,0.3512043382225536,1.145147677437861,1.246922709727145,0.0,1.7,2.3
2.243999999999975,0.35041324749993963,1.1479879480833863,1.2462502531671702,0.0,1.7,2.3
2.2459999999999747,0.34951138579115965,1.1509401181242451,1.2457453590879857,0.0,1.7,2.3
2.2479999999999745,0.3487014567592047,1.1538081205587396,1.245067574551043,0.0,1.7,2.3
2.2499999999999742,0.3477984122491657,1.1567707005364805,1.2445323282649574,0.0,1.7,2.3
2.251999999999974,0.3469575244902933,1.1596765038813366,1.2438727779817933,0.0,1.7,2.3
2.253999999999974,0.346064706947443,1.1626362473934395,1.243288460740069,0.0,1.7,2.3
2.2559999999999736,0.34519979483778235,1.165571421844758,1.2426384642377633,0.0,1.7,2.3
2.2579999999999734,0.34430013019875066,1.168542963157527,1.2420364691180672,0.0,1.7,2.3
2.259999999999973,0.34342395542318904,1.1714932680583179,1.2413764785261157,0.0,1.7,2.3
2.261999999999973,0.3425219380081436,1.1744703007703032,1.2407507962356399,0.0,1.7,2.3
2.2639999999999727,0.3416121285329917,1.177455855001457,1.2401251403386766,0.0,1.7,2.3
2.2659999999999725,0.3407208460230646,1.180423667593031,1.239453691226675,0.0,1.7,2.3
2.2679999999999723,0.3397732562130786,1.183446701952024,1.2388757016905478,0.0,1.7,2.3
2.269999999999972,0.3388783194381647,1.186417567305712,1.2381874798111814,0.0,1.7,2.3
2.271999999999972,0.3379177250844535,1.1894518409856096,1.2376152604188533,0.0,1.7,2.3
2.2739999999999716,0.3370050396225177,1.192437749902383,1.2369404457742565,0.0,1.7,2.3
2.2759999999999714,0.33604019572269545,1.1954727619279353,1.2363602077629052,0.0,1.7,2.3
2.277999999999971,0.33511279533376875,1.1984688948123374,1.2356966931742999,0.0,1.7,2.3
2.279999999999971,0.3341451072012115,1.2015014318713717,1.235108081621376,0.0,1.7,2.3
2.2819999999999707,0.333207060958358,1.2045020153068193,1.2344509320548784,0.0,1.7,2.3
2.2839999999999705,0.3322483433222839,1.2075189359000411,1.2338309832959058,0.0,1.7,2.3
2.2859999999999703,0.3313009054994573,1.2105210810373936,1.2331798930018845,0.0,1.7,2.3
2.28799999999997,0.3303544952310031,1.213517753700283,1.2325215137051007,0.0,1.7,2.3
2.28999999999997,0.32937894817906477,1.2165375996626733,1.2319208541686442,0.0,1.7,2.3
2.2919999999999696,0.32844076395994964,1.2195164847166007,1.231234159605139,0.0,1.7,2.3
2.2939999999999694,0.3274479034911599,1.2225415697635569,1.2306665557865575,0.0,1.7,2.3
2.295999999999969,0.32647949955601785,1.2255373181877893,1.2300418361939485,0.0,1.7,2.3
2.297999999999969,0.32549785565067574,1.2285387077393581,1.2294475693035183,0.0,1.7,2.3
2.2999999999999687,0.32449054368145713,1.2315569668805333,1.2289132600598351,0.0,1.7,2.3
2.3019999999999685,0.32352824746811804,1.2345258885595982,1.228273518869954,0.0,1.7,2.3
2.3039999999999683,0.3225205093521773,1.237528916837825,1.2277438005223176,0.0,1.7,2.3
2.305999999999968,0.32155136993224237,1.240488639103315,1.2271205232896962,0.0,1.7,2.3
2.307999999999968,0.3205784368533912,1.2434435077712953,1.226507629515137,0.0,1.7,2.3
2.3099999999999676,0.31959078216412684,1.2464032028573488,1.225932218378993,0.0,1.7,2.3
2.3119999999999674,0.31862647154243884,1.2493330710544912,1.2252993700317418,0.0,1.7,2.3
2.313999999999967,0.31764022337080683,1.2522730974903225,1.2247257903387254,0.0,1.7,2.3
2.315999999999967,0.3166504246025192,1.255206389845408,1.2241657830895751,0.0,1.7,2.3
2.3179999999999668,0.31567560320327975,1.2581165121480702,1.223570546985447,0.0,1.7,2.3
2.3199999999999665,0.3146660218332021,1.2610456759319812,1.2230763978106969,0.0,1.7,2.3
2.3219999999999663,0.3136904558043677,1.263935145826607,1.2224943590167254,0.0,1.7,2.3
2.323999999999966,0.31268855442464893,1.266835088169043,1.2219947124193304,0.0,1.7,2.3
2.325999999999966,0.31170914944721995,1.2697054054046386,1.2214360989142723,0.0,1.7,2.3
2.3279999999999657,0.31073997073359605,1.2725555676476066,1.220855667015373,0.0,1.7,2.3
2.3299999999999654,0.309751166895497,1.2754103395462273,1.2203376233838317,0.0,1.7,2.3
2.331999999999965,0.30881163609364976,1.2782141699388059,1.2196786808975757,0.0,1.7,2.3
2.333999999999965,0.30780851145189636,1.281055546656129,1.2192204771373742,0.0,1.7,2.3
2.3359999999999648,0.3068609927934496,1.2838415947875015,1.218598579813021,0.0,1.7,2.3
2.3379999999999646,0.30586088356058133,1.2866538890679247,1.2181534562223455,0.0,1.7,2.3
2.3399999999999643,0.3049027728449397,1.289422049642334,1.2175826708021964,0.0,1.7,2.3
2.341999999999964,0.30392391770765936,1.2921913088586496,1.2170914736326583,0.0,1.7,2.3
2.343999999999964,0.3029667336016964,1.2949322226424365,1.216535882645283,0.0,1.7,2.3
2.3459999999999637,0.3020106553050983,1.2976583465564087,1.2159876254396675,0.0,1.7,2.3
2.3479999999999634,0.3010470841311981,1.3003762024705687,1.2154732177272878,0.0,1.7,2.3
2.3499999999999632,0.30010068570911075,1.3030681201850596,1.2149107749993817,0.0,1.7,2.3
2.351999999999963,0.2991324629984174,1.3057598874797096,1.2144363784390413,0.0,1.7,2.3
2.353999999999963,0.29819143776275014,1.3084196418701248,1.213875839716928,0.0,1.7,2.3
2.3559999999999626,0.29723601618897383,1.311073520745154,1.2133792909462506,0.0,1.7,2.3
2.3579999999999623,0.2962972081227896,1.313702679583693,1.2128317068179848,0.0,1.7,2.3
2.359999999999962,0.29535634004191136,1.3163180228291553,1.2123031796942556,0.0,1.7,2.3
2.361999999999962,0.2944151602297633,1.3189182999756521,1.2117874323240692,0.0,1.7,2.3
2.3639999999999617,0.29348163461375837,1.3214989637803136,1.2112535658149925,0.0,1.7,2.3
2.3659999999999615,0.2925397172423622,1.324067979046069,1.2107664996403116,0.0,1.7,2.3
2.3679999999999612,0.2916111904897132,1.3266145847187063,1.2102368584535836,0.0,1.7,2.3
2.369999999999961,0.290679878775959,1.32914608731427,1.2097324573244403,0.0,1.7,2.3
2.371999999999961,0.28974229147063557,1.3316641897028825,1.2092671530869805,0.0,1.7,2.3
2.3739999999999606,0.28882647231128183,1.3341560537057264,1.2087226314922523,0.0,1.7,2.3
2.3759999999999604,0.2878849038142567,1.336641678382075,1.2083037115671897,0.0,1.7,2.3
2.37799999999996,0.28697843518080635,1.3390969552543108,1.2077422166132998,0.0,1.7,2.3
2.37999999999996,0.2860432643555878,1.3415452777310406,1.2073242418069683,0.0,1.7,2.3
2.3819999999999597,0.2851348629393935,1.343967769456748,1.2067955670128647,0.0,1.7,2.3
2.3839999999999595,0.28421358085631176,1.3463764636598994,1.2063414873272342,0.0,1.7,2.3
2.3859999999999593,0.2832996259622276,1.3487661185224809,1.2058640845587432,0.0,1.7,2.3
2.387999999999959,0.28239029776074737,1.3511364780841666,1.2053786753447255,0.0,1.7,2.3
2.389999999999959,0.2814747496802959,1.3534910503674766,1.2049349246331713,0.0,1.7,2.3
2.3919999999999586,0.28057129945914056,1.3558249029482652,1.204444486071265,0.0,1.7,2.3
2.3939999999999584,0.2796545484538513,1.3581432949056975,1.2040330440217086,0.0,1.7,2.3
2.395999999999958,0.278752514360558,1.3604410058732008,1.2035589808470826,0.0,1.7,2.3
2.397999999999958,0.27783316423706106,1.3627221985172258,1.2031879017161913,0.0,1.7,2.3
2.3999999999999577,0.27693155203871017,1.3649831274618072,1.2027349351794199,0.0,1.7,2.3
2.4019999999999575,0.276014817901066,1.3672259699477758,1.2023756450925656,0.0,1.7,2.3
2.4039999999999573,0.27511366091428957,1.3694499462983785,1.201941278117532,0.0,1.7,2.3
2.405999999999957,0.274203738075713,1.3716548888828286,1.20156635714733,0.0,1.7,2.3
2.407999999999957,0.2733014400846439,1.373842074676399,1.2011560650753308,0.0,1.7,2.3
2.4099999999999566,0.2724026990669988,1.3760108163066622,1.2007338646375283,0.0,1.7,2.3
2.4119999999999564,0.2714930057412121,1.378160577503207,1.2003807224830572,0.0,1.7,2.3
2.413999999999956,0.27060324085245824,1.380294566596767,1.1999166728550423,0.0,1.7,2.3
2.415999999999956,0.2696823869175228,1.3824050005008752,1.1996426091163648,0.0,1.7,2.3
2.4179999999999557,0.26878778453848345,1.3845022024583191,1.199214714360485,0.0,1.7,2.3
2.4199999999999555,0.2678701356362566,1.3865751900217185,1.1989314869343224,0.0,1.7,2.3
2.4219999999999553,0.2669583756960511,1.3886316117261923,1.1986134255490086,0.0,1.7,2.3
2.423999999999955,0.2660491763864793,1.3906698242331421,1.1982815366961386,0.0,1.7,2.3
2.425999999999955,0.26512769005052467,1.3926864878035046,1.1980250701928135,0.0,1.7,2.3
2.4279999999999546,0.2642223541682642,1.3946908791143315,1.1976638130703876,0.0,1.7,2.3
2.4299999999999544,0.26329673223950656,1.3966702589953042,1.1974275997552841,0.0,1.7,2.3
2.431999999999954,0.26238998996608637,1.3986406657940962,1.197062415691454,0.0,1.7,2.3
2.433999999999954,0.2614613088059757,1.4005844162197436,1.1968320131754662,0.0,1.7,2.3
2.4359999999999538,0.260546345086369,1.4025187434316615,1.196500446838182,0.0,1.7,2.3
2.4379999999999535,0.2596117263576658,1.4044264364722465,1.19628733520662,0.0,1.7,2.3
2.4399999999999533,0.2586790700759165,1.406319511503065,1.1960465824928503,0.0,1.7,2.3
2.441999999999953,0.2577392906506862,1.4081923551804638,1.1958378647192087,0.0,1.7,2.3
2.443999999999953,0.2567888410878353,1.4100436844335802,1.1956822466531212,0.0,1.7,2.3
2.4459999999999527,0.25584677753954976,1.411885378313557,1.195448964461883,0.0,1.7,2.3
2.4479999999999524,0.2548879045334687,1.4137021438695774,1.1953060076095332,0.0,1.7,2.3
2.449999999999952,0.2539374343567841,1.415511303541377,1.1950795096269053,0.0,1.7,2.3
2.451999999999952,0.25297205059445904,1.4172971195851916,1.1949259246042578,0.0,1.7,2.3
2.4539999999999518,0.25200095975354275,1.4190664773251191,1.1947798747718021,0.0,1.7,2.3
2.4559999999999516,0.2510228451413704,1.4208185937112334,1.1946477422915764,0.0,1.7,2.3
2.4579999999999513,0.25003313920997877,1.4225505065890052,1.1945579330399847,0.0,1.7,2.3
2.459999999999951,0.24903891385513713,1.4242681716989094,1.194459316716603,0.0,1.7,2.3
2.461999999999951,0.24803690964716116,1.4259697138918501,1.1943714135647745,0.0,1.7,2.3
2.4639999999999507,0.2470258316134766,1.4276546087726547,1.194300039074728,0.0,1.7,2.3
2.4659999999999505,0.24600476146710243,1.4293226645514536,1.194248518065543,0.0,1.7,2.3
2.4679999999999502,0.24497805712778692,1.430978179192185,1.1941844299150284,0.0,1.7,2.3
2.46999999999995,0.24392896051990337,1.432607163381439,1.1942165741139332,0.0,1.7,2.3
2.47199999999995,0.24288247435189225,1.434232139671166,1.1941753836067144,0.0,1.7,2.3
2.4739999999999496,0.2418150258890559,1.435832918291514,1.1942135969237566,0.0,1.7,2.3
2.4759999999999494,0.240740172801738,1.4374223220410018,1.1942394836980563,0.0,1.7,2.3
2.477999999999949,0.23965545405167832,1.4389987406239864,1.1942651938935103,0.0,1.7,2.3
2.479999999999949,0.23855364845125232,1.4405564321325317,1.1943355425151405,0.0,1.7,2.3
2.4819999999999487,0.23744312732676562,1.4421036134299774,1.1943921274030496,0.0,1.7,2.3
2.4839999999999485,0.23631530116018462,1.4436331990852993,1.1944879383391485,0.0,1.7,2.3
2.4859999999999483,0.23518074223211674,1.4451555290183025,1.194552276473683,0.0,1.7,2.3
2.487999999999948,0.23401936635838258,1.4466530071391797,1.1947077075405692,0.0,1.7,2.3
2.489999999999948,0.23286314999078073,1.4481554126658835,1.1947545048462584,0.0,1.7,2.3
2.4919999999999476,0.2316620330819669,1.4496181260678596,1.1949923487765108,0.0,1.7,2.3
2.4939999999999474,0.23047999867252997,1.4510995127017896,1.1950368152151674,0.0,1.7,2.3
2.495999999999947,0.22924679196454817,1.4525373488121316,1.195297430561833,0.0,1.7,2.3
2.497999999999947,0.22802528525195553,1.4539881907523151,1.1954083972064926,0.0,1.7,2.3
2.4999999999999467,0.22676860266334384,1.4554115399954337,1.1956318339632408,0.0,1.7,2.3
2.5019999999999465,0.22549598667695264,1.4568246122874544,1.1958601598419791,0.0,1.7,2.3
2.5039999999999463,0.2242202943137384,1.4582396312686088,1.1960153566133336,0.0,1.7,2.3
2.505999999999946,0.2228999135220032,1.4596209841907954,1.1963267301411844,0.0,1.7,2.3
2.507999999999946,0.2215934463811688,1.4610195755104223,1.1964727114354197,0.0,1.7,2.3
2.5099999999999456,0.2202413813013264,1.4623854736824737,1.1967701691661394,0.0,1.7,2.3
2.5119999999999454,0.21889284265814707,1.4637603420457115,1.1969587167209321,0.0,1.7,2.3
2.513999999999945,0.21750808825946927,1.4651119746209866,1.197241169941768,0.0,1.7,2.3
2.515999999999945,0.21611740306881094,1.4664654920787155,1.1974622477369468,0.0,1.7,2.3
2.5179999999999447,0.21468933601705123,1.4677964287268017,1.1977750433171557,0.0,1.7,2.3
2.5199999999999445,0.2132578622117574,1.4691319700055812,1.1980122688041666,0.0,1.7,2.3
2.5219999999999443,0.2117820486569887,1.4704411220406801,1.1983666324869617,0.0,1.7,2.3
2.523999999999944,0.21030587778220608,1.4717577387000302,1.1986302141222012,0.0,1.7,2.3
2.525999999999944,0.20879009989387295,1.4730530449905672,1.1989814135749464,0.0,1.7,2.3
2.5279999999999436,0.2072644785685562,1.4743490456081598,1.1992857620346933,0.0,1.7,2.3
2.5299999999999434,0.20572140596620334,1.4756408456832426,1.199574231470163,0.0,1.7,2.3
2.531999999999943,0.20414339711051613,1.4769157911284512,1.1999256275105588,0.0,1.7,2.3
2.533999999999943,0.20256900381624898,1.4782017057077848,1.2001695204358387,0.0,1.7,2.3
2.5359999999999427,0.20094334807851394,1.4794605485867574,1.200540620171971,0.0,1.7,2.3
2.5379999999999425,0.1993215429727268,1.4807304270464614,1.2008051808074853,0.0,1.7,2.3
2.5399999999999423,0.19765696172019914,1.4819803221672667,1.201154632123326,0.0,1.7,2.3
2.541999999999942,0.1959725122834656,1.4832256741647118,1.2014944929762477,0.0,1.7,2.3
2.543999999999942,0.19427105317633742,1.4844687515637314,1.2018112973131323,0.0,1.7,2.3
2.5459999999999416,0.19252841775578422,1.48569420953004,1.2021999744813014,0.0,1.7,2.3
2.5479999999999414,0.19078469440218487,1.4869275010261092,1.2025039791102399,0.0,1.7,2.3
2.549999999999941,0.18900021590931146,1.488144136694514,1.2028746559187018,0.0,1.7,2.3
2.551999999999941,0.1872094838483169,1.4893650522625668,1.2031829212258214,0.0,1.7,2.3
2.5539999999999408,0.18539606880291046,1.4905805144752942,1.2034890912900231,0.0,1.7,2.3
2.5559999999999405,0.18355472750651874,1.4917872660587783,1.203813348911581,0.0,1.7,2.3
2.5579999999999403,0.1816993237547637,1.4929937682234593,1.2041034831460526,0.0,1.7,2.3
2.55999999999994,0.17980040593153115,1.494183156467588,1.2044639402009942,0.0,1.7,2.3
2.56199999999994,0.17789921472053646,1.4953789253031664,1.2047490719221106,0.0,1.7,2.3
2.5639999999999397,0.17594713947283144,1.4965540909083557,1.2051261707621455,0.0,1.7,2.3
2.5659999999999394,0.17400197094972855,1.497740193886543,1.2053992426457123,0.0,1.7,2.3
2.567999999999939,0.1720189985877558,1.498913022503151,1.2057184675656138,0.0,1.7,2.3
2.569999999999939,0.17002144754361953,1.50008474543571,1.206007935251355,0.0,1.7,2.3
2.571999999999939,0.1680057273425074,1.5012536048131981,1.2062783027254724,0.0,1.7,2.3
2.5739999999999386,0.16595212280476526,1.502409197518703,1.2065939138829913,0.0,1.7,2.3
2.5759999999999383,0.16389348200634554,1.5035684839876045,1.2068488841018479,0.0,1.7,2.3
2.577999999999938,0.16179369274077915,1.5047129994158757,1.207157639839741,0.0,1.7,2.3
2.579999999999938,0.1596930311131809,1.5058627877895183,1.2073950602721437,0.0,1.7,2.3
2.5819999999999377,0.15755757065837794,1.5070009344106892,1.2076658053178846,0.0,1.7,2.3
2.5839999999999375,0.15540900726753512,1.5081378601536963,1.2079046254013972,0.0,1.7,2.3
2.5859999999999372,0.15324309554444443,1.5092714528948457,1.208124030102931,0.0,1.7,2.3
2.587999999999937,0.1510386018186234,1.5103913378195772,1.208387817076855,0.0,1.7,2.3
2.589999999999937,0.14883736865143268,1.5115173547825966,1.208572332529034,0.0,1.7,2.3
2.5919999999999366,0.14659149912936847,1.5126266984499126,1.2088181353449121,0.0,1.7,2.3
2.5939999999999364,0.14434300963904362,1.5137388865160002,1.2090038807565773,0.0,1.7,2.3
2.595999999999936,0.1420672826723037,1.5148423172097187,1.2092004558310459,0.0,1.7,2.3
2.597999999999936,0.13976600815523707,1.5159375890593176,1.2094034266945513,0.0,1.7,2.3
2.5999999999999357,0.137453793902841,1.5170312438272628,1.2095717857200754,0.0,1.7,2.3
2.6019999999999355,0.13511861708353295,1.5181175688514073,1.2097398892086162,0.0,1.7,2.3
2.6039999999999353,0.1327556744020764,1.5191942295250576,1.209921113405766,0.0,1.7,2.3
2.605999999999935,0.13039642600543785,1.5202751509699572,1.2100299257291514,0.0,1.7,2.3
2.607999999999935,0.12798620871709962,1.5213356520473313,1.2102153408940728,0.0,1.7,2.3
2.6099999999999346,0.12559040656371243,1.522404674692425,1.2103014719814564,0.0,1.7,2.3
2.6119999999999344,0.12315039880626885,1.5234559661982252,1.2104455687717608,0.0,1.7,2.3
2.613999999999934,0.12070665392872541,1.5245071941347206,1.2105411711619085,0.0,1.7,2.3
2.615999999999934,0.1182502476149615,1.5255542325840676,1.2106114934089407,0.0,1.7,2.3
2.6179999999999337,0.1157474535055288,1.526581925634438,1.2107466705330887,0.0,1.7,2.3
2.6199999999999335,0.11326695568196675,1.5276203499643504,1.2107664479935512,0.0,1.7,2.3
2.6219999999999333,0.11071763756369031,1.528629123169844,1.2109091135802752,0.0,1.7,2.3
2.623999999999933,0.10819898980668918,1.52965179382336,1.2109171247681354,0.0,1.7,2.3
2.625999999999933,0.10560995342178123,1.5306436278962818,1.2110512830252311,0.0,1.7,2.3
2.6279999999999326,0.10305961962123827,1.5316524237977345,1.2110329786418574,0.0,1.7,2.3
2.6299999999999324,0.10043634661280557,1.5326286810229812,1.211147016913262,0.0,1.7,2.3
2.631999999999932,0.09785300881478033,1.533622043962388,1.2111082622658966,0.0,1.7,2.3
2.633999999999932,0.09521250300044677,1.5345892164317398,1.2111620813521182,0.0,1.7,2.3
2.6359999999999317,0.09257700553001307,1.5355576261190484,1.2111533314032117,0.0,1.7,2.3
2.6379999999999315,0.08993236539713062,1.5365205872156262,1.2111173893908018,0.0,1.7,2.3
2.6399999999999313,0.08723842285114514,1.5374600389462079,1.2111559204939109,0.0,1.7,2.3
2.641999999999931,0.08456780717691025,1.5384080431852827,1.2110877573903842,0.0,1.7,2.3
2.643999999999931,0.08183226809542882,1.5393247540972619,1.2111333297866311,0.0,1.7,2.3
2.6459999999999306,0.07912632466714631,1.5402524582219965,1.2110586224776276,0.0,1.7,2.3
2.6479999999999304,0.07635504975901093,1.541147799266167,1.2110992201237474,0.0,1.7,2.3
2.64999999999993,0.07362284609191468,1.5420581998238339,1.210998151354811,0.0,1.7,2.3
2.65199999999993,0.07082116700779079,1.5429334155320693,1.2110234898761874,0.0,1.7,2.3
2.6539999999999297,0.06806002093869436,1.5438242199277827,1.2109054652734816,0.0,1.7,2.3
2.6559999999999295,0.06524566296936005,1.5446864859242102,1.2108750114988682,0.0,1.7,2.3
2.6579999999999293,0.062439928385234364,1.5455491955821854,1.210781187006685,0.0,1.7,2.3
2.659999999999929,0.059620815437318155,1.5464013529025586,1.2106785939529408,0.0,1.7,2.3
2.661999999999929,0.05675514284183887,1.5472270354520592,1.2106493589138365,0.0,1.7,2.3
2.6639999999999286,0.05392318206908782,1.5480642225389285,1.2104974702391806,0.0,1.7,2.3
2.6659999999999284,0.051009853673870426,1.5488568648365741,1.2105058317614572,0.0,1.7,2.3
2.667999999999928,0.04814374508333404,1.5496674607684338,1.2103599210844878,0.0,1.7,2.3
2.669999999999928,0.04522019271525385,1.5504439924910784,1.210317375646969,0.0,1.7,2.3
2.6719999999999278,0.04231479530299425,1.5512240883098383,1.2101932087588874,0.0,1.7,2.3
2.6739999999999275,0.03939281029980871,1.5519897544638344,1.2100737560828034,0.0,1.7,2.3
2.6759999999999273,0.03644698620733842,1.5527372460969027,1.20997750078121,0.0,1.7,2.3
2.677999999999927,0.033503681004063736,1.5534793866251675,1.2098406113964884,0.0,1.7,2.3
2.679999999999927,0.030522190833887766,1.554194832661089,1.2097643733657553,0.0,1.7,2.3
2.6819999999999267,0.027553547760037586,1.5549098447324368,1.2096235434702458,0.0,1.7,2.3
2.6839999999999264,0.024543017849631102,1.5555950009321613,1.2095548281580424,0.0,1.7,2.3
2.6859999999999262,0.021558609504735222,1.5562867197522645,1.2093896951994885,0.0,1.7,2.3
2.687999999999926,0.01852782550331413,1.5569449712904786,1.209310245147145,0.0,1.7,2.3
2.689999999999926,0.015516618764502397,1.5576060722905976,1.2091518764764237,0.0,1.7,2.3
2.6919999999999256,0.012469722578193631,1.558238305912225,1.2090550625842977,0.0,1.7,2.3
2.6939999999999253,0.00941711677295699,1.5588585435162274,1.2089447767440114,0.0,1.7,2.3
2.695999999999925,0.006365541699209263,1.5594699938484384,1.208805341373101,0.0,1.7,2.3
2.697999999999925,0.003276398177944571,1.5600499187114871,1.208735850347532,0.0,1.7,2.3
2.6999999999999247,0.00021085168379335128,1.560634028218327,1.208580945717799,0.0,1.7,2.3
2.7019999999999245,-0.002891422745575236,1.5611857693586664,1.2084967706788552,0.0,1.7,2.3
2.7039999999999242,-0.005991117617035778,1.561728646448832,1.2083828167299775,0.0,1.7,2.3
2.705999999999924,-0.009096670298838198,1.5622569829283321,1.2082622111035812,0.0,1.7,2.3
2.707999999999924,-0.012230215470241359,1.5627563980973973,1.2081941134667447,0.0,1.7,2.3
2.7099999999999236,-0.015342274417162724,1.5632582257017245,1.2080490394144576,0.0,1.7,2.3
2.7119999999999234,-0.01849394568670735,1.563722126771941,1.2079906853058162,0.0,1.7,2.3
2.713999999999923,-0.02163078667000911,1.5641839196679939,1.2078741975074865,0.0,1.7,2.3
2.715999999999923,-0.02478278508249663,1.5646225989543117,1.207782328729068,0.0,1.7,2.3
2.7179999999999227,-0.027957687929415068,1.565032740024396,1.2077367564276742,0.0,1.7,2.3
2.7199999999999225,-0.031104763861577633,1.565448834282124,1.2076005383928277,0.0,1.7,2.3
2.7219999999999223,-0.034303489443476096,1.5658144400256766,1.2075938307162466,0.0,1.7,2.3
2.723999999999922,-0.03746841337526937,1.5661903468856513,1.2074805891712772,0.0,1.7,2.3
2.725999999999922,-0.04067082754642123,1.5665237919013326,1.2074625058097364,0.0,1.7,2.3
2.7279999999999216,-0.04386178727871776,1.566850902195518,1.2074020038506212,0.0,1.7,2.3
2.7299999999999214,-0.04706652680932798,1.567151689105517,1.20737338871663,0.0,1.7,2.3
2.731999999999921,-0.0502682863777247,1.5674391721959922,1.2073285052809175,0.0,1.7,2.3
2.733999999999921,-0.05348090326255224,1.5677014886611187,1.2073101739579608,0.0,1.7,2.3
2.7359999999999207,-0.05668605050040206,1.5679535155623374,1.207264349406351,0.0,1.7,2.3
2.7379999999999205,-0.0599073904269757,1.5681746951756912,1.2072646132913034,0.0,1.7,2.3
2.7399999999999203,-0.06311996418601044,1.5683860627813553,1.2072355555925613,0.0,1.7,2.3
2.74199999999992,-0.06634435152563627,1.5685686944145703,1.2072435378804256,0.0,1.7,2.3
2.74399999999992,-0.06957256110213128,1.5687295845658324,1.207264120938971,0.0,1.7,2.3
2.7459999999999196,-0.07279636346152933,1.5688746560142344,1.207275003280453,0.0,1.7,2.3
2.7479999999999194,-0.07603955644479753,1.5689821482777189,1.2073526231472684,0.0,1.7,2.3
2.749999999999919,-0.07925670476720484,1.5690935181592764,1.2073524480471816,0.0,1.7,2.3
2.751999999999919,-0.08250808122389375,1.5691507880580449,1.2074739674491894,0.0,1.7,2.3
2.7539999999999187,-0.08572225786085524,1.5692234439403097,1.2074798820752735,0.0,1.7,2.3
2.7559999999999185,-0.08896235754818914,1.5692476997130695,1.2075861935100072,0.0,1.7,2.3
2.7579999999999183,-0.09218422462835092,1.5692687416466395,1.2076411740480841,0.0,1.7,2.3
2.759999999999918,-0.09540989746564922,1.569262195591567,1.20772546993895,0.0,1.7,2.3
2.761999999999918,-0.09863854409582727,1.569229001892677,1.2078364155386085,0.0,1.7,2.3
2.7639999999999176,-0.10185518359575252,1.5691842328379628,1.2079234666883525,0.0,1.7,2.3
2.7659999999999174,-0.10508465415422927,1.5690995278702446,1.2080796420170257,0.0,1.7,2.3
2.767999999999917,-0.10829690211370245,1.5690085906394242,1.2081948183946702,0.0,1.7,2.3
2.769999999999917,-0.11152147382062413,1.5688754230554733,1.208385098835042,0.0,1.7,2.3
2.7719999999999168,-0.11472692796417172,1.5687381650346446,1.2085282229554473,0.0,1.7,2.3
2.7739999999999165,-0.117936775102942,1.568566304805784,1.208721294867497,0.0,1.7,2.3
2.7759999999999163,-0.1211325379042842,1.5683840887020164,1.2088880828024573,0.0,1.7,2.3
2.777999999999916,-0.1243228738469613,1.5681787848977682,1.2090683716940367,0.0,1.7,2.3
2.779999999999916,-0.12751006181073363,1.5679474773037967,1.209271838965379,0.0,1.7,2.3
2.7819999999999157,-0.13068331446782336,1.567703777705774,1.209455568803296,0.0,1.7,2.3
2.7839999999999154,-0.13386476974063735,1.567414732758177,1.2097217069581745,0.0,1.7,2.3
2.785999999999915,-0.1370226035141814,1.5671269685882252,1.2099263757392624,0.0,1.7,2.3
2.787999999999915,-0.14018891817422588,1.5667897542177789,1.2102250903573095,0.0,1.7,2.3
2.7899999999999148,-0.14333030107658598,1.5664565357483144,1.210455208362008,0.0,1.7,2.3
2.7919999999999146,-0.1464711891672411,1.5660860348132069,1.210742108866069,0.0,1.7,2.3
2.7939999999999143,-0.1495931269097148,1.5657102210280696,1.210989780469662,0.0,1.7,2.3
2.795999999999914,-0.15271732587436732,1.5652887057160985,1.2113190585119675,0.0,1.7,2.3
2.797999999999914,-0.15581463619582536,1.5648768350884747,1.2115652891297455,0.0,1.7,2.3
2.7999999999999137,-0.1589205048822247,1.5644021609347272,1.2119432718634986,0.0,1.7,2.3
2.8019999999999134,-0.16199795446365967,1.5639414754567273,1.2122265615085437,0.0,1.7,2.3
2.8039999999999132,-0.16506992959013653,1.5634426545497058,1.2125683021515312,0.0,1.7,2.3
2.805999999999913,-0.168133273550143,1.5629153563635725,1.212941241002608,0.0,1.7,2.3
2.807999999999913,-0.17116655501943057,1.5624050507026273,1.2132118052033025,0.0,1.7,2.3
2.8099999999999126,-0.17421219473131777,1.5618110653274375,1.2136742983498727,0.0,1.7,2.3
2.8119999999999123,-0.1772146604213358,1.5612710751417038,1.2139285911112165,0.0,1.7,2.3
2.813999999999912,-0.18023090059642607,1.560632878604297,1.2144156253008067,0.0,1.7,2.3
2.815999999999912,-0.18320798790940165,1.5600454533019954,1.2147060327006958,0.0,1.7,2.3
2.8179999999999117,-0.1861879407904095,1.5593801728196044,1.2151695679785235,0.0,1.7,2.3
2.8199999999999115,-0.18914065638240887,1.5587350982356056,1.2155259458392857,0.0,1.7,2.3
2.8219999999999112,-0.1920826883406473,1.5580483075864995,1.2159517824383894,0.0,1.7,2.3
2.823999999999911,-0.1950083951243406,1.557344502699003,1.216377583832037,0.0,1.7,2.3
2.825999999999911,-0.19791332002219025,1.5566338074509185,1.2167742727962267,0.0,1.7,2.3
2.8279999999999106,-0.20080765169947518,1.5558778238289677,1.2172514799660326,0.0,1.7,2.3
2.8299999999999104,-0.20367614095417289,1.555140497997009,1.2176283625733886,0.0,1.7,2.3
2.83199999999991,-0.20653508718279945,1.5543424138672146,1.2181294912053213,0.0,1.7,2.3
2.83399999999991,-0.2093694467167461,1.5535623750796441,1.2185332024052604,0.0,1.7,2.3
2.8359999999999097,-0.21218890119709927,1.552741031722078,1.2190066153161905,0.0,1.7,2.3
2.8379999999999095,-0.21498850377603368,1.5519112230630558,1.2194579905007468,0.0,1.7,2.3
2.8399999999999093,-0.2177683894606641,1.5510697622474243,1.21989655398399,0.0,1.7,2.3
2.841999999999909,-0.2205305562004588,1.5501968531772647,1.220377970274778,0.0,1.7,2.3
2.843999999999909,-0.2232721651742999,1.5493194015248561,1.2208274509925794,0.0,1.7,2.3
2.8459999999999086,-0.22599450339959387,1.5484145229277382,1.2213090487311467,0.0,1.7,2.3
2.8479999999999084,-0.22869679863566886,1.5474923587074143,1.221794872033296,0.0,1.7,2.3
2.849999999999908,-0.2313783718856842,1.5465594408532963,1.2222670562602085,0.0,1.7,2.3
2.851999999999908,-0.2340395426840025,1.5456007508608522,1.22276765517779,0.0,1.7,2.3
2.8539999999999077,-0.23667980498364577,1.5446334932204089,1.223249244459336,0.0,1.7,2.3
2.8559999999999075,-0.23929936154804143,1.543650709419082,1.2237314851642591,0.0,1.7,2.3
2.8579999999999073,-0.24189770253728793,1.5426515962662894,1.2242168937871025,0.0,1.7,2.3
2.859999999999907,-0.24447513849888894,1.5416377767291731,1.2247013251745344,0.0,1.7,2.3
2.861999999999907,-0.24703208499549853,1.5406198056991935,1.2251559044676175,0.0,1.7,2.3
2.8639999999999066,-0.24956509207915414,1.5395614197813086,1.225681142821442,0.0,1.7,2.3
2.8659999999999064,-0.25208016715584813,1.5385214346395535,1.2261148771453834,0.0,1.7,2.3
2.867999999999906,-0.2545678255206332,1.5374271151943282,1.226658261377336,0.0,1.7,2.3
2.869999999999906,-0.2570385529404748,1.5363522430673726,1.227107893382019,0.0,1.7,2.3
2.8719999999999057,-0.2594815047343274,1.5352335849983099,1.2276386351743842,0.0,1.7,2.3
2.8739999999999055,-0.2619065210202984,1.534123204657794,1.2281070458621521,0.0,1.7,2.3
2.8759999999999053,-0.2643062982182195,1.5329881362594657,1.228604444431821,0.0,1.7,2.3
2.877999999999905,-0.2666852753577425,1.5318452982627704,1.229084361349161,0.0,1.7,2.3
2.879999999999905,-0.26904190649455134,1.5306922222793415,1.2295539332673007,0.0,1.7,2.3
2.8819999999999046,-0.2713758291546427,1.5295237324729356,1.2300276638528977,0.0,1.7,2.3
2.8839999999999044,-0.2736883716090886,1.5283487660102562,1.2304811878420758,0.0,1.7,2.3
2.885999999999904,-0.2759749011497068,1.5271490249276298,1.2309653045110411,0.0,1.7,2.3
2.887999999999904,-0.2782414253613219,1.5259482752988767,1.2314146160288837,0.0,1.7,2.3
2.8899999999999038,-0.2804772474014846,1.5247119021933144,1.2319251620925324,0.0,1.7,2.3
2.8919999999999035,-0.28270039045172446,1.5234952842811011,1.2323438096698738,0.0,1.7,2.3
2.8939999999999033,-0.2848857402632512,1.5222268772051735,1.232869149684983,0.0,1.7,2.3
2.895999999999903,-0.2870662218643345,1.520995335944415,1.2332553488802793,0.0,1.7,2.3
2.897999999999903,-0.2892081929688736,1.519714101080825,1.233743074838566,0.0,1.7,2.3
2.8999999999999027,-0.29133828310220256,1.518448478585899,1.2341509202555003,0.0,1.7,2.3
2.9019999999999024,-0.2934386505312774,1.5171579167654674,1.2345920764075564,0.0,1.7,2.3
2.903999999999902,-0.29551405015467735,1.5158526027176569,1.2350383027102454,0.0,1.7,2.3
2.905999999999902,-0.29756848725721496,1.5145433534837554,1.2354597893724866,0.0,1.7,2.3
2.9079999999999018,-0.29959635173115895,1.5132169355478082,1.2358935470008199,0.0,1.7,2.3
2.9099999999999016,-0.30160413180376455,1.511887700985918,1.2362997346249551,0.0,1.7,2.3
2.9119999999999013,-0.30358666645126653,1.5105446170827521,1.2367093151651758,0.0,1.7,2.3
2.913999999999901,-0.30554783809490116,1.5091959112235371,1.2370994848435515,0.0,1.7,2.3
2.915999999999901,-0.307480120761262,1.5078277024674542,1.2375093730970042,0.0,1.7,2.3
2.9179999999999007,-0.30939470929902285,1.5064605634332258,1.2378813647081626,0.0,1.7,2.3
2.9199999999999005,-0.31127647627423294,1.50506845044309,1.2382889722427886,0.0,1.7,2.3
2.9219999999999002,-0.31314396834759284,1.5036826172290951,1.238644198195676,0.0,1.7,2.3
2.9239999999999,-0.3149794076085213,1.5022743482642968,1.2390283554243169,0.0,1.7,2.3
2.9259999999999,-0.31679560997005507,1.5008637778505922,1.239384565421613,0.0,1.7,2.3
2.9279999999998996,-0.31859008366786956,1.4994475460787222,1.2397225695825236,0.0,1.7,2.3
2.9299999999998994,-0.3203472380835184,1.4980022611455115,1.2401089196205692,0.0,1.7,2.3
2.931999999999899,-0.3221022456592304,1.4965797028922203,1.24039650198633,0.0,1.7,2.3
2.933999999999899,-0.3238079237376717,1.4951125341216567,1.2407773248761442,0.0,1.7,2.3
2.9359999999998987,-0.32551210074188514,1.493667324142135,1.2410614437417227,0.0,1.7,2.3
2.9379999999998985,-0.3271783689558243,1.492195182405463,1.2413889422005113,0.0,1.7,2.3
2.9399999999998983,-0.3288210411154043,1.4907144220917847,1.2417072822231938,0.0,1.7,2.3
2.941999999999898,-0.3304539739466295,1.4892442147258924,1.2419618155026753,0.0,1.7,2.3
2.943999999999898,-0.33203274028959767,1.4877272092692486,1.2423173739534135,0.0,1.7,2.3
2.9459999999998976,-0.3336285035295878,1.4862528703986961,1.2425164780717888,0.0,1.7,2.3
2.9479999999998974,-0.3351539388739682,1.4847144515072563,1.2428673495720577,0.0,1.7,2.3
2.949999999999897,-0.3366940986686084,1.4832137669779433,1.243075599878423,0.0,1.7,2.3
2.951999999999897,-0.3381827454081321,1.4816738182991902,1.2433646760998318,0.0,1.7,2.3
2.9539999999998967,-0.3396532660334802,1.480132409191066,1.2436247048199032,0.0,1.7,2.3
2.9559999999998965,-0.3411128983955598,1.4785985567146342,1.2438298000694044,0.0,1.7,2.3
2.9579999999998963,-0.3425239552612963,1.477029667870693,1.2441039602843909,0.0,1.7,2.3
2.959999999999896,-0.34394017065502985,1.4754848936591771,1.244274687986296,0.0,1.7,2.3
2.961999999999896,-0.34530423655767367,1.4739027210082953,1.2445220529265062,0.0,1.7,2.3
2.9639999999998956,-0.3466691643432811,1.4723388433534992,1.2446827650370376,0.0,1.7,2.3
2.9659999999998954,-0.3479860552667732,1.4707433292673513,1.2449038857145802,0.0,1.7,2.3
2.967999999999895,-0.3492961463719104,1.469157569636611,1.2450633890331178,0.0,1.7,2.3
2.969999999999895,-0.35056731978905775,1.4675504024068105,1.2452536988174479,0.0,1.7,2.3
2.9719999999998947,-0.35181475474074514,1.4659362549335344,1.2454320210802854,0.0,1.7,2.3
2.9739999999998945,-0.35304782663521483,1.4643247364953194,1.2455701723295942,0.0,1.7,2.3
2.9759999999998943,-0.35423192799551634,1.4626828198780555,1.2457663253772508,0.0,1.7,2.3
2.977999999999894,-0.3554275616770397,1.4610669512272754,1.2458523747601518,0.0,1.7,2.3
2.979999999999894,-0.35655994671367286,1.4594086671303566,1.2460329647144621,0.0,1.7,2.3
2.9819999999998936,-0.3577045273326662,1.4577758027905072,1.246104940446514,0.0,1.7,2.3
2.9839999999998934,-0.35879821689506347,1.4561127254133137,1.246235572158531,0.0,1.7,2.3
2.985999999999893,-0.35988110208495894,1.4544541336762427,1.2463203591369698,0.0,1.7,2.3
2.987999999999893,-0.360932130418498,1.4527825931657288,1.2464123320675367,0.0,1.7,2.3
2.9899999999998927,-0.3619575321515585,1.4511029027974116,1.2464968182057792,0.0,1.7,2.3
2.9919999999998925,-0.362955445147516,1.449414353523468,1.246576511089298,0.0,1.7,2.3
2.9939999999998923,-0.3639260905238976,1.4477165934270866,1.246652283341947,0.0,1.7,2.3
2.995999999999892,-0.3648784853560884,1.4460175645765654,1.246700380214274,0.0,1.7,2.3
2.997999999999892,-0.3657878729018791,1.44429704048835,1.2467824702828743,0.0,1.7,2.3
2.9999999999998916,-0.3667093821788741,1.4425987377589418,1.2467648363361659,0.0,1.7,2.3
3.0019999999998914,-0.3675592331290965,1.440857282968373,1.2468483282770706,0.0,1.7,2.3
3.003999999999891,-0.36844058988944445,1.4391518876561753,1.2467890309959742,0.0,1.7,2.3
3.005999999999891,-0.3692353133808702,1.4373934788814757,1.246862496190574,0.0,1.7,2.3
3.0079999999998908,-0.3700514585510867,1.4356626117653262,1.246819142793448,0.0,1.7,2.3
3.0099999999998905,-0.37081079322300503,1.4339022016683995,1.2468368732044948,0.0,1.7,2.3
3.0119999999998903,-0.3715499945365215,1.4321384652055773,1.2468337817216937,0.0,1.7,2.3
3.01399999999989,-0.3722818914055071,1.4303812299856042,1.2467797269950032,0.0,1.7,2.3
3.01599999999989,-0.37295988703506505,1.4285967856984538,1.2467800220079304,0.0,1.7,2.3
3.0179999999998897,-0.3736517530894373,1.4268331387585529,1.2466842724992857,0.0,1.7,2.3
3.0199999999998894,-0.37427408987695604,1.425032348857711,1.2466751646049934,0.0,1.7,2.3
3.021999999999889,-0.3749099193751595,1.4232514726384464,1.246572594614277,0.0,1.7,2.3
3.023999999999889,-0.3754810132444353,1.421437827430919,1.2465440297740769,0.0,1.7,2.3
3.025999999999889,-0.3760584950876828,1.4196387512051256,1.2464388080325348,0.0,1.7,2.3
3.0279999999998886,-0.3765913715746874,1.4178208856620214,1.2463638836405946,0.0,1.7,2.3
3.0299999999998883,-0.3771036879560945,1.4159996565620234,1.24626975955754,0.0,1.7,2.3
3.031999999999888,-0.37760225751854176,1.4141797739922755,1.2461417656348814,0.0,1.7,2.3
3.033999999999888,-0.37804966734931916,1.4123372638791971,1.246057290424924,0.0,1.7,2.3
3.0359999999998877,-0.37849927542912565,1.4105060167594548,1.2459070765285407,0.0,1.7,2.3
3.0379999999998875,-0.37889970729398437,1.4086539493730537,1.2457954615716358,0.0,1.7,2.3
3.0399999999998872,-0.37928788015096326,1.4068039610654968,1.2456481440304732,0.0,1.7,2.3
3.041999999999887,-0.3796464119343188,1.4049454697283181,1.2454999575323944,0.0,1.7,2.3
3.043999999999887,-0.37998076546060283,1.403081810701818,1.245340203193606,0.0,1.7,2.3
3.0459999999998866,-0.3802826994854343,1.4012082162739647,1.2451849775623078,0.0,1.7,2.3
3.0479999999998864,-0.38057287235133164,1.3993368578440895,1.2449941953058858,0.0,1.7,2.3
3.049999999999886,-0.38081153551810343,1.3974447834718187,1.244844650111302,0.0,1.7,2.3
3.051999999999886,-0.38106002548427226,1.3955672003890747,1.2446188334375743,0.0,1.7,2.3
3.0539999999998857,-0.3812428878855316,1.3936614398067944,1.2444605119871202,0.0,1.7,2.3
3.0559999999998855,-0.3814344426190618,1.3917691468524298,1.2442293043202801,0.0,1.7,2.3
3.0579999999998853,-0.3815797418672388,1.3898601340745487,1.2440282374191134,0.0,1.7,2.3
3.059999999999885,-0.3816975833917383,1.387944429735791,1.2438229670633403,0.0,1.7,2.3
3.061999999999885,-0.3818214768836822,1.3860407334096594,1.2435505182324276,0.0,1.7,2.3
3.0639999999998846,-0.3818652166925564,1.3841022215292729,1.2433713723123427,0.0,1.7,2.3
3.0659999999998844,-0.3819529405592743,1.3821955456375126,1.2430565148414379,0.0,1.7,2.3
3.067999999999884,-0.381946049908935,1.3802473310559058,1.242860289671633,0.0,1.7,2.3
3.069999999999884,-0.38196666787478734,1.378321671780477,1.242560105686176,0.0,1.7,2.3
3.0719999999998837,-0.3819211383264813,1.3763702523726817,1.2423256824079136,0.0,1.7,2.3
3.0739999999998835,-0.38187763601767605,1.3744278871878581,1.242034575521235,0.0,1.7,2.3
3.0759999999998833,-0.3817878962279611,1.3724704582384522,1.2417730786945045,0.0,1.7,2.3
3.077999999999883,-0.38168945092413636,1.3705165579333727,1.2414748644047047,0.0,1.7,2.3
3.079999999999883,-0.3815533887024684,1.3685522012618772,1.241191019862317,0.0,1.7,2.3
3.0819999999998826,-0.38140431567399996,1.3665892103198143,1.2408787332734907,0.0,1.7,2.3
3.0839999999998824,-0.38122600044172933,1.3646200301464455,1.2405663867985757,0.0,1.7,2.3
3.085999999999882,-0.38102317611467706,1.3626467209905029,1.2402463044330796,0.0,1.7,2.3
3.087999999999882,-0.38079894914693574,1.3606711398944842,1.2399128370912456,0.0,1.7,2.3
3.0899999999998817,-0.3805404144399993,1.3586870488862801,1.2395889605422694,0.0,1.7,2.3
3.0919999999998815,-0.3802645067285419,1.356702727267614,1.2392451465609202,0.0,1.7,2.3
3.0939999999998813,-0.3799550404255403,1.3547105506546866,1.2389098561881755,0.0,1.7,2.3
3.095999999999881,-0.379622580867917,1.3527157375746228,1.2385647608836596,0.0,1.7,2.3
3.097999999999881,-0.37926681628829323,1.3507179187128386,1.2382109936806753,0.0,1.7,2.3
3.0999999999998806,-0.3788902894047495,1.3487185935855455,1.2378441361205126,0.0,1.7,2.3
3.1019999999998804,-0.37847417214388496,1.3467092154013702,1.2374968171058356,0.0,1.7,2.3
3.10399999999988,-0.3780756499377176,1.3447150900604763,1.237072001441483,0.0,1.7,2.3
3.10599999999988,-0.3775899854205676,1.3426907320271242,1.2367474561614258,0.0,1.7,2.3
3.1079999999998797,-0.37716185062110624,1.3406983564365345,1.23627906504658,0.0,1.7,2.3
3.1099999999998795,-0.3766163034733597,1.3386639023469236,1.2359616486734462,0.0,1.7,2.3
3.1119999999998793,-0.3761347608318745,1.3366634827141803,1.2354908074786155,0.0,1.7,2.3
3.113999999999879,-0.3755441185842757,1.3346257139233912,1.235156610636869,0.0,1.7,2.3
3.115999999999879,-0.37499689882356435,1.3326128504195,1.2347046480569768,0.0,1.7,2.3
3.1179999999998786,-0.3743846091272288,1.3305814505610223,1.2343158646660881,0.0,1.7,2.3
3.1199999999998784,-0.3737688736836153,1.3285556743290245,1.2338883812874086,0.0,1.7,2.3
3.121999999999878,-0.3731413508870445,1.326532894425544,1.2334359784097475,0.0,1.7,2.3
3.123999999999878,-0.3724559530694189,1.3244945196015743,1.2330357835169037,0.0,1.7,2.3
3.1259999999998778,-0.3717931677420237,1.322472506442118,1.2325543972444375,0.0,1.7,2.3
3.1279999999998775,-0.3710490688142306,1.3204266276563705,1.2321642978607814,0.0,1.7,2.3
3.1299999999998773,-0.37034270127771546,1.3184025357649174,1.2316689077320948,0.0,1.7,2.3
3.131999999999877,-0.3695466585587125,1.316352320508178,1.2312789229422223,0.0,1.7,2.3
3.133999999999877,-0.3688068379774492,1.3143301670874716,1.2307540949334188,0.0,1.7,2.3
3.1359999999998767,-0.36796075002636974,1.3122767403162854,1.2303624063053833,0.0,1.7,2.3
3.1379999999998764,-0.3671810289374246,1.3102543472187356,1.2298200684245035,0.0,1.7,2.3
3.1399999999998762,-0.3662903528235434,1.3082001653728206,1.2294190294994378,0.0,1.7,2.3
3.141999999999876,-0.3654446466025331,1.306168880576447,1.2289033159963154,0.0,1.7,2.3
3.143999999999876,-0.36454435104563715,1.3041263832582104,1.2284368521421076,0.0,1.7,2.3
3.1459999999998756,-0.3636135817669079,1.3020805929847816,1.227980383482287,0.0,1.7,2.3
3.1479999999998753,-0.3627070611018804,1.3000506315238145,1.2274443447360464,0.0,1.7,2.3
3.149999999999875,-0.36171006425168656,1.2979977806408154,1.2270175590153287,0.0,1.7,2.3
3.151999999999875,-0.36076535507760665,1.2959696509382652,1.2264658229096281,0.0,1.7,2.3
3.1539999999998747,-0.3597323720410602,1.293920352881763,1.226020494817691,0.0,1.7,2.3
3.1559999999998745,-0.3587275833354826,1.2918875063843207,1.2254904510661555,0.0,1.7,2.3
3.1579999999998742,-0.3576709913642572,1.2898459163034601,1.225007666694758,0.0,1.7,2.3
3.159999999999874,-0.35660967262902055,1.2878102407907233,1.224494975533788,0.0,1.7,2.3
3.161999999999874,-0.3555217105258974,1.2857740510271347,1.223988917478845,0.0,1.7,2.3
3.1639999999998736,-0.35441293403500007,1.2837389953778924,1.2234801728221776,0.0,1.7,2.3
3.1659999999998734,-0.35328776070249773,1.28170673686108,1.2229619217788572,0.0,1.7,2.3
3.167999999999873,-0.3521327199955703,1.2796732276687783,1.2224567151116745,0.0,1.7,2.3
3.169999999999873,-0.35097514027243676,1.2776466474007746,1.2219197927762442,0.0,1.7,2.3
3.1719999999998727,-0.3497711340084671,1.2756144886364043,1.2214242047842818,0.0,1.7,2.3
3.1739999999998725,-0.3485765125771985,1.273592638330665,1.220877787826247,0.0,1.7,2.3
3.1759999999998723,-0.3473277815247674,1.2715636724889474,1.2203864708972123,0.0,1.7,2.3
3.177999999999872,-0.3460906073623776,1.2695455343950608,1.2198413095578002,0.0,1.7,2.3
3.179999999999872,-0.3448075689480035,1.2675230631108498,1.219338530258536,0.0,1.7,2.3
3.1819999999998716,-0.3435302571192401,1.2655097466540237,1.2187921799828023,0.0,1.7,2.3
3.1839999999998714,-0.34221081567573136,1.2634935710893136,1.2182829845904144,0.0,1.7,2.3
3.185999999999871,-0.34089875432196437,1.2614868588983055,1.2177279639381051,0.0,1.7,2.3
3.187999999999871,-0.33954389845752336,1.259477627797914,1.2172122784729125,0.0,1.7,2.3
3.1899999999998707,-0.3381809779965378,1.2574741053502885,1.2166774270320446,0.0,1.7,2.3
3.1919999999998705,-0.3368113556378251,1.2554770932846777,1.2161218678809314,0.0,1.7,2.3
3.1939999999998703,-0.33537884929783196,1.2534732793829284,1.2156410172858723,0.0,1.7,2.3
3.19599999999987,-0.33399782027044383,1.2514892828968622,1.21504109534438,0.0,1.7,2.3
3.19799999999987,-0.3325079780228628,1.2494891071912697,1.2145957859242626,0.0,1.7,2.3
3.1999999999998696,-0.33109292127250134,1.2475132310659458,1.2139914432739007,0.0,1.7,2.3
3.2019999999998694,-0.32958417724564626,1.2455256485942954,1.2135177071085848,0.0,1.7,2.3
3.203999999999869,-0.3281107652924356,1.2435532857143266,1.212952534963843,0.0,1.7,2.3
3.205999999999869,-0.3265970242747773,1.2415811227861469,1.2124275236958184,0.0,1.7,2.3
3.2079999999998687,-0.3250638668980671,1.2396129737170811,1.2119062436299446,0.0,1.7,2.3
3.2099999999998685,-0.3235402840257153,1.2376550828198554,1.211339289934008,0.0,1.7,2.3
3.2119999999998683,-0.3219520995495597,1.2356930908522623,1.210856143083329,0.0,1.7,2.3
3.213999999999868,-0.3204033303254109,1.233746707877217,1.2102753609232269,0.0,1.7,2.3
3.215999999999868,-0.31877657882140686,1.2317947682585997,1.20980378593659,0.0,1.7,2.3
3.2179999999998676,-0.31718405866850863,1.2298571136661083,1.2092437198627979,0.0,1.7,2.3
3.2199999999998674,-0.3155382784112768,1.227919055758229,1.2087509176288196,0.0,1.7,2.3
3.221999999999867,-0.31389829613010184,1.2259902470348516,1.2082203191890455,0.0,1.7,2.3
3.223999999999867,-0.3122416015071848,1.2240673816017578,1.2076929084184342,0.0,1.7,2.3
3.2259999999998668,-0.3105583777602057,1.2221487890293357,1.207186358724231,0.0,1.7,2.3
3.2279999999998665,-0.3088842824321561,1.220240094584053,1.206637044162078,0.0,1.7,2.3
3.2299999999998663,-0.3071575052629049,1.2183324582015584,1.2061574282222596,0.0,1.7,2.3
3.231999999999866,-0.30545186773635835,1.2164363130502316,1.2056135782301836,0.0,1.7,2.3
3.233999999999866,-0.30369518008067176,1.2145422414489189,1.2051382889835138,0.0,1.7,2.3
3.2359999999998657,-0.301948195120074,1.212658014200407,1.204620029803585,0.0,1.7,2.3
3.2379999999998654,-0.30017916393167543,1.210779960699242,1.2041181561634238,0.0,1.7,2.3
3.239999999999865,-0.29839537141061134,1.208908797066836,1.2036191448427955,0.0,1.7,2.3
3.241999999999865,-0.29660363855210664,1.2070456446477562,1.2031111525051137,0.0,1.7,2.3
3.2439999999998648,-0.29478900711963996,1.205188796886274,1.2026223118381811,0.0,1.7,2.3
3.2459999999998645,-0.292967447547011,1.2033402454756668,1.2021234340126803,0.0,1.7,2.3
3.2479999999998643,-0.2911186102273909,1.2014980181423365,1.2016533345358549,0.0,1.7,2.3
3.249999999999864,-0.28927675306640727,1.1996654032098544,1.20114728946576,0.0,1.7,2.3
3.251999999999864,-0.2873924734912063,1.1978383140370055,1.2007005043179506,0.0,1.7,2.3
3.2539999999998637,-0.28553647009187066,1.196022273406285,1.2001767046797414,0.0,1.7,2.3
3.2559999999998634,-0.2836185945139243,1.1942110859978543,1.1997518924022919,0.0,1.7,2.3
3.2579999999998632,-0.2817350225024299,1.192410971109912,1.1992380209217022,0.0,1.7,2.3
3.259999999999863,-0.2797996378932937,1.1906172257528123,1.1988056934616969,0.0,1.7,2.3
3.261999999999863,-0.2778714202093801,1.188832785524206,1.1983378830797826,0.0,1.7,2.3
3.2639999999998626,-0.2759393262540121,1.187057514340206,1.1978576556181353,0.0,1.7,2.3
3.2659999999998623,-0.2739601885564672,1.1852894995283063,1.197451570190618,0.0,1.7,2.3
3.267999999999862,-0.2720202082023078,1.1835320633477708,1.1969464378733479,0.0,1.7,2.3
3.269999999999862,-0.27001634866011137,1.1817822247369256,1.196551921802259,0.0,1.7,2.3
3.2719999999998617,-0.2680399443745384,1.1800421865432749,1.1960816577748785,0.0,1.7,2.3
3.2739999999998615,-0.2660323890613713,1.1783112007508834,1.1956570821303707,0.0,1.7,2.3
3.2759999999998612,-0.26401092839278095,1.176589393893831,1.195242550359026,0.0,1.7,2.3
3.277999999999861,-0.26200043870008394,1.1748771249600485,1.1947869434360576,0.0,1.7,2.3
3.279999999999861,-0.25994361296939383,1.1731745571930323,1.1944110288905747,0.0,1.7,2.3
3.2819999999998606,-0.2579154344718243,1.1714811399322491,1.1939565391675098,0.0,1.7,2.3
3.2839999999998604,-0.25584008903062344,1.1697982594336762,1.193585877341088,0.0,1.7,2.3
3.28599999999986,-0.25378571390702725,1.1681242535436458,1.1931525270717156,0.0,1.7,2.3
3.28799999999986,-0.25170134510956355,1.1664610062501397,1.1927679879806412,0.0,1.7,2.3
3.2899999999998597,-0.24961612718236773,1.1648071893866443,1.192368231972772,0.0,1.7,2.3
3.2919999999998595,-0.2475248438232582,1.163163533023,1.1919661724480721,0.0,1.7,2.3
3.2939999999998593,-0.24540502280538962,1.1615309428946947,1.1916112645806431,0.0,1.7,2.3
3.295999999999859,-0.24330446171982217,1.159907131083476,1.1911981008202617,0.0,1.7,2.3
3.297999999999859,-0.2411579690899175,1.1582961522770616,1.1908732568003484,0.0,1.7,2.3
3.2999999999998586,-0.2390419766793571,1.1566928159592509,1.1904642495632864,0.0,1.7,2.3
3.3019999999998584,-0.23687651381437014,1.155103478446292,1.1901543023873016,0.0,1.7,2.3
3.303999999999858,-0.234743586447558,1.153521074329814,1.18975454878163,0.0,1.7,2.3
3.305999999999858,-0.23256474901128615,1.151953231110793,1.1894482779085327,0.0,1.7,2.3
3.3079999999998577,-0.23041094246675559,1.1503925604771505,1.1890688404610792,0.0,1.7,2.3
3.3099999999998575,-0.2282268751297982,1.1488455044080517,1.1887482541371577,0.0,1.7,2.3
3.3119999999998573,-0.22604464993592832,1.1473080646812668,1.1884094907029639,0.0,1.7,2.3
3.313999999999857,-0.2238569300031312,1.1457816477387277,1.1880716920610688,0.0,1.7,2.3
3.315999999999857,-0.22164754978543183,1.1442681807897122,1.1877736976717392,0.0,1.7,2.3
3.3179999999998566,-0.2194467347172755,1.1427639035965451,1.1874430076262,0.0,1.7,2.3
3.3199999999998564,-0.2172255662583973,1.1412728755804458,1.1871505796531154,0.0,1.7,2.3
3.321999999999856,-0.21500349810078453,1.1397924663431975,1.186849258301502,0.0,1.7,2.3
3.323999999999856,-0.21277378145441989,1.1383236250170705,1.1865557335570494,0.0,1.7,2.3
3.3259999999998557,-0.21053989843275725,1.136866016091843,1.186262083140109,0.0,1.7,2.3
3.3279999999998555,-0.20829413461189275,1.1354209392566716,1.1859879390689834,0.0,1.7,2.3
3.3299999999998553,-0.2060584174565985,1.1339844157728265,1.1856773482773237,0.0,1.7,2.3
3.331999999999855,-0.2037902429315914,1.1325649530715869,1.1854414666774988,0.0,1.7,2.3
3.333999999999855,-0.20154651336576754,1.1311508932448087,1.1851311054802056,0.0,1.7,2.3
3.3359999999998546,-0.19926661204867163,1.1297555366078234,1.1849079979913542,0.0,1.7,2.3
3.3379999999998544,-0.196998984764168,1.1283680446527788,1.1846425711380115,0.0,1.7,2.3
3.339999999999854,-0.19472236545398314,1.1269936046473323,1.1843931409072161,0.0,1.7,2.3
3.341999999999854,-0.19243126092622298,1.1256335027507296,1.1841747252030432,0.0,1.7,2.3
3.3439999999998538,-0.1901565012477268,1.1242800680626706,1.1839027057725628,0.0,1.7,2.3
3.3459999999998535,-0.18785592991675365,1.1229443865608186,1.1836948379254852,0.0,1.7,2.3
3.3479999999998533,-0.18556383310270871,1.1216172588963782,1.1834550693855581,0.0,1.7,2.3
3.349999999999853,-0.18326444127342975,1.1203033296239977,1.1832289732597734,0.0,1.7,2.3
3.351999999999853,-0.18094919416407454,1.1190051391406157,1.1830414004427203,0.0,1.7,2.3
3.3539999999998527,-0.17864785170275987,1.1177139742853708,1.1828068746429676,0.0,1.7,2.3
3.3559999999998524,-0.17632278235259244,1.1164414941021732,1.1826356405522798,0.0,1.7,2.3
3.357999999999852,-0.17401463547072343,1.1151747411303765,1.1824077943586888,0.0,1.7,2.3
3.359999999999852,-0.17168252175667367,1.1139274537565436,1.1822462618529381,0.0,1.7,2.3
3.3619999999998518,-0.16936831760696017,1.112685178042999,1.1820242401736787,0.0,1.7,2.3
3.3639999999998516,-0.16702652248244537,1.111464474543792,1.181882281438715,0.0,1.7,2.3
3.3659999999998513,-0.16470355694746333,1.110248120363006,1.1816762273511547,0.0,1.7,2.3
3.367999999999851,-0.1623601582396927,1.109051448594954,1.1815304909686821,0.0,1.7,2.3
3.369999999999851,-0.1600228446124265,1.1078637683848092,1.1813602034380617,0.0,1.7,2.3
3.3719999999998507,-0.15768423607377402,1.106688633645633,1.1811908487603657,0.0,1.7,2.3
3.3739999999998505,-0.1553326310657741,1.1055304130803865,1.1810589580511712,0.0,1.7,2.3
3.3759999999998502,-0.15299401306971852,1.1043787863139207,1.1808818402234165,0.0,1.7,2.3
3.37799999999985,-0.1506316660779716,1.1032493916476003,1.180779741825946,0.0,1.7,2.3
3.37999999999985,-0.14829304564352844,1.1021214151107197,1.180595617162263,0.0,1.7,2.3
3.3819999999998496,-0.14592247710654505,1.1010203873648603,1.1805172649777302,0.0,1.7,2.3
3.3839999999998494,-0.143581589021383,1.099917307448742,1.1803347174593461,0.0,1.7,2.3
3.385999999999849,-0.14120689511358592,1.0988432489561555,1.1802680801584913,0.0,1.7,2.3
3.387999999999849,-0.13886041030216761,1.097767071370188,1.1801000880330041,0.0,1.7,2.3
3.3899999999998487,-0.1364869018090917,1.0967176142302955,1.1800277600323996,0.0,1.7,2.3
3.3919999999998485,-0.13413012490747553,1.0956714154209484,1.1798932512266371,0.0,1.7,2.3
3.3939999999998482,-0.13176349627211315,1.0946435200994513,1.17979499413847,0.0,1.7,2.3
3.395999999999848,-0.12939202997102023,1.0936307128990201,1.1797133338304988,0.0,1.7,2.3
3.397999999999848,-0.12703431474894275,1.092622987219774,1.1795811279546362,0.0,1.7,2.3
3.3999999999998476,-0.12465039815854134,1.0916435028560039,1.1795479624566052,0.0,1.7,2.3
3.4019999999998474,-0.12229276145287998,1.0906611405658073,1.1794153242684977,0.0,1.7,2.3
3.403999999999847,-0.1199114086608361,1.0897066272655096,1.179375772262669,0.0,1.7,2.3
3.405999999999847,-0.11754424633478515,1.0887561009662639,1.179281654395675,0.0,1.7,2.3
3.4079999999998467,-0.11517237616668713,1.0878220166906385,1.1792083884361442,0.0,1.7,2.3
3.4099999999998465,-0.11279481690155949,1.0869049141949334,1.1791596037229195,0.0,1.7,2.3
3.4119999999998463,-0.11042996988977503,1.0859925603909328,1.1790616347488232,0.0,1.7,2.3
3.413999999999846,-0.10804706582691899,1.0851064204802245,1.1790409189293143,0.0,1.7,2.3
3.415999999999846,-0.10568188986216871,1.0842210423783119,1.1789489881720037,0.0,1.7,2.3
3.4179999999998456,-0.10330144679607078,1.0833608381012803,1.1789257570986913,0.0,1.7,2.3
3.4199999999998454,-0.1009295044376979,1.0825078805741082,1.1788694462450209,0.0,1.7,2.3
3.421999999999845,-0.09855483995398662,1.0816712738282002,1.1788301679932096,0.0,1.7,2.3
3.423999999999845,-0.09617737381534021,1.0808507767512974,1.1788073626615796,0.0,1.7,2.3
3.4259999999998447,-0.09380834157741551,1.0800378118881324,1.1787526182379442,0.0,1.7,2.3
3.4279999999998445,-0.09142869409150356,1.0792478497297924,1.178751017567974,0.0,1.7,2.3
3.4299999999998443,-0.08906347686062582,1.0784600124838646,1.1786891042174974,0.0,1.7,2.3
3.431999999999844,-0.08668500036466756,1.07769824971709,1.1786951064689495,0.0,1.7,2.3
3.433999999999844,-0.08431937567229215,1.0769395492656635,1.178646839343769,0.0,1.7,2.3
3.4359999999998436,-0.08194528025497563,1.0762034487430279,1.1786464845708686,0.0,1.7,2.3
3.4379999999998434,-0.07957641216489762,1.075477276196939,1.178628081794571,0.0,1.7,2.3
3.439999999999843,-0.0772073036668283,1.0747664708410916,1.1786192080262048,0.0,1.7,2.3
3.441999999999843,-0.07483688569509067,1.0740721694765465,1.1786255164586583,0.0,1.7,2.3
3.4439999999998427,-0.07246959276525361,1.0733901017480447,1.178625151832748,0.0,1.7,2.3
3.4459999999998425,-0.07010600216970074,1.0727196203985145,1.1786150159595778,0.0,1.7,2.3
3.4479999999998423,-0.06773678833868343,1.072070704966007,1.1786443292030246,0.0,1.7,2.3
3.449999999999842,-0.06538129483572162,1.071422459886454,1.17861049911903,0.0,1.7,2.3
3.451999999999842,-0.06301296029459497,1.070804467067162,1.1786572979505487,0.0,1.7,2.3
3.4539999999998416,-0.06065781017138979,1.0701872738576625,1.1786424591724982,0.0,1.7,2.3
3.4559999999998414,-0.058296936812264666,1.0695932222492968,1.1786723949457782,0.0,1.7,2.3
3.457999999999841,-0.055937249581201436,1.0690139204726747,1.1787075588124267,0.0,1.7,2.3
3.459999999999841,-0.05358603845788918,1.0684410466658512,1.1787079091926005,0.0,1.7,2.3
3.4619999999998408,-0.0512277986155236,1.0678934360194345,1.178762342285152,0.0,1.7,2.3
3.4639999999998405,-0.048880793443384835,1.0673483487054658,1.1787644946437883,0.0,1.7,2.3
3.4659999999998403,-0.046529103215527376,1.0668263089550494,1.1788093958183068,0.0,1.7,2.3
3.46799999999984,-0.04418217476224512,1.06631509140435,1.17884058813944,0.0,1.7,2.3
3.46999999999984,-0.041837570770964505,1.065818024344848,1.1788732547763345,0.0,1.7,2.3
3.4719999999998397,-0.03949217652875569,1.0653397706429724,1.1789280902218835,0.0,1.7,2.3
3.4739999999998394,-0.037152887626233706,1.0648703418717507,1.1789605176827016,0.0,1.7,2.3
3.475999999999839,-0.03481385282676617,1.0644186625014265,1.179009897332521,0.0,1.7,2.3
3.477999999999839,-0.03247651977421652,1.063982360026323,1.1790660381604257,0.0,1.7,2.3
3.4799999999998388,-0.03014642378913809,1.063553321981774,1.1790928772000586,0.0,1.7,2.3
3.4819999999998386,-0.027809669405815095,1.0631534267201421,1.1791859968793743,0.0,1.7,2.3
3.4839999999998383,-0.025487736853518544,1.0627481400260812,1.179195522589901,0.0,1.7,2.3
3.485999999999838,-0.023154998488744805,1.0623801642215571,1.1793052161792386,0.0,1.7,2.3
3.487999999999838,-0.02083785269510695,1.0620044706178629,1.1793225887584589,0.0,1.7,2.3
3.4899999999998377,-0.018513471226938576,1.0616613655566318,1.1794186186158198,0.0,1.7,2.3
3.4919999999998375,-0.016199133506174204,1.0613195033040983,1.1794613276795427,0.0,1.7,2.3
3.4939999999998372,-0.01388284599436795,1.0610017803097245,1.179546118630486,0.0,1.7,2.3
3.495999999999837,-0.011572902230073815,1.0606918474163844,1.179605488230257,0.0,1.7,2.3
3.497999999999837,-0.009263849402115307,1.0604013208476224,1.179686753619243,0.0,1.7,2.3
3.4999999999998366,-0.006959173219155431,1.0601224239267644,1.1797586675127405,0.0,1.7,2.3
3.5019999999998364,-0.004657887966094147,1.0598583214508321,1.1798333060710164,0.0,1.7,2.3
3.503999999999836,-0.0023570395171211705,1.0596144459978547,1.1799335610482329,0.0,1.7,2.3
3.505999999999836,-6.593037105652166e-05,1.059371676964796,1.179981198155165,0.0,1.7,2.3
3.5079999999998357,0.0022318857115930235,1.0591659924813714,1.1801218481506823,0.0,1.7,2.3
3.5099999999998355,0.004512549843025002,1.0589434830210185,1.1801389050139566,0.0,1.7,2.3
3.5119999999998353,0.006804922075652208,1.0587718763712084,1.1803027962627963,0.0,1.7,2.3
3.513999999999835,0.009078466518575558,1.0585773638121745,1.18032059972475,0.0,1.7,2.3
3.515999999999835,0.011360857113110185,1.0584293949790216,1.1804663397928532,0.0,1.7,2.3
3.5179999999998346,0.013631498730655531,1.0582746757466122,1.1805310121760864,0.0,1.7,2.3
3.5199999999998344,0.01590207434757508,1.0581453684809363,1.1806396783819688,0.0,1.7,2.3
3.521999999999834,0.01816864004278105,1.0580294783726003,1.180746539561808,0.0,1.7,2.3
3.523999999999834,0.02042879543813669,1.0579221054140138,1.1808316583675567,0.0,1.7,2.3
3.5259999999998337,0.0226896394070027,1.0578423312860614,1.1809695549371722,0.0,1.7,2.3
3.5279999999998335,0.024938996467047107,1.057755403247327,1.1810260893480256,0.0,1.7,2.3
3.5299999999998333,0.027194531693367944,1.0577148776178549,1.181206522107726,0.0,1.7,2.3
3.531999999999833,0.02943219043294876,1.0576448664648734,1.181221877152702,0.0,1.7,2.3
3.533999999999833,0.03168080828370756,1.0576403901950515,1.181432248549772,0.0,1.7,2.3
3.5359999999998326,0.033910376075269894,1.0575990382771892,1.1814514878678444,0.0,1.7,2.3
3.5379999999998324,0.03614714602066528,1.0576146186327264,1.181631655043644,0.0,1.7,2.3
3.539999999999832,0.038372987076562975,1.0576195670622512,1.1817206084810703,0.0,1.7,2.3
3.541999999999832,0.04059517797029913,1.0576440137771101,1.1818297824218222,0.0,1.7,2.3
3.5439999999998317,0.042817318831854634,1.0576997076648094,1.1820038535886852,0.0,1.7,2.3
3.5459999999998315,0.04502575077357336,1.057733920316943,1.182046840981134,0.0,1.7,2.3
3.5479999999998313,0.04724114184647777,1.0578320574785816,1.1822744299299637,0.0,1.7,2.3
3.549999999999831,0.049438843820964494,1.0578874945819228,1.1822945239363827,0.0,1.7,2.3
3.551999999999831,0.05164338849291373,1.0580120265317483,1.1825166731578844,0.0,1.7,2.3
3.5539999999998306,0.05383314557247216,1.0581024193218347,1.1825644308919552,0.0,1.7,2.3
3.5559999999998304,0.056025113863714324,1.0582449636698168,1.1827512552437949,0.0,1.7,2.3
3.55799999999983,0.0582074122623646,1.0583761085636716,1.1828474374975866,0.0,1.7,2.3
3.55999999999983,0.060386986714122536,1.0585369932646893,1.1830009560232726,0.0,1.7,2.3
3.5619999999998297,0.06256100297235774,1.0587088441736554,1.183144958770665,0.0,1.7,2.3
3.5639999999998295,0.06472816011923299,1.0588872219957808,1.1832629561036234,0.0,1.7,2.3
3.5659999999998293,0.06689247169890827,1.0590949352124597,1.1834372721659954,0.0,1.7,2.3
3.567999999999829,0.069047921939771,1.059294667130696,1.183534371128924,0.0,1.7,2.3
3.569999999999829,0.07120126119896963,1.0595324588787391,1.1837185572229363,0.0,1.7,2.3
3.5719999999998286,0.07334577232401263,1.059760024021569,1.1838183159405877,0.0,1.7,2.3
3.5739999999998284,0.07548749215629172,1.0600254028631833,1.1840038687078893,0.0,1.7,2.3
3.575999999999828,0.07762111042011752,1.060284383889426,1.1841191906766075,0.0,1.7,2.3
3.577999999999828,0.07975074700831636,1.0605756160987847,1.1843004183541954,0.0,1.7,2.3
3.5799999999998278,0.08187278495656072,1.0608629791227875,1.1844209298839874,0.0,1.7,2.3
3.5819999999998275,0.08399015342305194,1.0611799671331483,1.1845980325740577,0.0,1.7,2.3
3.5839999999998273,0.08610037995025471,1.0614965563567187,1.1847270790047306,0.0,1.7,2.3
3.585999999999827,0.08820518590855703,1.061838270237177,1.1848969809623382,0.0,1.7,2.3
3.587999999999827,0.09030340482969149,1.0621870266373186,1.1850451142461182,0.0,1.7,2.3
3.5899999999998267,0.09239532050618705,1.0625514292293017,1.1852012877990963,0.0,1.7,2.3
3.5919999999998264,0.0944810640353222,1.0629325874023434,1.1853695973602043,0.0,1.7,2.3
3.5939999999998262,0.09655995365728462,1.0633197559051268,1.185512922946008,0.0,1.7,2.3
3.595999999999826,0.09863263157281292,1.0637289462693589,1.1856867020286903,0.0,1.7,2.3
3.597999999999826,0.10069846864169632,1.06414494883415,1.1858386255105189,0.0,1.7,2.3
3.5999999999998256,0.10275766225885732,1.0645774184680539,1.18600203310526,0.0,1.7,2.3
3.6019999999998253,0.10481006689117628,1.0650256998600467,1.1861747574361907,0.0,1.7,2.3
3.603999999999825,0.10685557502314239,1.0654804909775482,1.1863251127661052,0.0,1.7,2.3
3.605999999999825,0.10889406467187872,1.0659575623090125,1.1865070944452831,0.0,1.7,2.3
3.6079999999998247,0.11092562746032719,1.066440050782389,1.1866633267779885,0.0,1.7,2.3
3.6099999999998245,0.11294995686686528,1.066939276767736,1.1868324693791723,0.0,1.7,2.3
3.6119999999998242,0.11496707262881585,1.0674537364838543,1.187009585093303,0.0,1.7,2.3
3.613999999999824,0.11697705140927796,1.0679749179937432,1.1871658348978147,0.0,1.7,2.3
3.615999999999824,0.11897943255560037,1.0685162053551174,1.1873468296245786,0.0,1.7,2.3
3.6179999999998236,0.12097460474583083,1.069064499980593,1.187508267724071,0.0,1.7,2.3
3.6199999999998234,0.12296204033680805,1.0696298880593689,1.1876844589816236,0.0,1.7,2.3
3.621999999999823,0.1249419455679745,1.070206158121223,1.1878545131676201,0.0,1.7,2.3
3.623999999999823,0.12691396879897107,1.070797753303489,1.188033584838377,0.0,1.7,2.3
3.6259999999998227,0.12887842108649158,1.0713987953384836,1.188201978844488,0.0,1.7,2.3
3.6279999999998225,0.13083456649412534,1.072017594349136,1.1883878462543669,0.0,1.7,2.3
3.6299999999998223,0.1327832378561347,1.0726433351498446,1.1885549181614168,0.0,1.7,2.3
3.631999999999822,0.1347234747580936,1.0732857241906049,1.1887360032661944,0.0,1.7,2.3
3.633999999999822,0.13665588463317693,1.0739376040134556,1.18890718743329,0.0,1.7,2.3
3.6359999999998216,0.13857974574991627,1.074604884872689,1.1890884678840525,0.0,1.7,2.3
3.6379999999998214,0.14049579343555738,1.0752804134553726,1.1892559924547927,0.0,1.7,2.3
3.639999999999821,0.14240261928315798,1.0759747215136113,1.1894452217695497,0.0,1.7,2.3
3.641999999999821,0.14430198605274466,1.0766736757576865,1.1896089483046945,0.0,1.7,2.3
3.6439999999998207,0.14619153542696742,1.0773934298866028,1.1898014209643777,0.0,1.7,2.3
3.6459999999998205,0.14807319797238988,1.078120039344995,1.1899761138787086,0.0,1.7,2.3
3.6479999999998203,0.14994582238366685,1.078860373159203,1.1901561658080897,0.0,1.7,2.3
3.64999999999982,0.1518093117717454,1.0796144982103228,1.1903419610222195,0.0,1.7,2.3
3.65199999999982,0.1536644698058331,1.0803770637619048,1.1905157650097151,0.0,1.7,2.3
3.6539999999998196,0.15551032589096497,1.0811530681991293,1.1906944478531964,0.0,1.7,2.3
3.6559999999998194,0.15734656665320104,1.0819437944226455,1.1908824562664948,0.0,1.7,2.3
3.657999999999819,0.15917563343437757,1.0827357852730024,1.191034986914795,0.0,1.7,2.3
3.659999999999819,0.16099125340858594,1.0835601881799808,1.1912562640420523,0.0,1.7,2.3
3.6619999999998187,0.16280349237787084,1.084367566508447,1.1913812942975115,0.0,1.7,2.3
3.6639999999998185,0.16459861532512998,1.0852215037979591,1.1916226635476521,0.0,1.7,2.3
3.6659999999998183,0.16639166652596735,1.0860539289970217,1.1917531106199213,0.0,1.7,2.3
3.667999999999818,0.16816905602120136,1.086922906407604,1.1919668291790744,0.0,1.7,2.3
3.669999999999818,0.16993959632243358,1.087792160245322,1.1921427293762539,0.0,1.7,2.3
3.6719999999998176,0.17170208203130274,1.0886644137952122,1.1922901318695125,0.0,1.7,2.3
3.6739999999998174,0.17344810750290593,1.0895749025296244,1.1925269415624926,0.0,1.7,2.3
3.675999999999817,0.17519504369956435,1.0904538252585547,1.1926199748368818,0.0,1.7,2.3
3.677999999999817,0.17691724035953907,1.0913989998801248,1.1928965791851482,0.0,1.7,2.3
3.6799999999998168,0.17864520173995027,1.09229707949771,1.192977643985072,0.0,1.7,2.3
3.6819999999998165,0.18034711270930615,1.0932615761927995,1.193243390174144,0.0,1.7,2.3
3.6839999999998163,0.18205172047773052,1.0941924381682882,1.193358818842821,0.0,1.7,2.3
3.685999999999816,0.18373720083664138,1.0951625524494135,1.1935684523831016,0.0,1.7,2.3
3.687999999999816,0.18541637606028508,1.0961303310755495,1.1937329090975102,0.0,1.7,2.3
3.6899999999998156,0.187083962564363,1.097111075529451,1.1939038423851969,0.0,1.7,2.3
3.6919999999998154,0.18873996877499366,1.0981058321245658,1.1940848084401068,0.0,1.7,2.3
3.693999999999815,0.19038580213319198,1.0991084650476208,1.194255534775594,0.0,1.7,2.3
3.695999999999815,0.19201974963495472,1.1001249949770293,1.1944363103284161,0.0,1.7,2.3
3.6979999999998148,0.19364465893747332,1.1011457877418918,1.1945950216306287,0.0,1.7,2.3
3.6999999999998145,0.19525460547629178,1.1021882663651577,1.1947904463611203,0.0,1.7,2.3
3.7019999999998143,0.19685943293295044,1.1032239677080151,1.194926882758912,0.0,1.7,2.3
3.703999999999814,0.19844477804864435,1.104292287780507,1.195137445201553,0.0,1.7,2.3
3.705999999999814,0.2000276197266757,1.1053471811693767,1.195266782742064,0.0,1.7,2.3
3.7079999999998137,0.20159041418561938,1.1064344079383797,1.1954698756572713,0.0,1.7,2.3
3.7099999999998134,0.2031481644145173,1.1075151742658331,1.195615540842242,0.0,1.7,2.3
3.7119999999998132,0.20469030697430507,1.10861565990309,1.1957927617951754,0.0,1.7,2.3
3.713999999999813,0.20622247289693982,1.109721873185345,1.1959542077845844,0.0,1.7,2.3
3.715999999999813,0.20774208153436138,1.1108395571713847,1.1961196494650972,0.0,1.7,2.3
3.7179999999998126,0.20925029066638798,1.1119658771390428,1.196279602372693,0.0,1.7,2.3
3.7199999999998123,0.2107450879905233,1.1131050349411464,1.1964486447591351,0.0,1.7,2.3
3.721999999999812,0.21223000973989428,1.1142488787372917,1.1965991175676212,0.0,1.7,2.3
3.723999999999812,0.2136999523261312,1.1154083903526186,1.1967688163054606,0.0,1.7,2.3
3.7259999999998117,0.21515979897960164,1.1165726854135805,1.1969206671000872,0.0,1.7,2.3
3.7279999999998115,0.21660554514826308,1.117750029152907,1.197083257128812,0.0,1.7,2.3
3.7299999999998112,0.21803989951032554,1.1189345071646222,1.1972364722121387,0.0,1.7,2.3
3.731999999999811,0.2194599351391378,1.120131819902409,1.1974001851761389,0.0,1.7,2.3
3.733999999999811,0.2208708795907698,1.1213312963310509,1.1975377626148689,0.0,1.7,2.3
3.7359999999998106,0.22226353176077565,1.1225508048430581,1.1977112356857746,0.0,1.7,2.3
3.7379999999998104,0.2236507374524576,1.123765272604105,1.1978339375243334,0.0,1.7,2.3
3.73999999999981,0.2250169136359795,1.125004029495008,1.198007965477168,0.0,1.7,2.3
3.74199999999981,0.22637689377596876,1.1262392381254491,1.1981366491844805,0.0,1.7,2.3
3.7439999999998097,0.22771960693943738,1.1274907416052697,1.1982895241540945,0.0,1.7,2.3
3.7459999999998095,0.22904893849612828,1.1287516585109656,1.198442621608324,0.0,1.7,2.3
3.7479999999998093,0.23036904164416658,1.1300138673567595,1.1985679862987144,0.0,1.7,2.3
3.749999999999809,0.23166853513708113,1.1312976110062058,1.1987366243646005,0.0,1.7,2.3
3.751999999999809,0.23296373267414983,1.1325740688772359,1.1988476861753983,0.0,1.7,2.3
3.7539999999998086,0.2342355407762917,1.1338757969766762,1.199015955281116,0.0,1.7,2.3
3.7559999999998084,0.23550347211231978,1.1351697594165149,1.1991251148993365,0.0,1.7,2.3
3.757999999999808,0.23674944538545592,1.1364856160685677,1.1992803577965372,0.0,1.7,2.3
3.759999999999808,0.23798864080907026,1.137798571159978,1.1993939377007197,0.0,1.7,2.3
3.7619999999998077,0.2392077389072105,1.1391295410377034,1.1995406037162828,0.0,1.7,2.3
3.7639999999998075,0.2404181357697238,1.1404605667425403,1.1996564692395304,0.0,1.7,2.3
3.7659999999998073,0.2416092096347748,1.1418076380379192,1.1997991351169697,0.0,1.7,2.3
3.767999999999807,0.24279096494361466,1.1431555633668051,1.1999142290686682,0.0,1.7,2.3
3.769999999999807,0.24395408183901776,1.1445178355380405,1.200050738788949,0.0,1.7,2.3
3.7719999999998066,0.24510623008777296,1.1458832310218736,1.2001682510320322,0.0,1.7,2.3
3.7739999999998064,0.2462431343943101,1.1472575151888647,1.200288082393771,0.0,1.7,2.3
3.775999999999806,0.2473645163804039,1.1486411818981708,1.2004120934186768,0.0,1.7,2.3
3.777999999999806,0.2484753032262612,1.1500268583229352,1.2005139087360106,0.0,1.7,2.3
3.7799999999998057,0.24956484539754772,1.1514293188481897,1.2006476272180453,0.0,1.7,2.3
3.7819999999998055,0.25064868044012917,1.1528270020615827,1.2007346491634479,0.0,1.7,2.3
3.7839999999998053,0.2517056451333826,1.1542481929318518,1.2008792668082922,0.0,1.7,2.3
3.785999999999805,0.2527610601137115,1.15565922178566,1.2009574989612837,0.0,1.7,2.3
3.787999999999805,0.2537888311872169,1.1570938061839926,1.2010946217297787,0.0,1.7,2.3
3.7899999999998046,0.25481175873139966,1.1585227298817269,1.201182128177617,0.0,1.7,2.3
3.7919999999998044,0.2558165941226346,1.1599623340623277,1.2012815088660438,0.0,1.7,2.3
3.793999999999804,0.25680051723277963,1.161416251432248,1.201406394740862,0.0,1.7,2.3
3.795999999999804,0.25778405914331975,1.1628587747850363,1.2014607880053139,0.0,1.7,2.3
3.7979999999998038,0.25873039585982327,1.1643345675163324,1.2016132519417786,0.0,1.7,2.3
3.7999999999998035,0.25968516996775054,1.1657887817978934,1.20165659398737,0.0,1.7,2.3
3.8019999999998033,0.26060344002368785,1.1672741868974756,1.2017917063178973,0.0,1.7,2.3
3.803999999999803,0.261521412013935,1.1687487438453903,1.201858302287398,0.0,1.7,2.3
3.805999999999803,0.262417165499182,1.1702371066280834,1.2019514838183174,0.0,1.7,2.3
3.8079999999998027,0.2632961576020751,1.171733335161792,1.2020482901810268,0.0,1.7,2.3
3.8099999999998024,0.264166997718575,1.173227261338888,1.202110264681988,0.0,1.7,2.3
3.811999999999802,0.26500955395345255,1.1747411812561945,1.2022238285567686,0.0,1.7,2.3
3.813999999999802,0.26585163590609723,1.1762445529287457,1.2022706434665211,0.0,1.7,2.3
3.8159999999998018,0.26666192316863685,1.1777708306150485,1.2023817834245418,0.0,1.7,2.3
3.8179999999998016,0.26747139811306336,1.179287194300726,1.202428607061526,0.0,1.7,2.3
3.8199999999998013,0.26825299953620063,1.1808215535866806,1.202521756173737,0.0,1.7,2.3
3.821999999999801,0.26902590418131267,1.1823542172643404,1.202583304883436,0.0,1.7,2.3
3.823999999999801,0.26978040332320363,1.1838946888867323,1.2026517156678358,0.0,1.7,2.3
3.8259999999998007,0.27051594985940003,1.1854435134881756,1.202729321208912,0.0,1.7,2.3
3.8279999999998005,0.27124264457986946,1.1869905000432917,1.2027756231975417,0.0,1.7,2.3
3.8299999999998002,0.2719418907226599,1.1885535647437304,1.2028634326816956,0.0,1.7,2.3
3.8319999999998,0.27263814044255597,1.1901092366049608,1.2028975800434263,0.0,1.7,2.3
3.8339999999998,0.27330585206559765,1.1916813410142444,1.2029760290933873,0.0,1.7,2.3
3.8359999999997996,0.27396459535800993,1.1932516885360684,1.203024150171604,0.0,1.7,2.3
3.8379999999997993,0.274606265528043,1.1948273815853048,1.2030719876074256,0.0,1.7,2.3
3.839999999999799,0.2752259449806558,1.1964129763043465,1.2031384431598267,0.0,1.7,2.3
3.841999999999799,0.2758402230447489,1.1979932902547046,1.2031608810294012,0.0,1.7,2.3
3.8439999999997987,0.27642165688798837,1.1995925255015865,1.2032410649446867,0.0,1.7,2.3
3.8459999999997985,0.2770072604240545,1.201178306750725,1.203242754536836,0.0,1.7,2.3
3.8479999999997982,0.27755046581679227,1.2027903407414935,1.203335206898271,0.0,1.7,2.3
3.849999999999798,0.2781054862760177,1.204382849671131,1.2033227892494196,0.0,1.7,2.3
3.851999999999798,0.27861465800659446,1.2060034714229122,1.2034113766563361,0.0,1.7,2.3
3.8539999999997976,0.2791335895135611,1.2076067734375675,1.2034039397458247,0.0,1.7,2.3
3.8559999999997974,0.2796151239221935,1.209230363614007,1.203465675719023,0.0,1.7,2.3
3.857999999999797,0.28009226683548843,1.2108483025509238,1.2034821167289735,0.0,1.7,2.3
3.859999999999797,0.28054995321206816,1.2124717245178747,1.2035040976846731,0.0,1.7,2.3
3.8619999999997967,0.28098249810687936,1.2141055459537013,1.2035525483293072,0.0,1.7,2.3
3.8639999999997965,0.28141765856444695,1.215727784355524,1.2035308582118847,0.0,1.7,2.3
3.8659999999997963,0.28180398181454325,1.2173776731174375,1.2036150828902537,0.0,1.7,2.3
3.867999999999796,0.2822152371519444,1.218999759093574,1.2035550024512107,0.0,1.7,2.3
3.869999999999796,0.282560065206318,1.220661243130638,1.2036575252398107,0.0,1.7,2.3
3.8719999999997956,0.28293768131699987,1.2222900661866178,1.2035917399084137,0.0,1.7,2.3
3.8739999999997954,0.28325427216410126,1.2239530314632139,1.2036678923936281,0.0,1.7,2.3
3.875999999999795,0.28358582316642533,1.2255967492528315,1.2036365598185734,0.0,1.7,2.3
3.877999999999795,0.2838847488303533,1.2272538145115277,1.2036523697652173,0.0,1.7,2.3
3.8799999999997947,0.2841653970733706,1.2289147060631724,1.2036695670625899,0.0,1.7,2.3
3.8819999999997945,0.28444241167896106,1.2305689587187936,1.2036398450687107,0.0,1.7,2.3
3.8839999999997943,0.28468235541247594,1.2322391664815637,1.2036712401565846,0.0,1.7,2.3
3.885999999999794,0.2849234585516527,1.2338997074597995,1.2036410276004588,0.0,1.7,2.3
3.887999999999794,0.28513306272227285,1.2355719023173772,1.2036531497838105,0.0,1.7,2.3
3.8899999999997936,0.2853327674379792,1.237241633984929,1.2036391025618833,0.0,1.7,2.3
3.8919999999997934,0.2855119105172627,1.2389156362052312,1.2036324567684054,0.0,1.7,2.3
3.893999999999793,0.2856774824614296,1.2405894189059523,1.2036113201378638,0.0,1.7,2.3
3.895999999999793,0.28581846912431114,1.2422696293100965,1.2036097431841835,0.0,1.7,2.3
3.8979999999997927,0.2859548478125794,1.2439441383672283,1.20356627499675,0.0,1.7,2.3
3.8999999999997925,0.2860572611188943,1.2456302393642544,1.2035705737803708,0.0,1.7,2.3
3.9019999999997923,0.28615679497846314,1.2473096516137665,1.2035280991878203,0.0,1.7,2.3
3.903999999999792,0.2862297941693718,1.2489958401524293,1.2035102191319618,0.0,1.7,2.3
3.905999999999792,0.2862838479014722,1.2506844685598097,1.2034942230601688,0.0,1.7,2.3
3.9079999999997916,0.2863337480263235,1.2523670595463432,1.203435646484854,0.0,1.7,2.3
3.9099999999997914,0.2863438545651884,1.254063282410594,1.2034407643698661,0.0,1.7,2.3
3.911999999999791,0.28636407536563363,1.2557458461716218,1.2033616280512034,0.0,1.7,2.3
3.913999999999791,0.28633871531634586,1.2574444529759097,1.203362309022496,0.0,1.7,2.3
3.9159999999997908,0.2863193355454539,1.2591319153166631,1.203291799960415,0.0,1.7,2.3
3.9179999999997905,0.28626599333806074,1.2608286450607749,1.2032662171135915,0.0,1.7,2.3
3.9199999999997903,0.28620118309078263,1.2625233573972825,1.2032208008528833,0.0,1.7,2.3
3.92199999999979,0.2861249541595709,1.2642155424727157,1.2031547356398744,0.0,1.7,2.3
3.92399999999979,0.2860127146451285,1.2659177316575794,1.2031395061488799,0.0,1.7,2.3
3.9259999999997897,0.2859139854313122,1.2676052259331252,1.2030326052457991,0.0,1.7,2.3
3.9279999999997894,0.285754820179799,1.2693138348075488,1.2030454355883733,0.0,1.7,2.3
3.929999999999789,0.2856294016543029,1.270998608071467,1.202910240162265,0.0,1.7,2.3
3.931999999999789,0.2854304601866537,1.2727095695541288,1.2029304167329011,0.0,1.7,2.3
3.9339999999997888,0.2852691850720793,1.274395642266141,1.2027930958782114,0.0,1.7,2.3
3.9359999999997886,0.28504187624285,1.276103368465166,1.2027886598444606,0.0,1.7,2.3
3.9379999999997883,0.2848337042760469,1.277795150030385,1.2026799192923208,0.0,1.7,2.3
3.939999999999788,0.2845873090171735,1.2794955068849898,1.2026256705556593,0.0,1.7,2.3
3.941999999999788,0.2843261459145147,1.2811948019160755,1.2025618178929727,0.0,1.7,2.3
3.9439999999997877,0.28406189928493064,1.2828874147629685,1.2024552914388384,0.0,1.7,2.3
3.9459999999997875,0.28375220564718073,1.2845914582482958,1.2024234171099055,0.0,1.7,2.3
3.9479999999997872,0.2834612177609553,1.2862800581437286,1.2022898032389857,0.0,1.7,2.3
3.949999999999787,0.28311325753753575,1.2879840085251346,1.2022616015827925,0.0,1.7,2.3
3.951999999999787,0.28278651992297765,1.289671958237127,1.2021258124670406,0.0,1.7,2.3
3.9539999999997866,0.2824054958874909,1.291373366484316,1.2020873347823908,0.0,1.7,2.3
3.9559999999997864,0.28204135989136664,1.2930608713546252,1.2019539476954892,0.0,1.7,2.3
3.957999999999786,0.28162874612121885,1.2947589094596013,1.2019016061169476,0.0,1.7,2.3
3.959999999999786,0.28122693944519,1.2964456303604655,1.2017714881225128,0.0,1.7,2.3
3.9619999999997857,0.28078434834396937,1.2981394821314716,1.2017014217768829,0.0,1.7,2.3
3.9639999999997855,0.28034165295012786,1.299826085710406,1.2015832720284485,0.0,1.7,2.3
3.9659999999997853,0.27987072263837226,1.301514965192266,1.2014916149705288,0.0,1.7,2.3
3.967999999999785,0.2793884524785488,1.303200470840017,1.2013820444646501,0.0,1.7,2.3
3.969999999999785,0.27888490629359847,1.304885596645486,1.201280591524797,0.0,1.7,2.3
3.9719999999997846,0.27836681237358674,1.3065682848250382,1.2011699072472668,0.0,1.7,2.3
3.9739999999997844,0.27783065859174,1.3082493546362095,1.2010590553605234,0.0,1.7,2.3
3.975999999999784,0.27727485994823453,1.3099294215519874,1.2009525033930453,0.0,1.7,2.3
3.977999999999784,0.27670831590544753,1.3116054557332841,1.2008269084796115,0.0,1.7,2.3
3.9799999999997837,0.27611601496536015,1.3132821163777588,1.2007216819280817,0.0,1.7,2.3
3.9819999999997835,0.2755170703034696,1.314953468937131,1.2005870891296122,0.0,1.7,2.3
3.9839999999997833,0.27489065381622485,1.316625638309122,1.2004773880059976,0.0,1.7,2.3
3.985999999999783,0.27425670550511017,1.3182927268885942,1.2003409903012838,0.0,1.7,2.3
3.987999999999783,0.27359747140421187,1.319959699797167,1.2002239278608728,0.0,1.7,2.3
3.9899999999997826,0.2729274588574399,1.3216224085561914,1.2000888679731045,0.0,1.7,2.3
3.9919999999997824,0.272233944623039,1.32328423492644,1.199968695829138,0.0,1.7,2.3
3.993999999999782,0.27153325370228654,1.3249407867383247,1.199821630598501,0.0,1.7,2.3
3.995999999999782,0.2708006047052418,1.3265983149570075,1.1997112563755183,0.0,1.7,2.3
3.9979999999997817,0.2700736162957463,1.3282474015654695,1.1995416158129972,0.0,1.7,2.3
3.9999999999997815,0.2693031098376041,1.3298998467703755,1.1994382269347355,0.0,1.7,2.3
4.001999999999781,0.2685432192601502,1.3315428478111666,1.1992634897718293,0.0,1.7,2.3
4.003999999999781,0.26774554994821725,1.3331871892431968,1.1991403444887212,0.0,1.7,2.3
4.005999999999781,0.26694006362654527,1.3348261904122949,1.1989930226617493,0.0,1.7,2.3
4.007999999999781,0.2661218258643951,1.3364606994300814,1.1988341002333096,0.0,1.7,2.3
4.00999999999978,0.26527088150523354,1.3380951297124912,1.1987143752660028,0.0,1.7,2.3
4.01199999999978,0.26442949466268767,1.3397204595637542,1.1985271402606383,0.0,1.7,2.3
4.01399999999978,0.26354058176453915,1.3413482577250055,1.1984166681063044,0.0,1.7,2.3
4.01599999999978,0.26266885256147526,1.3429657258043168,1.1982200432503327,0.0,1.7,2.3
4.0179999999997795,0.261749816619299,1.3445850049787769,1.1980997467502976,0.0,1.7,2.3
4.019999999999779,0.2608392083939105,1.346195844795505,1.1979158739834777,0.0,1.7,2.3
4.021999999999779,0.25989599944357994,1.3478053020996719,1.1977715772853728,0.0,1.7,2.3
4.023999999999779,0.25894216852665314,1.3494097076564737,1.197611973502741,0.0,1.7,2.3
4.025999999999779,0.25797813350287957,1.3510086827226666,1.197436121379497,0.0,1.7,2.3
4.027999999999778,0.2569833934066169,1.3526056826646122,1.197295642904405,0.0,1.7,2.3
4.029999999999778,0.2559939711063281,1.3541948132839625,1.1971004998660588,0.0,1.7,2.3
4.031999999999778,0.25496437640872255,1.3557829734570752,1.1969647255757165,0.0,1.7,2.3
4.033999999999778,0.2539438630069291,1.3573628577998502,1.1967653587726295,0.0,1.7,2.3
4.0359999999997775,0.25288269066586516,1.358941315096823,1.1966268968768459,0.0,1.7,2.3
4.037999999999777,0.2518303002685544,1.360511705582941,1.1964260669654334,0.0,1.7,2.3
4.039999999999777,0.2507383449281905,1.3620800183386457,1.1962837739872634,0.0,1.7,2.3
4.041999999999777,0.24965495065001278,1.3636404576795134,1.1960801273818324,0.0,1.7,2.3
4.043999999999777,0.2485334979421136,1.3651981571326532,1.1959316632243324,0.0,1.7,2.3
4.045999999999776,0.24741609588969088,1.3667486057858513,1.195733547811145,0.0,1.7,2.3
4.047999999999776,0.24626828798261563,1.3682950580003803,1.1955719652481605,0.0,1.7,2.3
4.049999999999776,0.24511488638827741,1.3698352627925445,1.1953852326787293,0.0,1.7,2.3
4.051999999999776,0.24394282440013512,1.3713700359264462,1.1952062012250606,0.0,1.7,2.3
4.053999999999776,0.24275227253712217,1.3728995950623548,1.1950346471454192,0.0,1.7,2.3
4.055999999999775,0.24155779091901902,1.3744223462860858,1.1948345095994304,0.0,1.7,2.3
4.057999999999775,0.24032831578235128,1.3759408444152637,1.1946835349753442,0.0,1.7,2.3
4.059999999999775,0.2391142396992856,1.3774512315947582,1.1944561564512266,0.0,1.7,2.3
4.061999999999775,0.23784481460286366,1.3789581343890753,1.1943293601734561,0.0,1.7,2.3
4.0639999999997745,0.2366104872790113,1.380456097484515,1.1940772958913735,0.0,1.7,2.3
4.065999999999774,0.23530764685626626,1.3819504801463016,1.1939594111320673,0.0,1.7,2.3
4.067999999999774,0.23404145701199813,1.3834363583597171,1.1937126741375967,0.0,1.7,2.3
4.069999999999774,0.23271978148602596,1.384917238616564,1.1935682355272397,0.0,1.7,2.3
4.071999999999774,0.23140775647443754,1.3863909819312474,1.1933629439398699,0.0,1.7,2.3
4.073999999999773,0.23007638537651345,1.3878580330102064,1.1931699715636428,0.0,1.7,2.3
4.075999999999773,0.22871873339756946,1.3893188187598335,1.1930068521655017,0.0,1.7,2.3
4.077999999999773,0.22737112277236896,1.390772241350559,1.192782687300536,0.0,1.7,2.3
4.079999999999773,0.22598062996479967,1.3922191806595887,1.1926308299770652,0.0,1.7,2.3
4.0819999999997725,0.22460426013393595,1.3936589142837887,1.192408013843719,0.0,1.7,2.3
4.083999999999772,0.223190216211551,1.3950915667393795,1.192245147716039,0.0,1.7,2.3
4.085999999999772,0.22178311840998283,1.3965171884323935,1.1920298025895721,0.0,1.7,2.3
4.087999999999772,0.22034290366430803,1.3979352444351247,1.1918636704317043,0.0,1.7,2.3
4.089999999999772,0.2189086301343986,1.3993463584184098,1.1916479972437857,0.0,1.7,2.3
4.091999999999771,0.2174413413753468,1.400749433464591,1.1914820767979846,0.0,1.7,2.3
4.093999999999771,0.21597721313060245,1.4021455507676048,1.1912740993023014,0.0,1.7,2.3
4.095999999999771,0.2144897981492036,1.4035335339104942,1.191091885882691,0.0,1.7,2.3
4.097999999999771,0.21298858359141618,1.4049138392208127,1.190911391626483,0.0,1.7,2.3
4.0999999999997705,0.21148878154524517,1.4062869379497251,1.1906941446984527,0.0,1.7,2.3
4.10199999999977,0.20994960338553756,1.407650711418195,1.190544881569519,0.0,1.7,2.3
4.10399999999977,0.2084325076875799,1.4090086001097593,1.190306152101065,0.0,1.7,2.3
4.10599999999977,0.2068661010141847,1.4103558857470837,1.1901620243736484,0.0,1.7,2.3
4.10799999999977,0.20531798477739946,1.411697332870906,1.1899383734377285,0.0,1.7,2.3
4.109999999999769,0.20373786175656292,1.4130288100898578,1.189765740841641,0.0,1.7,2.3
4.111999999999769,0.20214801191937434,1.4143522730523725,1.1895865037396482,0.0,1.7,2.3
4.113999999999769,0.200560222213216,1.41566843845441,1.1893706280377592,0.0,1.7,2.3
4.115999999999769,0.19893239290081755,1.4169734282951063,1.1892278591938972,0.0,1.7,2.3
4.1179999999997685,0.1973278786677282,1.418273384817517,1.1889932919976456,0.0,1.7,2.3
4.119999999999768,0.19567657033044825,1.41956079449579,1.1888507154216061,0.0,1.7,2.3
4.121999999999768,0.19404394356454457,1.4208429896746235,1.188628567183176,0.0,1.7,2.3
4.123999999999768,0.19237575636023635,1.4221132692242004,1.1884701557861528,0.0,1.7,2.3
4.125999999999768,0.19071061964200578,1.4233765522910895,1.1882736797567968,0.0,1.7,2.3
4.127999999999767,0.18902849038264352,1.424629890499052,1.1880928427331425,0.0,1.7,2.3
4.129999999999767,0.1873308582375731,1.4258735687512945,1.1879238150664115,0.0,1.7,2.3
4.131999999999767,0.1856349099427331,1.4271098496665928,1.1877213259699972,0.0,1.7,2.3
4.133999999999767,0.18390984417268486,1.428334047654966,1.1875680060664187,0.0,1.7,2.3
4.1359999999997665,0.18219277283485039,1.4295519047589114,1.187364672798763,0.0,1.7,2.3
4.137999999999766,0.18045007168482097,1.4307577595298446,1.1872022804202869,0.0,1.7,2.3
4.139999999999766,0.17870255878717045,1.4319551120146248,1.1870248971703605,0.0,1.7,2.3
4.141999999999766,0.17694822101429153,1.4331434431713777,1.1868384555031024,0.0,1.7,2.3
4.143999999999766,0.17517029114786972,1.4343195927489536,1.1866889296274588,0.0,1.7,2.3
4.145999999999765,0.1734026794766832,1.435489965830907,1.1864840157853676,0.0,1.7,2.3
4.147999999999765,0.171600387606332,1.4366454601115517,1.1863476832566573,0.0,1.7,2.3
4.149999999999765,0.16981197218465013,1.4377960746844458,1.1861463521982019,0.0,1.7,2.3
4.151999999999765,0.16799401110479037,1.4389322928546777,1.1860008545714942,0.0,1.7,2.3
4.1539999999997645,0.16617830215435067,1.4400612162329498,1.1858228785866374,0.0,1.7,2.3
4.155999999999764,0.1643484008599196,1.4411787386040582,1.1856591838984456,0.0,1.7,2.3
4.157999999999764,0.16250638290527092,1.4422855358343711,1.1855038492600085,0.0,1.7,2.3
4.159999999999764,0.160663604481535,1.443383949484612,1.1853258379762062,0.0,1.7,2.3
4.161999999999764,0.15879768225872248,1.4444685809662436,1.1851883853263059,0.0,1.7,2.3
4.1639999999997634,0.15694109968261716,1.4455474092840976,1.1850000288771545,0.0,1.7,2.3
4.165999999999763,0.15505241092228847,1.4466095750892838,1.1848792249326483,0.0,1.7,2.3
4.167999999999763,0.1531816731459114,1.4476684361174894,1.1846829612130516,0.0,1.7,2.3
4.169999999999763,0.1512735489988579,1.4487085096321424,1.184571166672446,0.0,1.7,2.3
4.171999999999763,0.14938492492450203,1.44974598830592,1.1843793673716145,0.0,1.7,2.3
4.173999999999762,0.14746143694145913,1.4507646923263329,1.1842665623508146,0.0,1.7,2.3
4.175999999999762,0.1455533562055727,1.4517798381421128,1.1840856550436603,0.0,1.7,2.3
4.177999999999762,0.14361511804593388,1.4527769702283224,1.183971737252409,0.0,1.7,2.3
4.179999999999762,0.14168920350810654,1.4537697792417885,1.18379885749917,0.0,1.7,2.3
4.1819999999997615,0.13973718149935319,1.454745277496119,1.183682639413307,0.0,1.7,2.3
4.183999999999761,0.13779198777481752,1.4557147624109403,1.1835240544844354,0.0,1.7,2.3
4.185999999999761,0.13583150897139845,1.4566701369677997,1.1833910606417508,0.0,1.7,2.3
4.187999999999761,0.13386136004332425,1.4576136739292038,1.1832662124624105,0.0,1.7,2.3
4.189999999999761,0.13189709062669586,1.4585504437644734,1.1831034593548326,0.0,1.7,2.3
4.19199999999976,0.1299019003854491,1.4594671664563919,1.183015335012124,0.0,1.7,2.3
4.19399999999976,0.12793060635197603,1.4603840465615372,1.1828338435753196,0.0,1.7,2.3
4.19599999999976,0.12591813453750048,1.461276141594161,1.1827610456579016,0.0,1.7,2.3
4.19799999999976,0.12393166556633232,1.4621696666251243,1.1825877466385937,0.0,1.7,2.3
4.1999999999997595,0.12191094454171467,1.4630402616510452,1.1825039418528784,0.0,1.7,2.3
4.201999999999759,0.11990360877289333,1.4639075084672126,1.182359075132282,0.0,1.7,2.3
4.203999999999759,0.11787963853425654,1.4647585163545358,1.1822496806274663,0.0,1.7,2.3
4.205999999999759,0.11585103096048605,1.4655985267650258,1.182137278420318,0.0,1.7,2.3
4.207999999999759,0.11382225666524083,1.4664291896588417,1.1820083961232912,0.0,1.7,2.3
4.209999999999758,0.1117769176440988,1.4672432024817483,1.1819164953669299,0.0,1.7,2.3
4.211999999999758,0.10973800944358199,1.4680508594202353,1.1817870147635745,0.0,1.7,2.3
4.213999999999758,0.10768234776957657,1.4688412477830106,1.1816968894870727,0.0,1.7,2.3
4.215999999999758,0.10562819566065815,1.469622971514712,1.181585895294457,0.0,1.7,2.3
4.2179999999997575,0.10356728562488926,1.4703918307178692,1.1814823866678426,0.0,1.7,2.3
4.219999999999757,0.10149745714961236,1.4711467355255308,1.1813939171923493,0.0,1.7,2.3
4.221999999999757,0.09943131391214312,1.471893861909189,1.1812784020879592,0.0,1.7,2.3
4.223999999999757,0.09734846702666873,1.4726226358822767,1.1812060042789465,0.0,1.7,2.3
4.225999999999757,0.0952754402193807,1.4733468976276316,1.1810857402148236,0.0,1.7,2.3
4.227999999999756,0.0931814898048518,1.4740499507707046,1.1810252648932047,0.0,1.7,2.3
4.229999999999756,0.09110061660877422,1.4747504392422708,1.180905508458135,0.0,1.7,2.3
4.231999999999756,0.08899638689669277,1.4754276260479815,1.180856550809827,0.0,1.7,2.3
4.233999999999756,0.08690774439175675,1.476103942805937,1.1807390838179004,0.0,1.7,2.3
4.2359999999997555,0.0847969616135665,1.4767568987494208,1.180690571793374,0.0,1.7,2.3
4.237999999999755,0.08269664538479682,1.4774062194979698,1.1805918211222208,0.0,1.7,2.3
4.239999999999755,0.08058643135202205,1.4780389513274157,1.1805193922255206,0.0,1.7,2.3
4.241999999999755,0.07846906043258664,1.478657176377488,1.18046227692605,0.0,1.7,2.3
4.243999999999755,0.07636214741665444,1.479271358271487,1.1803567439065723,0.0,1.7,2.3
4.245999999999754,0.07422880968214511,1.4798581213054494,1.180341045055578,0.0,1.7,2.3
4.247999999999754,0.07212242894748191,1.480451950049971,1.1802137706104388,0.0,1.7,2.3
4.249999999999754,0.06997992623466623,1.4810108356086327,1.1802169993756122,0.0,1.7,2.3
4.251999999999754,0.06786821105157728,1.4815801223536895,1.1800921402195108,0.0,1.7,2.3
4.2539999999997535,0.06572284348732943,1.482114879160233,1.18009233111187,0.0,1.7,2.3
4.255999999999753,0.06360242622222231,1.4826567057279276,1.179985613272322,0.0,1.7,2.3
4.257999999999753,0.06145728714184676,1.4831692202050755,1.1799723110942075,0.0,1.7,2.3
4.259999999999753,0.059325088147219554,1.4836804973201054,1.1798994555733402,0.0,1.7,2.3
4.261999999999753,0.05718535628587841,1.4841745082653015,1.1798528366470857,0.0,1.7,2.3
4.263999999999752,0.05503888731593599,1.4846522876783799,1.1798280995963681,0.0,1.7,2.3
4.265999999999752,0.052905678240819036,1.4851287786437113,1.1797440303989186,0.0,1.7,2.3
4.267999999999752,0.05074883662921819,1.4855749764178667,1.1797554338537195,0.0,1.7,2.3
4.269999999999752,0.04861574051933213,1.4860287950123998,1.1796619655278169,0.0,1.7,2.3
4.2719999999997516,0.04645791629071586,1.4864502608607935,1.1796726769104982,0.0,1.7,2.3
4.273999999999751,0.044316709661002554,1.4868740013305932,1.1796080071473964,0.0,1.7,2.3
