t,tip_x,tip_y,tip_z,target_x,target_y,target_z
0.0,-0.07940942863648699,-0.6681726991017816,-0.3778741049965405,0.0,1.7,2.3
0.0020000000000000018,-0.07940942863648699,-0.6681726991017816,-0.3778937239344346,0.0,1.7,2.3
0.0040000000000000036,-0.07940942863648699,-0.6681726991017816,-0.3779525765631281,0.0,1.7,2.3
0.006000000000000005,-0.07940942863648699,-0.6681726991017816,-0.3780506566057323,0.0,1.7,2.3
0.008000000000000007,-0.07940942863648699,-0.6681726991017816,-0.3781879577863623,0.0,1.7,2.3
0.010000000000000009,-0.07940942863648699,-0.6681726991017816,-0.37836447383013916,0.0,1.7,2.3
0.01200000000000001,-0.07940942863648699,-0.6681726991017816,-0.3785801984631863,0.0,1.7,2.3
0.014000000000000012,-0.07940942863648699,-0.6681726991017816,-0.3788351254126304,0.0,1.7,2.3
0.016000000000000014,-0.07940942863648699,-0.6681726991017816,-0.3791292484066037,0.0,1.7,2.3
0.018000000000000016,-0.07940942863648699,-0.6681726991017816,-0.37946256117424126,0.0,1.7,2.3
0.020000000000000018,-0.07940942863648699,-0.6681726991017816,-0.3798350574456812,0.0,1.7,2.3
0.02200000000000002,-0.07940942863648699,-0.6681726991017816,-0.38024673095206063,0.0,1.7,2.3
0.02400000000000002,-0.07940942863648699,-0.6681726991017816,-0.38069757542552735,0.0,1.7,2.3
0.026000000000000023,-0.07940942863648699,-0.6681726991017816,-0.38118758459922947,0.0,1.7,2.3
0.028000000000000025,-0.07940942863648699,-0.6681726991017816,-0.3817167522073096,0.0,1.7,2.3
0.030000000000000027,-0.07940942863648699,-0.6681726991017816,-0.38228507198492473,0.0,1.7,2.3
0.03200000000000003,-0.07940942863648699,-0.6681726991017816,-0.38289253766822845,0.0,1.7,2.3
0.03400000000000003,-0.07940942863648699,-0.6681726991017816,-0.38353914299437364,0.0,1.7,2.3
0.03600000000000003,-0.07940942863648144,-0.6681726991017541,-0.3842248817014829,0.0,1.7,2.3
0.038000000000000034,-0.07940942863629095,-0.6681726991007915,-0.3849497475275092,0.0,1.7,2.3
0.040000000000000036,-0.0794094286318416,-0.6681726990783158,-0.38571373418518096,0.0,1.7,2.3
0.04200000000000004,-0.07940942855367676,-0.6681726986834837,-0.38651683494795797,0.0,1.7,2.3
0.04400000000000004,-0.07940942750900479,-0.6681726934065619,-0.3873590375461864,0.0,1.7,2.3
0.04600000000000004,-0.07940941677758764,-0.6681726391992284,-0.38824027700326696,0.0,1.7,2.3
0.04800000000000004,-0.07940933142053913,-0.6681722080373366,-0.3891601097821725,0.0,1.7,2.3
0.050000000000000044,-0.07940880335930427,-0.6681695406550416,-0.3901160510849721,0.0,1.7,2.3
0.052000000000000046,-0.07940625770071476,-0.668156681834527,-0.39109748974608743,0.0,1.7,2.3
0.05400000000000005,-0.07939669245967991,-0.6681083651756606,-0.39207073747536225,0.0,1.7,2.3
0.05600000000000005,-0.0793686352807924,-0.667966640661222,-0.3929585362307254,0.0,1.7,2.3
0.05800000000000005,-0.07930387261777987,-0.6676395066679583,-0.39363823458464103,0.0,1.7,2.3
0.06000000000000005,-0.07918382373325038,-0.6670331067894467,-0.3939847085432279,0.0,1.7,2.3
0.062000000000000055,-0.07899853619388475,-0.666097168552278,-0.3939309348185363,0.0,1.7,2.3
0.06400000000000006,-0.07874823729106087,-0.664832840067609,-0.39347843768242885,0.0,1.7,2.3
0.06600000000000006,-0.07843730094966636,-0.6632622152310287,-0.39265666173122765,0.0,1.7,2.3
0.06800000000000006,-0.07807402408381456,-0.6614272040338702,-0.39152146987004427,0.0,1.7,2.3
0.07000000000000006,-0.07767922246695898,-0.6594329526633975,-0.390213023674421,0.0,1.7,2.3
0.07200000000000006,-0.07727882416033706,-0.6574104308761872,-0.3889059095072352,0.0,1.7,2.3
0.07400000000000007,-0.07686887524868624,-0.655339666360592,-0.3875734964497477,0.0,1.7,2.3
0.07600000000000007,-0.07640916193925434,-0.653017528207611,-0.3859449892125416,0.0,1.7,2.3
0.07800000000000007,-0.07588043262843551,-0.6503467712813644,-0.3838907463140332,0.0,1.7,2.3
0.08000000000000007,-0.07531825668639822,-0.6475070662371342,-0.3816502761314158,0.0,1.7,2.3
0.08200000000000007,-0.07477852743526689,-0.6447807455920314,-0.37959994313021067,0.0,1.7,2.3
0.08400000000000007,-0.0742832107311323,-0.6422787649165042,-0.3778876532436995,0.0,1.7,2.3
0.08600000000000008,-0.07379509678646838,-0.6398131673567814,-0.37626283935983207,0.0,1.7,2.3
0.08800000000000008,-0.07328665966322936,-0.6372449118417874,-0.37454014283455994,0.0,1.7,2.3
0.09000000000000008,-0.07281222388099147,-0.6348484064362002,-0.3730853642383389,0.0,1.7,2.3
0.09200000000000008,-0.07241102852118517,-0.6328218585145025,-0.3721627228141407,0.0,1.7,2.3
0.09400000000000008,-0.07202688817693573,-0.630881460159312,-0.37139387467986557,0.0,1.7,2.3
0.09600000000000009,-0.07163117810597498,-0.6288826199377182,-0.3705860621401286,0.0,1.7,2.3
0.09800000000000009,-0.07123486807899046,-0.6268807491735101,-0.3698131464206305,0.0,1.7,2.3
0.10000000000000009,-0.0708154953507435,-0.6247623823727196,-0.3689238630772299,0.0,1.7,2.3
0.10200000000000009,-0.07035957657149233,-0.6224594114335786,-0.36782741252801193,0.0,1.7,2.3
0.10400000000000009,-0.06983913922168837,-0.6198305394792143,-0.3663354289759925,0.0,1.7,2.3
0.1060000000000001,-0.06925506720078475,-0.616880231328458,-0.36445385807638386,0.0,1.7,2.3
0.1080000000000001,-0.06868270702668035,-0.6139890829316969,-0.3626900569547016,0.0,1.7,2.3
0.1100000000000001,-0.06816174617720383,-0.6113575666367422,-0.3613112642451727,0.0,1.7,2.3
0.1120000000000001,-0.06768232541102683,-0.6089358807084971,-0.3602510841531936,0.0,1.7,2.3
0.1140000000000001,-0.06720617968182828,-0.606530737891239,-0.359251843748887,0.0,1.7,2.3
0.1160000000000001,-0.06662972880352923,-0.6036189262242357,-0.3576160553228311,0.0,1.7,2.3
0.1180000000000001,-0.06594382719817211,-0.600154248882025,-0.3552821287028155,0.0,1.7,2.3
0.1200000000000001,-0.06524567567926733,-0.5966276938628254,-0.3529045820349463,0.0,1.7,2.3
0.12200000000000011,-0.06454297945694558,-0.5930781822986471,-0.3505352938745646,0.0,1.7,2.3
0.12400000000000011,-0.06383949787536412,-0.5895247036689304,-0.3481995723660277,0.0,1.7,2.3
0.1260000000000001,-0.06316461316142184,-0.5861156756692225,-0.3460952633327347,0.0,1.7,2.3
0.1280000000000001,-0.06241300089248392,-0.5823190757225545,-0.34351313778014925,0.0,1.7,2.3
0.13000000000000012,-0.061556317669751476,-0.5779917335441004,-0.3402623325801011,0.0,1.7,2.3
0.13200000000000012,-0.06067002086513206,-0.5735148050460153,-0.3368509513876842,0.0,1.7,2.3
0.13400000000000012,-0.05975540151260889,-0.5688948116087394,-0.33328768146015314,0.0,1.7,2.3
0.13600000000000012,-0.05886217514859548,-0.5643828800792278,-0.32990728777081657,0.0,1.7,2.3
0.13800000000000012,-0.05801312394718233,-0.5600940895271103,-0.32686317317329827,0.0,1.7,2.3
0.14000000000000012,-0.05716667008783054,-0.5558184190815236,-0.3238753573911902,0.0,1.7,2.3
0.14200000000000013,-0.056335133124362176,-0.5516180983899781,-0.3210267906790645,0.0,1.7,2.3
0.14400000000000013,-0.05555305224725539,-0.5476675947001639,-0.31855004433664846,0.0,1.7,2.3
0.14600000000000013,-0.054840141526297424,-0.5440664896173685,-0.3165778611641289,0.0,1.7,2.3
0.14800000000000013,-0.05410345060992658,-0.5403452661761847,-0.314484331486275,0.0,1.7,2.3
0.15000000000000013,-0.053288460570317095,-0.5362285355139682,-0.311902332352766,0.0,1.7,2.3
0.15200000000000014,-0.05246255071986279,-0.5320566500315,-0.30928557129963524,0.0,1.7,2.3
0.15400000000000014,-0.051609681161454445,-0.5277485894208056,-0.3065260327096664,0.0,1.7,2.3
0.15600000000000014,-0.05072273716218465,-0.5232684172062747,-0.30357580044933563,0.0,1.7,2.3
0.15800000000000014,-0.0498064565388559,-0.518640067686849,-0.30046677017934775,0.0,1.7,2.3
0.16000000000000014,-0.04886540235522954,-0.5138865923859031,-0.29722966092846165,0.0,1.7,2.3
0.16200000000000014,-0.0478810887851281,-0.5089146172789302,-0.2937399863900225,0.0,1.7,2.3
0.16400000000000015,-0.04684124780661411,-0.5036621739873781,-0.28991513096168015,0.0,1.7,2.3
0.16600000000000015,-0.045756553356100654,-0.498183173571363,-0.28582696851058126,0.0,1.7,2.3
0.16800000000000015,-0.04462664747232657,-0.492475793864862,-0.281473092273,0.0,1.7,2.3
0.17000000000000015,-0.043487389697628526,-0.48672115523371345,-0.27709497529003857,0.0,1.7,2.3
0.17200000000000015,-0.04236421562883997,-0.4810477444165152,-0.27286388570279246,0.0,1.7,2.3
0.17400000000000015,-0.041302836739172843,-0.47568655011622757,-0.2690875729971215,0.0,1.7,2.3
0.17600000000000016,-0.04036252091365749,-0.47093717747681246,-0.26616498769658625,0.0,1.7,2.3
0.17800000000000016,-0.03950863491046333,-0.46662490069620377,-0.2638627864043022,0.0,1.7,2.3
0.18000000000000016,-0.03867800372808786,-0.46243071758217147,-0.26175550009101317,0.0,1.7,2.3
0.18200000000000016,-0.03788117912243676,-0.4584080618893227,-0.2599140996128206,0.0,1.7,2.3
0.18400000000000016,-0.037170066328630846,-0.45481929000074683,-0.2586879894294486,0.0,1.7,2.3
0.18600000000000017,-0.036545166747132415,-0.4516670076075843,-0.2580804883472547,0.0,1.7,2.3
0.18800000000000017,-0.03597605172234751,-0.44879754999092397,-0.25788666575484354,0.0,1.7,2.3
0.19000000000000017,-0.03536085005204021,-0.4456967090068362,-0.25742035528781093,0.0,1.7,2.3
0.19200000000000017,-0.03469764535806089,-0.4423552781102896,-0.25666839735945524,0.0,1.7,2.3
0.19400000000000017,-0.03395990198100372,-0.4386401517207374,-0.2554516194154338,0.0,1.7,2.3
0.19600000000000017,-0.033197630316180615,-0.4348039756626804,-0.2541067658019692,0.0,1.7,2.3
0.19800000000000018,-0.03249651577140957,-0.4312785351974644,-0.2532113612104729,0.0,1.7,2.3
0.20000000000000018,-0.031735740485099466,-0.4274555138325844,-0.25195083086191955,0.0,1.7,2.3
0.20200000000000018,-0.030951560133608357,-0.4235181550594124,-0.2505692764800034,0.0,1.7,2.3
0.20400000000000018,-0.03009783951912812,-0.41923596817427433,-0.24875476263606713,0.0,1.7,2.3
0.20600000000000018,-0.029184652591905946,-0.41466072664719456,-0.24657473069914798,0.0,1.7,2.3
0.20800000000000018,-0.028261717347321646,-0.4100424925184566,-0.2443645792069652,0.0,1.7,2.3
0.2100000000000002,-0.02734701796639278,-0.40547068006514336,-0.2422461457393436,0.0,1.7,2.3
0.2120000000000002,-0.02644547447666445,-0.400969457433521,-0.24025292311654414,0.0,1.7,2.3
0.2140000000000002,-0.025509423592889997,-0.3963010483117724,-0.23806253002966532,0.0,1.7,2.3
0.2160000000000002,-0.024592380099128862,-0.3917320980620275,-0.23603715041575127,0.0,1.7,2.3
0.2180000000000002,-0.02363524963764443,-0.3869689781052759,-0.23377659685849292,0.0,1.7,2.3
0.2200000000000002,-0.022616395037623558,-0.38190497063243756,-0.2311341157246013,0.0,1.7,2.3
0.2220000000000002,-0.021558842448853047,-0.3766548591222084,-0.22826569232097507,0.0,1.7,2.3
0.2240000000000002,-0.020495121863028494,-0.3713790534108652,-0.22539226260758677,0.0,1.7,2.3
0.2260000000000002,-0.01950446711148273,-0.36646813493110086,-0.2230515523561926,0.0,1.7,2.3
0.2280000000000002,-0.018604797297293175,-0.3620096261701834,-0.22136516398236505,0.0,1.7,2.3
0.2300000000000002,-0.01771330422886527,-0.3575942985553694,-0.21977141614287574,0.0,1.7,2.3
0.2320000000000002,-0.016781732553933386,-0.3529839805583541,-0.2179431601984788,0.0,1.7,2.3
0.2340000000000002,-0.015869286649688622,-0.3484709737488937,-0.21628199516961222,0.0,1.7,2.3
0.2360000000000002,-0.014968094523173386,-0.3440164380255594,-0.2147344725778872,0.0,1.7,2.3
0.2380000000000002,-0.014114442188479105,-0.3397998671867791,-0.21354619626500226,0.0,1.7,2.3
0.2400000000000002,-0.013290667920955963,-0.3357345550127585,-0.21259706996432895,0.0,1.7,2.3
0.24200000000000021,-0.01244048032253095,-0.3315426687219229,-0.21150562536822012,0.0,1.7,2.3
0.24400000000000022,-0.011553175186273223,-0.3271708723435078,-0.21019982001934504,0.0,1.7,2.3
0.24600000000000022,-0.010658970897946641,-0.32276801936302474,-0.2088846675241974,0.0,1.7,2.3
0.24800000000000022,-0.009769627462926946,-0.3183919730503189,-0.20763994841273173,0.0,1.7,2.3
0.2500000000000002,-0.008851782101635026,-0.3138774137585651,-0.20624008967710916,0.0,1.7,2.3
0.2520000000000002,-0.00791737642097986,-0.3092825007237767,-0.20476649168985125,0.0,1.7,2.3
0.2540000000000002,-0.006955965804396715,-0.3045544312571973,-0.20314921376206427,0.0,1.7,2.3
0.2560000000000002,-0.005972497829767689,-0.29971627480972557,-0.20142256053316565,0.0,1.7,2.3
0.25800000000000023,-0.004975100411803104,-0.29480716751863656,-0.19964209328916643,0.0,1.7,2.3
0.26000000000000023,-0.004019746133359698,-0.29010605484685115,-0.19818495808068826,0.0,1.7,2.3
0.26200000000000023,-0.003074935165723771,-0.2854568995851758,-0.19683821905200266,0.0,1.7,2.3
0.26400000000000023,-0.002112365626116584,-0.28071789172208655,-0.19541156169781151,0.0,1.7,2.3
0.26600000000000024,-0.0011464963891073853,-0.2759597498869486,-0.1940031720340147,0.0,1.7,2.3
0.26800000000000024,-0.00016514053168284975,-0.271120041119125,-0.19253186722683396,0.0,1.7,2.3
0.27000000000000024,0.0007959758105839909,-0.2663792484978369,-0.19123691012261235,0.0,1.7,2.3
0.27200000000000024,0.0017436758987158327,-0.26170382902619715,-0.19007203749714482,0.0,1.7,2.3
0.27400000000000024,0.00272403556185362,-0.2568579247465075,-0.18873031677565358,0.0,1.7,2.3
0.27600000000000025,0.003687190977271873,-0.2520957163331125,-0.18754443075940833,0.0,1.7,2.3
0.27800000000000025,0.004623803036788791,-0.2474663810821575,-0.18657580866900042,0.0,1.7,2.3
0.28000000000000025,0.005647585277463859,-0.24237795851929028,-0.18507236396830734,0.0,1.7,2.3
0.28200000000000025,0.006699193398792418,-0.23713013200355107,-0.18343139100299563,0.0,1.7,2.3
0.28400000000000025,0.0077522963201017234,-0.23185544630343297,-0.18182927735495943,0.0,1.7,2.3
0.28600000000000025,0.008870560130836116,-0.22621316515600431,-0.17984966306105463,0.0,1.7,2.3
0.28800000000000026,0.01000207076668239,-0.22047036024193406,-0.1778372323690022,0.0,1.7,2.3
0.29000000000000026,0.011170762058361872,-0.21449098378236922,-0.17563930264108024,0.0,1.7,2.3
0.29200000000000026,0.012347202801224444,-0.20843139803647814,-0.1734485828540436,0.0,1.7,2.3
0.29400000000000026,0.013526415647053484,-0.20231501865551915,-0.17129892112710254,0.0,1.7,2.3
0.29600000000000026,0.014743890352145171,-0.1959381904915568,-0.16896472700433643,0.0,1.7,2.3
0.29800000000000026,0.015964202021770315,-0.1894940175605,-0.16667544518472954,0.0,1.7,2.3
0.30000000000000027,0.017167206921794177,-0.1831039181870496,-0.16455601172670223,0.0,1.7,2.3
0.30200000000000027,0.018300151468243903,-0.1771004155140643,-0.16292751420645638,0.0,1.7,2.3
0.30400000000000027,0.019327848209086836,-0.1717326387657076,-0.16199196294696439,0.0,1.7,2.3
0.30600000000000027,0.020303028836347905,-0.16670694351199275,-0.16141090988187848,0.0,1.7,2.3
0.3080000000000003,0.021340366644874233,-0.16131075482493884,-0.1604813931981156,0.0,1.7,2.3
0.3100000000000003,0.022385457622835423,-0.15586003848685703,-0.15954689194423236,0.0,1.7,2.3
0.3120000000000003,0.02340605619776636,-0.1505559953875525,-0.1588047671044037,0.0,1.7,2.3
0.3140000000000003,0.024353469125839078,-0.1457302584874025,-0.15854073848834424,0.0,1.7,2.3
0.3160000000000003,0.025266207767251497,-0.14115180725448132,-0.15851528295506134,0.0,1.7,2.3
0.3180000000000003,0.026217464437418448,-0.13634536522357066,-0.15828907640060846,0.0,1.7,2.3
0.3200000000000003,0.02717751428330725,-0.13149162538585146,-0.1580461579683811,0.0,1.7,2.3
0.3220000000000003,0.028111377280538464,-0.12682211840103308,-0.1579946113874559,0.0,1.7,2.3
0.3240000000000003,0.029020687256345816,-0.12233214228409449,-0.15812208696774058,0.0,1.7,2.3
0.3260000000000003,0.029970102660602273,-0.1175875681644456,-0.15804715100943886,0.0,1.7,2.3
0.3280000000000003,0.0309301073161926,-0.11277634661119683,-0.15794861427006218,0.0,1.7,2.3
0.3300000000000003,0.031911045860589536,-0.1078201360444526,-0.15776949439001206,0.0,1.7,2.3
0.3320000000000003,0.0329396482214718,-0.10252218421683065,-0.1573599211739047,0.0,1.7,2.3
0.3340000000000003,0.034034146818252724,-0.09673324425072466,-0.15662430130484448,0.0,1.7,2.3
0.3360000000000003,0.035141294590126444,-0.09080589487595238,-0.15587814357848676,0.0,1.7,2.3
0.3380000000000003,0.036293132560502546,-0.08449518913992812,-0.15494533748348352,0.0,1.7,2.3
0.3400000000000003,0.03745999213917772,-0.07800254604887952,-0.15399886581914032,0.0,1.7,2.3
0.3420000000000003,0.038619179408391276,-0.07148683083382633,-0.15316874965818755,0.0,1.7,2.3
0.3440000000000003,0.039791585930699834,-0.06479250590261879,-0.152337988704285,0.0,1.7,2.3
0.3460000000000003,0.040969991520737895,-0.057962571031293625,-0.1515504622307434,0.0,1.7,2.3
0.3480000000000003,0.042173019321639714,-0.0508385169447859,-0.15070978103707242,0.0,1.7,2.3
0.3500000000000003,0.043363734430033225,-0.043711953777095094,-0.15001388909324367,0.0,1.7,2.3
0.3520000000000003,0.044557617743550174,-0.03645715907531875,-0.14938002959843927,0.0,1.7,2.3
0.3540000000000003,0.04574979996879077,-0.029115761834445347,-0.14883229980573215,0.0,1.7,2.3
0.3560000000000003,0.046948317783427645,-0.021609715265475577,-0.1483320365979696,0.0,1.7,2.3
0.3580000000000003,0.04817342753781174,-0.01373266829616764,-0.147786199107649,0.0,1.7,2.3
0.3600000000000003,0.04943315209216834,-0.0053734656229949725,-0.14716727545396802,0.0,1.7,2.3
0.3620000000000003,0.05066310600819538,0.002847922788727079,-0.14677932618004932,0.0,1.7,2.3
0.3640000000000003,0.051878790015150285,0.011060761392060683,-0.1465409822483202,0.0,1.7,2.3
0.3660000000000003,0.05307524257539155,0.019178220239949157,-0.14646220548660557,0.0,1.7,2.3
0.3680000000000003,0.0542250186372463,0.026874519662227512,-0.14665289288602298,0.0,1.7,2.3
0.37000000000000033,0.05536400258849758,0.034502640830300496,-0.14694557384151583,0.0,1.7,2.3
0.37200000000000033,0.05645784568429347,0.04164188518224124,-0.1474749517896078,0.0,1.7,2.3
0.37400000000000033,0.057509616796414025,0.04827695821753252,-0.14821354491635427,0.0,1.7,2.3
0.37600000000000033,0.05852335944289418,0.05441052976775573,-0.14913208236066258,0.0,1.7,2.3
0.37800000000000034,0.05956097684021674,0.06079464589199354,-0.14998593501504087,0.0,1.7,2.3
0.38000000000000034,0.060630419598292816,0.06756900777833771,-0.15075622227287475,0.0,1.7,2.3
0.38200000000000034,0.06169726849569364,0.0743406392377171,-0.1515861797676242,0.0,1.7,2.3
0.38400000000000034,0.0627652410617493,0.08115806295224984,-0.15246193998472585,0.0,1.7,2.3
0.38600000000000034,0.06383340005005933,0.08801548032836252,-0.1533886029493468,0.0,1.7,2.3
0.38800000000000034,0.06491579743858097,0.09511375327714429,-0.15431906151427094,0.0,1.7,2.3
0.39000000000000035,0.06600031547098982,0.10230682965414967,-0.1553010627831927,0.0,1.7,2.3
0.39200000000000035,0.06706473063841825,0.10927810132391941,-0.15640880823120468,0.0,1.7,2.3
0.39400000000000035,0.06810984749803169,0.11601246393298807,-0.15763213467956974,0.0,1.7,2.3
0.39600000000000035,0.06914352274885602,0.12259775881928298,-0.1589381287048973,0.0,1.7,2.3
0.39800000000000035,0.07016436183732981,0.12900604691703044,-0.16032925162299033,0.0,1.7,2.3
0.40000000000000036,0.07122701529464649,0.13609217043795171,-0.1616430843178575,0.0,1.7,2.3
0.40200000000000036,0.07231104229334567,0.14360228325128782,-0.16295736731682822,0.0,1.7,2.3
0.40400000000000036,0.07341811547650613,0.1516253340573499,-0.16428289638094148,0.0,1.7,2.3
0.40600000000000036,0.07454970874701863,0.16023339810418885,-0.16562694810459053,0.0,1.7,2.3
0.40800000000000036,0.07567035384747875,0.168862419016776,-0.1670910915036244,0.0,1.7,2.3
0.41000000000000036,0.07678681980009949,0.17762030468716294,-0.16865476781494887,0.0,1.7,2.3
0.41200000000000037,0.07789983415539942,0.18652595839997804,-0.17031649662854667,0.0,1.7,2.3
0.41400000000000037,0.07902904874404046,0.1960068615441406,-0.1720459334926917,0.0,1.7,2.3
0.41600000000000037,0.08015240170835368,0.2056559935119183,-0.17389146550908507,0.0,1.7,2.3
0.41800000000000037,0.08124336971035294,0.21487088553752928,-0.17588575436710324,0.0,1.7,2.3
0.4200000000000004,0.08233322003850314,0.22428672076692183,-0.17797085969528195,0.0,1.7,2.3
0.4220000000000004,0.08339452335972235,0.2331872395480233,-0.18016118538835013,0.0,1.7,2.3
0.4240000000000004,0.08442850277619192,0.24150568708208744,-0.182434809958115,0.0,1.7,2.3
0.4260000000000004,0.08547464950787845,0.25023925579766537,-0.18476216802283887,0.0,1.7,2.3
0.4280000000000004,0.0865102898361641,0.25881237546784863,-0.18715898504896195,0.0,1.7,2.3
0.4300000000000004,0.08752961635992022,0.26701017378822556,-0.18961555965371182,0.0,1.7,2.3
0.4320000000000004,0.08853738156163128,0.2748873088976057,-0.1921153808372049,0.0,1.7,2.3
0.4340000000000004,0.08954328510683163,0.28272570447653456,-0.1946589895739581,0.0,1.7,2.3
0.4360000000000004,0.09055829059011314,0.2909447046964492,-0.1972666903708757,0.0,1.7,2.3
0.4380000000000004,0.09157885820156661,0.2995112026430784,-0.19995151012624768,0.0,1.7,2.3
0.4400000000000004,0.09258062961712327,0.3075145508907994,-0.20267206993185938,0.0,1.7,2.3
0.4420000000000004,0.09357925270648292,0.31549092566943615,-0.20544532151782677,0.0,1.7,2.3
0.4440000000000004,0.09459041081343562,0.3241151801596316,-0.2083143922131229,0.0,1.7,2.3
0.4460000000000004,0.09558782430603617,0.33232699133036614,-0.2112195004977443,0.0,1.7,2.3
0.4480000000000004,0.0965886378705325,0.3409060067169373,-0.21421559123661285,0.0,1.7,2.3
0.4500000000000004,0.09759954102033984,0.3503071534130737,-0.21735130898212782,0.0,1.7,2.3
0.4520000000000004,0.0986072283362476,0.3600674635462151,-0.22060826306038672,0.0,1.7,2.3
0.4540000000000004,0.09961397385620874,0.37045710408157634,-0.22402225988386812,0.0,1.7,2.3
0.4560000000000004,0.10060866031864225,0.38080812618948146,-0.22752600034755857,0.0,1.7,2.3
0.4580000000000004,0.10158908811699115,0.3907804373580529,-0.2310687069936488,0.0,1.7,2.3
0.4600000000000004,0.10256226530876919,0.4007699447048315,-0.23468644808385344,0.0,1.7,2.3
0.4620000000000004,0.10352797145109707,0.4106326083856231,-0.2383548461486636,0.0,1.7,2.3
0.4640000000000004,0.1044845284176014,0.41980440476643405,-0.24198536516265862,0.0,1.7,2.3
0.4660000000000004,0.10543899823007594,0.4291758227703376,-0.24569946741318438,0.0,1.7,2.3
0.4680000000000004,0.10639053459339563,0.4389604959596358,-0.2495350125286776,0.0,1.7,2.3
0.4700000000000004,0.10733550271739847,0.448831170943401,-0.25344918082249385,0.0,1.7,2.3
0.4720000000000004,0.10827258486018178,0.45940557299672485,-0.2575456799979047,0.0,1.7,2.3
0.4740000000000004,0.10919762389211371,0.47065507699065673,-0.261828217872334,0.0,1.7,2.3
0.4760000000000004,0.11010865067058696,0.4821814411591274,-0.2662316853720183,0.0,1.7,2.3
0.4780000000000004,0.1110038336382114,0.49407943883408706,-0.2707698358717786,0.0,1.7,2.3
0.4800000000000004,0.11187830418299416,0.506657645371416,-0.2754952513850539,0.0,1.7,2.3
0.48200000000000043,0.11272791365291707,0.5198638523883796,-0.28039402727692525,0.0,1.7,2.3
0.48400000000000043,0.11354582947882175,0.5338532488209122,-0.28548484435464766,0.0,1.7,2.3
0.48600000000000043,0.11433104987568166,0.5484105242713104,-0.29071195369151465,0.0,1.7,2.3
0.48800000000000043,0.11508774463178628,0.5632196413581602,-0.29600001287567346,0.0,1.7,2.3
0.49000000000000044,0.11582164856185384,0.5780856439778561,-0.3013011547800701,0.0,1.7,2.3
0.49200000000000044,0.11653806636435317,0.5929041043322172,-0.3065905078418888,0.0,1.7,2.3
0.49400000000000044,0.11724059676241352,0.6076412694339407,-0.3118596487984492,0.0,1.7,2.3
0.49600000000000044,0.11793429234955548,0.622234551450435,-0.31710324869752365,0.0,1.7,2.3
0.49800000000000044,0.11864648872953246,0.6360838188405723,-0.32226811048696324,0.0,1.7,2.3
0.5000000000000004,0.11937087084616252,0.6495149629281599,-0.3274223889585196,0.0,1.7,2.3
0.5020000000000004,0.12008257823472211,0.6631622153028687,-0.3326340927602606,0.0,1.7,2.3
0.5040000000000004,0.12079482322019547,0.6766717195536109,-0.33785810046548,0.0,1.7,2.3
0.5060000000000004,0.1215301720535141,0.6896104690113773,-0.3430809841286289,0.0,1.7,2.3
0.5080000000000005,0.12225797078492497,0.7026583871670948,-0.3483530493426513,0.0,1.7,2.3
0.5100000000000005,0.12293232232703637,0.7166321485738397,-0.35366979171868873,0.0,1.7,2.3
0.5120000000000005,0.12358247201159953,0.7308216013104508,-0.3589481615371683,0.0,1.7,2.3
0.5140000000000005,0.12418068269299165,0.7456351076334015,-0.3641405338264789,0.0,1.7,2.3
0.5160000000000005,0.12472528632213079,0.761019619586896,-0.36919798616753186,0.0,1.7,2.3
0.5180000000000005,0.12527768604704256,0.7759554269764969,-0.3741490551541188,0.0,1.7,2.3
0.5200000000000005,0.12578330060039303,0.7913114269610207,-0.37893120999184704,0.0,1.7,2.3
0.5220000000000005,0.12625692364306035,0.8068460161112803,-0.38354592338089105,0.0,1.7,2.3
0.5240000000000005,0.12671333444020985,0.8223205972470149,-0.38799630856789846,0.0,1.7,2.3
0.5260000000000005,0.1271010356411399,0.8383863158283439,-0.3921294605134899,0.0,1.7,2.3
0.5280000000000005,0.12743680301241922,0.8547391208293935,-0.3959259088677638,0.0,1.7,2.3
0.5300000000000005,0.1276453651465471,0.8721195409091601,-0.3990286424525571,0.0,1.7,2.3
0.5320000000000005,0.12772886944555625,0.8903210089755654,-0.4013131419452184,0.0,1.7,2.3
0.5340000000000005,0.1276891283680046,0.9091499672900072,-0.40265714825644466,0.0,1.7,2.3
0.5360000000000005,0.1275314426584982,0.9284486759300244,-0.4030026640718312,0.0,1.7,2.3
0.5380000000000005,0.12725781287161275,0.948081703744635,-0.40227017689658945,0.0,1.7,2.3
0.5400000000000005,0.1268632414113425,0.967999511258569,-0.40036231926486926,0.0,1.7,2.3
0.5420000000000005,0.1263822857151485,0.9878699472707715,-0.39744579493618165,0.0,1.7,2.3
0.5440000000000005,0.12577165726684847,1.0078901540830747,-0.39315874975174797,0.0,1.7,2.3
0.5460000000000005,0.12508660344981204,1.0276867514948913,-0.38788811111469135,0.0,1.7,2.3
0.5480000000000005,0.12440888863600372,1.0469005524404253,-0.38234002217924146,0.0,1.7,2.3
0.5500000000000005,0.12368948980289633,1.065810618626511,-0.3761498096190555,0.0,1.7,2.3
0.5520000000000005,0.12286039328900734,1.0846067602004157,-0.36867947343949736,0.0,1.7,2.3
0.5540000000000005,0.12191681419677328,1.1031523833385344,-0.3598066175436569,0.0,1.7,2.3
0.5560000000000005,0.12088704443349593,1.1212839913503605,-0.3497717531703738,0.0,1.7,2.3
0.5580000000000005,0.11984822126777943,1.1388923359678689,-0.33939320851928406,0.0,1.7,2.3
0.5600000000000005,0.11885373119921382,1.156063690899485,-0.3293223530141998,0.0,1.7,2.3
0.5620000000000005,0.11794144109182293,1.1729560076916017,-0.3200616659295827,0.0,1.7,2.3
0.5640000000000005,0.1170457383761342,1.1896785891894985,-0.31094505508522546,0.0,1.7,2.3
0.5660000000000005,0.11617768335049489,1.2062782181339475,-0.3021175770103357,0.0,1.7,2.3
0.5680000000000005,0.11533844907490123,1.2227760796222416,-0.2936032770945293,0.0,1.7,2.3
0.5700000000000005,0.11451650796419462,1.2391970278598936,-0.2852860119384232,0.0,1.7,2.3
0.5720000000000005,0.1137312240799656,1.2555849731730053,-0.2773959427571866,0.0,1.7,2.3
0.5740000000000005,0.11291073523460576,1.2718189617446192,-0.269101736810702,0.0,1.7,2.3
0.5760000000000005,0.11216130636592556,1.288131114086275,-0.26165292387535677,0.0,1.7,2.3
0.5780000000000005,0.11152683985445223,1.3047103043858401,-0.25559327435174617,0.0,1.7,2.3
0.5800000000000005,0.11086343257511583,1.3212456697583328,-0.24923193660210582,0.0,1.7,2.3
0.5820000000000005,0.11012796872256879,1.337542130818764,-0.2420317588213021,0.0,1.7,2.3
0.5840000000000005,0.109391902275091,1.3537372898992903,-0.23482836247699115,0.0,1.7,2.3
0.5860000000000005,0.10870791027868894,1.370020732929348,-0.22826482061001177,0.0,1.7,2.3
0.5880000000000005,0.10800951041348758,1.3861845919935791,-0.22153998101856545,0.0,1.7,2.3
0.5900000000000005,0.10727718526056698,1.4021176790498318,-0.21440378338152433,0.0,1.7,2.3
0.5920000000000005,0.1065470680514649,1.4179273202766176,-0.2072910647977532,0.0,1.7,2.3
0.5940000000000005,0.10582373810694584,1.4336338004175657,-0.20025954865958742,0.0,1.7,2.3
0.5960000000000005,0.1050611365325754,1.4489768189044052,-0.19271908966463278,0.0,1.7,2.3
0.5980000000000005,0.1042779293609598,1.4640019207536368,-0.1848921440182246,0.0,1.7,2.3
0.6000000000000005,0.10351148794968514,1.478906027678831,-0.17725475447350453,0.0,1.7,2.3
0.6020000000000005,0.1027496056176216,1.4936490485371707,-0.1696593945642114,0.0,1.7,2.3
0.6040000000000005,0.10203607746355958,1.5085946954630076,-0.16270269436050888,0.0,1.7,2.3
0.6060000000000005,0.10133599655634412,1.5235396144998004,-0.15593510089959656,0.0,1.7,2.3
0.6080000000000005,0.10061853730173541,1.5382194354434746,-0.14893471515640178,0.0,1.7,2.3
0.6100000000000005,0.09986623027736051,1.552393682591959,-0.1414357698642515,0.0,1.7,2.3
0.6120000000000005,0.09911781055132776,1.5663737580579908,-0.13396256137576545,0.0,1.7,2.3
0.6140000000000005,0.09838103017309187,1.5802434129476384,-0.12662612679687907,0.0,1.7,2.3
0.6160000000000005,0.09765113682028875,1.5940024960901382,-0.11937333062147175,0.0,1.7,2.3
0.6180000000000005,0.0969804478935858,1.60833995370524,-0.11299275799830531,0.0,1.7,2.3
0.6200000000000006,0.09630451308558666,1.6225337852775734,-0.1065513650873612,0.0,1.7,2.3
0.6220000000000006,0.09559570496842136,1.636174495955786,-0.09961817562957245,0.0,1.7,2.3
0.6240000000000006,0.09491832980018698,1.650091176924882,-0.09315726206706508,0.0,1.7,2.3
0.6260000000000006,0.09424792861373377,1.6639871487520064,-0.08680762185244037,0.0,1.7,2.3
0.6280000000000006,0.09357607104471696,1.6777553199768156,-0.08044307585152143,0.0,1.7,2.3
0.6300000000000006,0.09289851056091715,1.6912789323598019,-0.07397921977447044,0.0,1.7,2.3
0.6320000000000006,0.09218484079217602,1.7039531471083436,-0.0668894194926953,0.0,1.7,2.3
0.6340000000000006,0.09146628398332952,1.7162147070146694,-0.05964889643803103,0.0,1.7,2.3
0.6360000000000006,0.09075527954337019,1.7282689854273992,-0.052455408070549124,0.0,1.7,2.3
0.6380000000000006,0.09004688220762021,1.7400305930130315,-0.04522430124325494,0.0,1.7,2.3
0.6400000000000006,0.08935078676129918,1.751735333160406,-0.03813584599477504,0.0,1.7,2.3
0.6420000000000006,0.08867968614793882,1.7637874831692937,-0.03146490290706341,0.0,1.7,2.3
0.6440000000000006,0.08802201875161478,1.7759971683701428,-0.025026256156287823,0.0,1.7,2.3
0.6460000000000006,0.08736790869382215,1.7881313172182784,-0.01863406451674212,0.0,1.7,2.3
0.6480000000000006,0.08672290758721266,1.8003541593639256,-0.012404033186501837,0.0,1.7,2.3
0.6500000000000006,0.08609377489990268,1.8129661846766931,-0.00652129038814431,0.0,1.7,2.3
0.6520000000000006,0.08547923445328717,1.8260227970036136,-0.0009994397290398137,0.0,1.7,2.3
0.6540000000000006,0.08485038054347724,1.8384812979333252,0.004853273501578922,0.0,1.7,2.3
0.6560000000000006,0.08422950696641451,1.851104798184649,0.010523709948446907,0.0,1.7,2.3
0.6580000000000006,0.08360637392784345,1.8634386437550334,0.016297430407717372,0.0,1.7,2.3
0.6600000000000006,0.08298551188605573,1.875695393138096,0.022045167305741024,0.0,1.7,2.3
0.6620000000000006,0.08238515871022417,1.8887550973288136,0.027228194248819733,0.0,1.7,2.3
0.6640000000000006,0.08177959213947117,1.901501422462808,0.032547926971670256,0.0,1.7,2.3
0.6660000000000006,0.08117630963811089,1.9142496045473891,0.03780649239829662,0.0,1.7,2.3
0.6680000000000006,0.08056803448860739,1.9265292636490434,0.043279535272289275,0.0,1.7,2.3
0.6700000000000006,0.07996825500184951,1.9391059134045365,0.048512685997195,0.0,1.7,2.3
0.6720000000000006,0.07937127755475064,1.9516636826670433,0.0536959332355738,0.0,1.7,2.3
0.6740000000000006,0.078773498146954,1.9639733157147448,0.05896523018247532,0.0,1.7,2.3
0.6760000000000006,0.07817417268542672,1.9758294128104814,0.06443282564530634,0.0,1.7,2.3
0.6780000000000006,0.07757334319586034,1.9871026730917167,0.07016953678872231,0.0,1.7,2.3
0.6800000000000006,0.07697722458645312,1.998145534191925,0.07597175368519306,0.0,1.7,2.3
0.6820000000000006,0.07638067797886285,2.0083272916506343,0.0821979914172609,0.0,1.7,2.3
0.6840000000000006,0.0757936620914093,2.0186850978666797,0.08826741024293892,0.0,1.7,2.3
0.6860000000000006,0.07521360165020032,2.0290092423082227,0.09430399105712768,0.0,1.7,2.3
0.6880000000000006,0.07463672888272864,2.0386864561576434,0.10065653986310841,0.0,1.7,2.3
0.6900000000000006,0.07406668819948137,2.048206243684515,0.10705599894825699,0.0,1.7,2.3
0.6920000000000006,0.0735029285022176,2.057351118677774,0.11362953779709309,0.0,1.7,2.3
0.6940000000000006,0.07294550693017794,2.0662157800946144,0.12032895177118717,0.0,1.7,2.3
0.6960000000000006,0.07239448968898322,2.0749467184401897,0.12707615080505769,0.0,1.7,2.3
0.6980000000000006,0.07184954821511852,2.083270968764891,0.13402879429859746,0.0,1.7,2.3
0.7000000000000006,0.0713107742662925,2.09133161933946,0.1411093034075003,0.0,1.7,2.3
0.7020000000000006,0.07077936303533555,2.098730131266486,0.14854908338725686,0.0,1.7,2.3
0.7040000000000006,0.07025201418461108,2.1063553408387303,0.15583513192924348,0.0,1.7,2.3
0.7060000000000006,0.06972778086986432,2.114134769913721,0.16300520117523803,0.0,1.7,2.3
0.7080000000000006,0.06920838824005594,2.1215413293247622,0.170362472338839,0.0,1.7,2.3
0.7100000000000006,0.06869418404055805,2.128610102658723,0.1778858894849099,0.0,1.7,2.3
0.7120000000000006,0.06818787106502411,2.1349763917799187,0.18578659527962277,0.0,1.7,2.3
0.7140000000000006,0.06768477482321539,2.1413636663285014,0.1936375310831281,0.0,1.7,2.3
0.7160000000000006,0.06718402785625198,2.1478138724665046,0.20141057638799295,0.0,1.7,2.3
0.7180000000000006,0.06669003649152756,2.1537286872438113,0.20945246585067145,0.0,1.7,2.3
0.7200000000000006,0.0662029969786649,2.1591489569040894,0.21773555450493792,0.0,1.7,2.3
0.7220000000000006,0.06571835971582597,2.164596852845723,0.22595376225544592,0.0,1.7,2.3
0.7240000000000006,0.06523269451468267,2.170377238698172,0.23393046758196934,0.0,1.7,2.3
0.7260000000000006,0.06475068394989636,2.1759489932206613,0.24198078340595414,0.0,1.7,2.3
0.7280000000000006,0.06426672979111542,2.181853786733183,0.2497906650804922,0.0,1.7,2.3
0.7300000000000006,0.06378227999300591,2.1879247958415777,0.25745707550905045,0.0,1.7,2.3
0.7320000000000007,0.06330205475160845,2.1936987957073346,0.2652498041092996,0.0,1.7,2.3
0.7340000000000007,0.06282454509628338,2.1993321357761384,0.2730815585825943,0.0,1.7,2.3
0.7360000000000007,0.06235106185003632,2.204698195421218,0.28103033632647834,0.0,1.7,2.3
0.7380000000000007,0.06188116220305845,2.2098219189172017,0.2890898731266506,0.0,1.7,2.3
0.7400000000000007,0.061420557752908805,2.214150154796748,0.29760109417922226,0.0,1.7,2.3
0.7420000000000007,0.06096279857136208,2.2182060158555075,0.3062727483192622,0.0,1.7,2.3
0.7440000000000007,0.06050797489925925,2.2218932358260894,0.3151817125805623,0.0,1.7,2.3
0.7460000000000007,0.06005148876219718,2.2255841348638383,0.3241062391263512,0.0,1.7,2.3
0.7480000000000007,0.059587772466258196,2.2298585852870056,0.33266948914480277,0.0,1.7,2.3
0.7500000000000007,0.059119979774430544,2.2345094642462113,0.3409754171614576,0.0,1.7,2.3
0.7520000000000007,0.05864980630869393,2.239433818979946,0.3490752636197539,0.0,1.7,2.3
0.7540000000000007,0.05818003773627468,2.2442279698140486,0.35724706223459224,0.0,1.7,2.3
0.7560000000000007,0.05771089085570053,2.248654744646206,0.3656771800818752,0.0,1.7,2.3
0.7580000000000007,0.05723845885376335,2.2530645461426686,0.3741443242205667,0.0,1.7,2.3
0.7600000000000007,0.056763574172697055,2.256603864587214,0.3833103451018098,0.0,1.7,2.3
0.7620000000000007,0.05628042143642064,2.2595590590531955,0.3930226140901861,0.0,1.7,2.3
0.7640000000000007,0.055784322741523465,2.2624723421504824,0.4029041546812958,0.0,1.7,2.3
0.7660000000000007,0.05527201988436125,2.2648450386190415,0.4133776080116059,0.0,1.7,2.3
0.7680000000000007,0.054739732470383724,2.266936518873704,0.42426730442942245,0.0,1.7,2.3
0.7700000000000007,0.05418489393933582,2.268861918459775,0.43549519418573834,0.0,1.7,2.3
0.7720000000000007,0.053608349948780595,2.270755291559769,0.44693042523161547,0.0,1.7,2.3
0.7740000000000007,0.053015599357702746,2.272845574328331,0.4583219823142443,0.0,1.7,2.3
0.7760000000000007,0.0524027283938414,2.2749020184229263,0.46988305325298163,0.0,1.7,2.3
0.7780000000000007,0.051762639519087446,2.276754041400289,0.4818029247105713,0.0,1.7,2.3
0.7800000000000007,0.05108564567684985,2.278316046896134,0.4942138998118452,0.0,1.7,2.3
0.7820000000000007,0.050370135059189886,2.2796603536505082,0.5070477880905,0.0,1.7,2.3
0.7840000000000007,0.04965120176215293,2.2814520321508907,0.5194646014216695,0.0,1.7,2.3
0.7860000000000007,0.048934305000012175,2.283579265474259,0.5315266087234112,0.0,1.7,2.3
0.7880000000000007,0.04821581145039679,2.2858626343207487,0.543418523912153,0.0,1.7,2.3
0.7900000000000007,0.04749503995658582,2.288262945236832,0.555178762014607,0.0,1.7,2.3
0.7920000000000007,0.04677492155778322,2.290802510151661,0.5667685332931549,0.0,1.7,2.3
0.7940000000000007,0.04603742020324268,2.2932537782096256,0.5784963896034722,0.0,1.7,2.3
0.7960000000000007,0.04531275823283988,2.295959497998996,0.5898781742170733,0.0,1.7,2.3
0.7980000000000007,0.0446046955596253,2.2989169257893503,0.6009021470485572,0.0,1.7,2.3
0.8000000000000007,0.04387165633677843,2.301672761992216,0.612209577235285,0.0,1.7,2.3
0.8020000000000007,0.04313645804029486,2.304488491772522,0.6234310555728154,0.0,1.7,2.3
0.8040000000000007,0.04242158658261295,2.3075631335853295,0.6342705366598953,0.0,1.7,2.3
0.8060000000000007,0.04169573252898227,2.310587746350341,0.6451754703361576,0.0,1.7,2.3
0.8080000000000007,0.040921785286134965,2.3132757076187795,0.6565795882209962,0.0,1.7,2.3
0.8100000000000007,0.04009719133649174,2.315669345391092,0.668430898559845,0.0,1.7,2.3
0.8120000000000007,0.03925971083594588,2.3180990912957404,0.6802302815405685,0.0,1.7,2.3
0.8140000000000007,0.038395028721578066,2.3204458561192154,0.6921488680488026,0.0,1.7,2.3
0.8160000000000007,0.037543233410107735,2.322980881091068,0.7037641268059535,0.0,1.7,2.3
0.8180000000000007,0.03673696048224071,2.3258984080242096,0.714773364994837,0.0,1.7,2.3
0.8200000000000007,0.0359172123812763,2.328761051476233,0.7258420436549612,0.0,1.7,2.3
0.8220000000000007,0.03510811761985438,2.3317322692465114,0.736718897627424,0.0,1.7,2.3
0.8240000000000007,0.034336665047987006,2.334977290172435,0.7471531174152329,0.0,1.7,2.3
0.8260000000000007,0.03356971684311764,2.3382687562449425,0.75749332937378,0.0,1.7,2.3
0.8280000000000007,0.03280040736444459,2.341564298542017,0.7678033797014863,0.0,1.7,2.3
0.8300000000000007,0.03200027750977444,2.3446990933072644,0.778329142870817,0.0,1.7,2.3
0.8320000000000007,0.0311739776066224,2.3477097996309646,0.7890103982133594,0.0,1.7,2.3
0.8340000000000007,0.03037781421494751,2.3509357372896216,0.7993320969452148,0.0,1.7,2.3
0.8360000000000007,0.02955713446938962,2.35404526056895,0.8097957168791325,0.0,1.7,2.3
0.8380000000000007,0.028729503241828026,2.3571454432335757,0.8202360001788163,0.0,1.7,2.3
0.8400000000000007,0.027806454076633853,2.359740872477591,0.8313820853176945,0.0,1.7,2.3
0.8420000000000007,0.026866591975173725,2.362287013661917,0.8425444749694924,0.0,1.7,2.3
0.8440000000000007,0.025950419346015236,2.36500666938322,0.8533912166424187,0.0,1.7,2.3
0.8460000000000008,0.02499015316168396,2.3675154377324397,0.8644895090778267,0.0,1.7,2.3
0.8480000000000008,0.024069199367077045,2.370265881607587,0.8751803790777475,0.0,1.7,2.3
0.8500000000000008,0.023212496546702197,2.373381440678253,0.8853028331175042,0.0,1.7,2.3
0.8520000000000008,0.022389983281154494,2.37669218198497,0.8951160798331547,0.0,1.7,2.3
0.8540000000000008,0.021509063383057466,2.3797063022601783,0.9053120458963545,0.0,1.7,2.3
0.8560000000000008,0.020531969682618393,2.3822306380541938,0.9161370457576464,0.0,1.7,2.3
0.8580000000000008,0.019524432673279458,2.384615218726235,0.9270777280503618,0.0,1.7,2.3
0.8600000000000008,0.01845256977051685,2.386678188996142,0.9383697399848271,0.0,1.7,2.3
0.8620000000000008,0.017307084102858458,2.388364962031769,0.9500676464852403,0.0,1.7,2.3
0.8640000000000008,0.016179770776009694,2.390150732499478,0.9615253669889814,0.0,1.7,2.3
0.8660000000000008,0.015114981043918431,2.39226610587951,0.9724619781090609,0.0,1.7,2.3
0.8680000000000008,0.014065316584254816,2.3944625267654205,0.9832246730356444,0.0,1.7,2.3
0.8700000000000008,0.01309723092077,2.397097243902,0.9933800375620582,0.0,1.7,2.3
0.8720000000000008,0.012213440742429124,2.4001935730877078,1.0029252320808149,0.0,1.7,2.3
0.8740000000000008,0.01133249966661282,2.4033243363868193,1.012412613200229,0.0,1.7,2.3
0.8760000000000008,0.010519335995767135,2.40683926072115,1.0214108269025712,0.0,1.7,2.3
0.8780000000000008,0.00970160301505743,2.41035330113852,1.0303988625112126,0.0,1.7,2.3
0.8800000000000008,0.008875535611829839,2.41384462571902,1.0393978624844848,0.0,1.7,2.3
0.8820000000000008,0.008008235874684296,2.4171314303238844,1.048616687837343,0.0,1.7,2.3
0.8840000000000008,0.007133444165096657,2.4203917479658865,1.057831786036502,0.0,1.7,2.3
0.8860000000000008,0.006258332641176015,2.4236619988057946,1.066995480242396,0.0,1.7,2.3
0.8880000000000008,0.005420361391502943,2.4271471794832498,1.0758696221424027,0.0,1.7,2.3
0.8900000000000008,0.00457408306239388,2.4305997480565003,1.0847467739720282,0.0,1.7,2.3
0.8920000000000008,0.0035930088199740344,2.433322539434024,1.0944313720662455,0.0,1.7,2.3
0.8940000000000008,0.0025833092237384503,2.4358805321919346,1.1042368852944195,0.0,1.7,2.3
0.8960000000000008,0.001499340524713473,2.4380114021676778,1.1144504015460612,0.0,1.7,2.3
0.8980000000000008,0.00041462697544458066,2.4401152456085757,1.1246087741830249,0.0,1.7,2.3
0.9000000000000008,-0.0006363110826936512,2.442384158405257,1.1344984807894107,0.0,1.7,2.3
0.9020000000000008,-0.0016740107656941434,2.4447109873640773,1.1442542107730598,0.0,1.7,2.3
0.9040000000000008,-0.0027068459561788894,2.447044918568592,1.1539301065210772,0.0,1.7,2.3
0.9060000000000008,-0.003820840889289613,2.448880646210114,1.1640638900057918,0.0,1.7,2.3
0.9080000000000008,-0.004912855948056419,2.450805705749323,1.1740134485553444,0.0,1.7,2.3
0.9100000000000008,-0.006054186337262129,2.452392859460089,1.1842248701450055,0.0,1.7,2.3
0.9120000000000008,-0.007198868753003999,2.453912194391306,1.1944145707804121,0.0,1.7,2.3
0.9140000000000008,-0.008334684294134568,2.4554356142917815,1.2045085165652827,0.0,1.7,2.3
0.9160000000000008,-0.00942318593993514,2.4572193208347968,1.2142681672684128,0.0,1.7,2.3
0.9180000000000008,-0.010477837431887954,2.459190789444245,1.223777716469136,0.0,1.7,2.3
0.9200000000000008,-0.011534920471215408,2.4611294593747224,1.2332632359768265,0.0,1.7,2.3
0.9220000000000008,-0.012583659300305496,2.46309614906259,1.2426588478087828,0.0,1.7,2.3
0.9240000000000008,-0.013727724710373892,2.4643905949466367,1.252615363600977,0.0,1.7,2.3
0.9260000000000008,-0.014913798685685072,2.4653307959280983,1.26280350869202,0.0,1.7,2.3
0.9280000000000008,-0.016128665413952865,2.465989253640687,1.2731427918945426,0.0,1.7,2.3
0.9300000000000008,-0.017286751819471806,2.466973139491263,1.2830931914128114,0.0,1.7,2.3
0.9320000000000008,-0.01845460993670758,2.467823128844437,1.2930736798941358,0.0,1.7,2.3
0.9340000000000008,-0.019676069480516034,2.468208459311256,1.3033636401270492,0.0,1.7,2.3
0.9360000000000008,-0.02086425696484124,2.468761878315684,1.3134123727681781,0.0,1.7,2.3
0.9380000000000008,-0.0220203049434547,2.4694940358606043,1.323224671621513,0.0,1.7,2.3
0.9400000000000008,-0.023228421348866494,2.4697545928464635,1.3333388307916008,0.0,1.7,2.3
0.9420000000000008,-0.024388784575465144,2.470329516695657,1.343114643112383,0.0,1.7,2.3
0.9440000000000008,-0.025549437849966303,2.4708394532864286,1.3528601659060182,0.0,1.7,2.3
0.9460000000000008,-0.026738961860694625,2.4710489854535087,1.3627596864909708,0.0,1.7,2.3
0.9480000000000008,-0.02788950146986043,2.4715244762068314,1.37237417060605,0.0,1.7,2.3
0.9500000000000008,-0.029018523044753664,2.472142734756325,1.3818139923099255,0.0,1.7,2.3
0.9520000000000008,-0.03014464882028988,2.4727478639146354,1.391199544446482,0.0,1.7,2.3
0.9540000000000008,-0.03128873851288983,2.473143720665294,1.4006679904639276,0.0,1.7,2.3
0.9560000000000008,-0.03246364683511414,2.473184333928288,1.4103063018526067,0.0,1.7,2.3
0.9580000000000009,-0.033671763602309085,2.472821035395475,1.4201325736529753,0.0,1.7,2.3
0.9600000000000009,-0.034867208006981044,2.4724789939795286,1.4298452278854428,0.0,1.7,2.3
0.9620000000000009,-0.0360783928978963,2.47188225795514,1.4396317608874636,0.0,1.7,2.3
0.9640000000000009,-0.037271356070588735,2.471378690243695,1.4492657635591895,0.0,1.7,2.3
0.9660000000000009,-0.038425684628366756,2.4712079613865803,1.458608477711614,0.0,1.7,2.3
0.9680000000000009,-0.039527348738407415,2.4715701426955876,1.4675616411432393,0.0,1.7,2.3
0.9700000000000009,-0.04060882811912136,2.472143725174322,1.4763406535788473,0.0,1.7,2.3
0.9720000000000009,-0.041746537867345036,2.472063401738829,1.4854611325491056,0.0,1.7,2.3
0.9740000000000009,-0.042931693052235216,2.4713633214248363,1.4948687390254944,0.0,1.7,2.3
0.9760000000000009,-0.04411774128607433,2.4705413101124982,1.5042512768487544,0.0,1.7,2.3
0.9780000000000009,-0.04531259442143503,2.4694999571453073,1.5136622661588253,0.0,1.7,2.3
0.9800000000000009,-0.04655907500426435,2.4676892131919783,1.5233946448652484,0.0,1.7,2.3
0.9820000000000009,-0.04780887326325492,2.465676772219448,1.5331202447838843,0.0,1.7,2.3
0.9840000000000009,-0.04902413133220451,2.4639594342811404,1.5425784931945492,0.0,1.7,2.3
0.9860000000000009,-0.05026943023625427,2.461703326614806,1.5522112857906316,0.0,1.7,2.3
0.9880000000000009,-0.05151736309975206,2.4592518705096778,1.5618304995252672,0.0,1.7,2.3
0.9900000000000009,-0.05277473293408316,2.4564950310403866,1.5714830636439523,0.0,1.7,2.3
0.9920000000000009,-0.053984186214180135,2.4543133523379232,1.580768982074543,0.0,1.7,2.3
0.9940000000000009,-0.05517951564996945,2.452245135229875,1.5899208616292169,0.0,1.7,2.3
0.9960000000000009,-0.056393956212678814,2.4497884033490607,1.599169195760269,0.0,1.7,2.3
0.9980000000000009,-0.057589533956952696,2.4475226066293767,1.608249366427869,0.0,1.7,2.3
1.0000000000000009,-0.058779507122321,2.445258670968133,1.6172529519674295,0.0,1.7,2.3
1.002000000000001,-0.059950945571554184,2.4432333060882643,1.6260887776741058,0.0,1.7,2.3
1.004000000000001,-0.061112448941185976,2.4413293798188787,1.6348163038489325,0.0,1.7,2.3
1.006000000000001,-0.06223974741593451,2.440008504161922,1.6432649927253808,0.0,1.7,2.3
1.008000000000001,-0.06337562250090804,2.438516302317177,1.651734260365972,0.0,1.7,2.3
1.010000000000001,-0.06453167704485474,2.436608895171716,1.660305395995695,0.0,1.7,2.3
1.012000000000001,-0.06570073284733477,2.4343774169179815,1.6689280335457595,0.0,1.7,2.3
1.014000000000001,-0.06685292935766429,2.4323966807909483,1.6773926288785683,0.0,1.7,2.3
1.016000000000001,-0.06799731607638451,2.430509837473506,1.6857623805718247,0.0,1.7,2.3
1.018000000000001,-0.06913576509702668,2.4287027573179327,1.694050251550615,0.0,1.7,2.3
1.020000000000001,-0.07025555975456449,2.427245408349406,1.702167002138102,0.0,1.7,2.3
1.022000000000001,-0.07139351527374749,2.4253752991942603,1.710370321625094,0.0,1.7,2.3
1.024000000000001,-0.07252715433957381,2.423547366233241,1.7185026340306597,0.0,1.7,2.3
1.026000000000001,-0.07369186281737194,2.4209561618829953,1.7268112835419283,0.0,1.7,2.3
1.028000000000001,-0.0748755293865559,2.4178222213927194,1.7352114452871472,0.0,1.7,2.3
1.030000000000001,-0.0760423855340261,2.4149372071982476,1.743453180714245,0.0,1.7,2.3
1.032000000000001,-0.07719598538268763,2.412272081031942,1.7515615108434883,0.0,1.7,2.3
1.034000000000001,-0.0783237886667877,2.4101759649674053,1.7594487709616746,0.0,1.7,2.3
1.036000000000001,-0.07944698750064945,2.4081707678479645,1.7672627639281109,0.0,1.7,2.3
1.038000000000001,-0.08056087739075748,2.4063817326168717,1.774970463533067,0.0,1.7,2.3
1.040000000000001,-0.08169204697028096,2.404103879942791,1.7827579166695104,0.0,1.7,2.3
1.042000000000001,-0.08281919093663169,2.4018742340703576,1.7904764495541945,0.0,1.7,2.3
1.044000000000001,-0.0839362481983509,2.399867353960637,1.7980835762234157,0.0,1.7,2.3
1.046000000000001,-0.08505023375969098,2.397912930880709,1.8056282490524949,0.0,1.7,2.3
1.048000000000001,-0.08618117373184368,2.3954176732386068,1.813251709921965,0.0,1.7,2.3
1.050000000000001,-0.08731069230651886,2.3928782188960738,1.8208258580507013,0.0,1.7,2.3
1.052000000000001,-0.08845560758031415,2.38974500729889,1.8284709658801428,0.0,1.7,2.3
1.054000000000001,-0.08959037817843676,2.386808982582192,1.836006692346577,0.0,1.7,2.3
1.056000000000001,-0.09070748419459124,2.384324140106636,1.8433796362366002,0.0,1.7,2.3
1.058000000000001,-0.09185560293397287,2.3806756778823814,1.8509385971322276,0.0,1.7,2.3
1.060000000000001,-0.09299050763650228,2.37728262020736,1.8583698857512287,0.0,1.7,2.3
1.062000000000001,-0.09411851570097293,2.3739529807971946,1.8657184157103743,0.0,1.7,2.3
1.064000000000001,-0.09523934492518309,2.3707469538181183,1.8729804419586997,0.0,1.7,2.3
1.066000000000001,-0.0963556866494158,2.367581294726902,1.8801751786912422,0.0,1.7,2.3
1.068000000000001,-0.09745739573331902,2.364946634865774,1.8872226812778332,0.0,1.7,2.3
1.070000000000001,-0.09855898869453439,2.362255790536048,1.8942316686209484,0.0,1.7,2.3
1.072000000000001,-0.09966292634876156,2.359358798406785,1.9012236505581719,0.0,1.7,2.3
1.074000000000001,-0.10077162004640465,2.3560260460767135,1.9082246796829592,0.0,1.7,2.3
1.076000000000001,-0.10187466383457962,2.352750986898774,1.9151533907013245,0.0,1.7,2.3
1.078000000000001,-0.10297580954936111,2.349295302813652,1.9220434516249694,0.0,1.7,2.3
1.080000000000001,-0.1040712465129112,2.3459348571621677,1.9288593987392137,0.0,1.7,2.3
1.082000000000001,-0.10515577265558455,2.3431292875473657,1.9355471133548965,0.0,1.7,2.3
1.084000000000001,-0.10623497280492294,2.340717361794534,1.9421435084359482,0.0,1.7,2.3
1.086000000000001,-0.10731606472909687,2.3381271085019812,1.948719922119035,0.0,1.7,2.3
1.088000000000001,-0.10839963164888855,2.3351555162000457,1.9552926093449365,0.0,1.7,2.3
1.090000000000001,-0.10948172644530786,2.33189976579789,1.9618372632337944,0.0,1.7,2.3
1.092000000000001,-0.11056094696530136,2.3284559835252394,1.968341314399489,0.0,1.7,2.3
1.094000000000001,-0.11163136151862034,2.325836015578569,1.974710072218971,0.0,1.7,2.3
1.096000000000001,-0.11270145237012065,2.323101125291753,1.9810449656737854,0.0,1.7,2.3
1.098000000000001,-0.113770526174583,2.3203467489325753,1.9873365412780737,0.0,1.7,2.3
1.100000000000001,-0.1148376179316928,2.317761335547949,1.9935677891205845,0.0,1.7,2.3
1.102000000000001,-0.11590333987970972,2.3148608429953117,1.9997744294815798,0.0,1.7,2.3
1.104000000000001,-0.11696501082675102,2.311128278231666,2.0059801859966933,0.0,1.7,2.3
1.106000000000001,-0.11801934420272002,2.3072899656512753,2.0121216031082723,0.0,1.7,2.3
1.108000000000001,-0.1190657623875893,2.3033415112953017,2.018196713053673,0.0,1.7,2.3
1.110000000000001,-0.12010402944888897,2.299281769912335,2.0242048249837783,0.0,1.7,2.3
1.112000000000001,-0.1211290592674548,2.2946472287004682,2.0301560994555325,0.0,1.7,2.3
1.114000000000001,-0.1221460067773789,2.2902078758748554,2.0360202658786917,0.0,1.7,2.3
1.116000000000001,-0.12315658077726915,2.286012007117943,2.04180141687377,0.0,1.7,2.3
1.118000000000001,-0.12415076890737059,2.2812277694144925,2.047514041875332,0.0,1.7,2.3
1.120000000000001,-0.12513121702692284,2.2763110155157364,2.0531387199046587,0.0,1.7,2.3
1.122000000000001,-0.12610279461343538,2.2715215389703465,2.058678381030649,0.0,1.7,2.3
1.124000000000001,-0.127071647503572,2.267018162296877,2.064147919223512,0.0,1.7,2.3
1.126000000000001,-0.1280429128405959,2.262849948667883,2.069565259383878,0.0,1.7,2.3
1.128000000000001,-0.12901763749079562,2.2589551402188586,2.0749388260417883,0.0,1.7,2.3
1.130000000000001,-0.12998033067311993,2.2547613845539787,2.0802430644161514,0.0,1.7,2.3
1.132000000000001,-0.13093974740224926,2.2506353549621125,2.085489673545999,0.0,1.7,2.3
1.134000000000001,-0.13190007028147674,2.2466856748324506,2.090688611036967,0.0,1.7,2.3
1.136000000000001,-0.13286863814667724,2.243044744344021,2.0958610765753667,0.0,1.7,2.3
1.138000000000001,-0.13383769299023907,2.2394617220589446,2.1009919232275416,0.0,1.7,2.3
1.140000000000001,-0.13476932199048916,2.235025486479239,2.105986691445984,0.0,1.7,2.3
1.142000000000001,-0.13565557876668669,2.229765713682645,2.110811504253372,0.0,1.7,2.3
1.144000000000001,-0.13652169125766336,2.224408725745265,2.1155216749452985,0.0,1.7,2.3
1.146000000000001,-0.13739862004915265,2.2195650437155594,2.120202956685146,0.0,1.7,2.3
1.148000000000001,-0.13827758232631138,2.214934548199169,2.124839153040484,0.0,1.7,2.3
1.150000000000001,-0.13916138699690958,2.2105067854877114,2.129442214059549,0.0,1.7,2.3
1.152000000000001,-0.14003306471511076,2.205983962143145,2.1339629612590207,0.0,1.7,2.3
1.154000000000001,-0.14086664898230805,2.2009479146723505,2.1383237912975894,0.0,1.7,2.3
1.156000000000001,-0.14172360449247334,2.1964619027998658,2.1427040346757327,0.0,1.7,2.3
1.158000000000001,-0.14256135332712938,2.191784629889671,2.14697984550423,0.0,1.7,2.3
1.160000000000001,-0.14343217790604004,2.187670721098615,2.1513129187036677,0.0,1.7,2.3
1.162000000000001,-0.14433148600190765,2.1839951569668887,2.1556926303400465,0.0,1.7,2.3
1.164000000000001,-0.14521234540802916,2.180040939411819,2.1599762705295236,0.0,1.7,2.3
1.166000000000001,-0.14610976665983688,2.1763339645743067,2.164270866373397,0.0,1.7,2.3
1.168000000000001,-0.1470083074506375,2.1726437749344645,2.168529123383658,0.0,1.7,2.3
1.170000000000001,-0.14790410195484102,2.1689279832223654,2.17273830789209,0.0,1.7,2.3
1.172000000000001,-0.1487535643807308,2.164649704526674,2.176758168700374,0.0,1.7,2.3
1.174000000000001,-0.1496110920280648,2.1605386185982267,2.1807602878213164,0.0,1.7,2.3
1.176000000000001,-0.15043825312323447,2.1561265521416186,2.1846207075660593,0.0,1.7,2.3
1.178000000000001,-0.15126436308261776,2.1517735899042254,2.1884338733538797,0.0,1.7,2.3
1.180000000000001,-0.15205948774507574,2.1471540930289033,2.1921009876347193,0.0,1.7,2.3
1.182000000000001,-0.1528210800788714,2.1422544540961823,2.1956128755044912,0.0,1.7,2.3
1.184000000000001,-0.1535818893748084,2.1374681140301637,2.1990755942390217,0.0,1.7,2.3
1.186000000000001,-0.15430883031259462,2.1324243842283948,2.2023805650325388,0.0,1.7,2.3
1.188000000000001,-0.15508238328221038,2.1279521086634534,2.2057961867307054,0.0,1.7,2.3
1.190000000000001,-0.1558091537352954,2.123088804041143,2.20901112210161,0.0,1.7,2.3
1.192000000000001,-0.15649480081386355,2.117929941070394,2.2120422465506393,0.0,1.7,2.3
1.194000000000001,-0.15711724098417684,2.1123249860957154,2.2148117688193127,0.0,1.7,2.3
1.196000000000001,-0.15770230261251478,2.106539472629323,2.2174059527453673,0.0,1.7,2.3
1.198000000000001,-0.15827418505021998,2.100796731247908,2.219907009913127,0.0,1.7,2.3
1.200000000000001,-0.1588935600231065,2.0955592219013432,2.22252608878584,0.0,1.7,2.3
1.202000000000001,-0.15959284077813238,2.0910258799240244,2.2253785159397474,0.0,1.7,2.3
1.204000000000001,-0.16024910160539024,2.086172872695248,2.228041255901286,0.0,1.7,2.3
1.206000000000001,-0.1608049514636942,2.0806202379139647,2.230311775141401,0.0,1.7,2.3
1.208000000000001,-0.16132834117447956,2.074946628503678,2.2324233840280754,0.0,1.7,2.3
1.210000000000001,-0.16186947267553342,2.069522032954044,2.2345514175396533,0.0,1.7,2.3
1.212000000000001,-0.16240183721285428,2.0641150115423463,2.236605195747964,0.0,1.7,2.3
1.214000000000001,-0.16300504283125247,2.0592577377848404,2.238865370551996,0.0,1.7,2.3
1.216000000000001,-0.16360900076453183,2.054430946714759,2.241087387214138,0.0,1.7,2.3
1.218000000000001,-0.16434544962621575,2.050475964730549,2.2437374605629135,0.0,1.7,2.3
1.220000000000001,-0.16519009894642178,2.0471751143778736,2.246732587730838,0.0,1.7,2.3
1.222000000000001,-0.1660992257996162,2.0442042298522627,2.249920141975572,0.0,1.7,2.3
1.224000000000001,-0.16701403020122027,2.041191276940248,2.253091842841552,0.0,1.7,2.3
1.226000000000001,-0.1677842601373418,2.037205835069062,2.255714530629596,0.0,1.7,2.3
1.228000000000001,-0.16847442182349584,2.032720703728594,2.2580136527876076,0.0,1.7,2.3
1.230000000000001,-0.16914790694831286,2.02816721878608,2.260212367470767,0.0,1.7,2.3
1.232000000000001,-0.16979082315290758,2.023467212801051,2.2622610441022877,0.0,1.7,2.3
1.234000000000001,-0.1704535372774564,2.0189296731536928,2.2643385950536423,0.0,1.7,2.3
1.236000000000001,-0.17110817110065427,2.014386025769813,2.2663459236442134,0.0,1.7,2.3
1.238000000000001,-0.17174301583121457,2.0097634918265608,2.268241510070447,0.0,1.7,2.3
1.240000000000001,-0.17247280267675602,2.0057184888154906,2.2704350408463627,0.0,1.7,2.3
1.242000000000001,-0.17323397875349886,2.0018541358577853,2.272701091382406,0.0,1.7,2.3
1.244000000000001,-0.17404812198764552,1.9982781025285605,2.275117428453959,0.0,1.7,2.3
1.246000000000001,-0.1747893120489725,1.9942972233145388,2.277233190596929,0.0,1.7,2.3
1.248000000000001,-0.17542221698919783,1.9897506257784832,2.2789203985876303,0.0,1.7,2.3
1.250000000000001,-0.17596428700851582,1.9847743137696632,2.2802398159921373,0.0,1.7,2.3
1.2520000000000011,-0.1765107102106214,1.979884592637888,2.2815326794915305,0.0,1.7,2.3
1.2540000000000011,-0.1770874724880104,1.9752099201103426,2.2828927185695664,0.0,1.7,2.3
1.2560000000000011,-0.17757496169183293,1.9701293554029302,2.2838900070096053,0.0,1.7,2.3
1.2580000000000011,-0.17814449406734487,1.9655103484197085,2.285141326741058,0.0,1.7,2.3
1.2600000000000011,-0.17879040771876276,1.9612941089319715,2.2866275711826733,0.0,1.7,2.3
1.2620000000000011,-0.17945455444022113,1.9571724064994096,2.2881399780356797,0.0,1.7,2.3
1.2640000000000011,-0.1800524035895375,1.9527516413598183,2.289372793937167,0.0,1.7,2.3
1.2660000000000011,-0.18059905395129502,1.9481218311518989,2.290379841172985,0.0,1.7,2.3
1.2680000000000011,-0.18113070043470256,1.9434691128833246,2.2912913552059337,0.0,1.7,2.3
1.2700000000000011,-0.18156145963509324,1.9384048426833564,2.2917962439033115,0.0,1.7,2.3
1.2720000000000011,-0.18201431702674,1.9334992347622397,2.292339526955788,0.0,1.7,2.3
1.2740000000000011,-0.18240335109230882,1.9283681790644347,2.2926097827536,0.0,1.7,2.3
1.2760000000000011,-0.18289206968981295,1.9237113311673497,2.2932009534548863,0.0,1.7,2.3
1.2780000000000011,-0.18343329883467793,1.9193027837835634,2.2939426227859383,0.0,1.7,2.3
1.2800000000000011,-0.1839916446215347,1.914974964792121,2.294706846394991,0.0,1.7,2.3
1.2820000000000011,-0.1845357993427241,1.9106052266419606,2.2953794820070215,0.0,1.7,2.3
1.2840000000000011,-0.1850051750228275,1.9059561518909625,2.2957396459377053,0.0,1.7,2.3
1.2860000000000011,-0.18536983331020446,1.9009337573437675,2.2956773636650296,0.0,1.7,2.3
1.2880000000000011,-0.18579649060762768,1.896199190481524,2.295800212802623,0.0,1.7,2.3
1.2900000000000011,-0.18631125461721088,1.8918367807944165,2.2962040414692093,0.0,1.7,2.3
1.2920000000000011,-0.18681427930984376,1.887436951118736,2.2965254551235716,0.0,1.7,2.3
1.2940000000000011,-0.1874357283690658,1.8834927442456049,2.2972396272889606,0.0,1.7,2.3
1.2960000000000012,-0.18788462477051884,1.8789132718704522,2.2972839515560266,0.0,1.7,2.3
1.2980000000000012,-0.18837704409103365,1.8745176611118586,2.297447244145129,0.0,1.7,2.3
1.3000000000000012,-0.18889454642588707,1.8702324772186447,2.297662309322709,0.0,1.7,2.3
1.3020000000000012,-0.18949801589773907,1.866260832310079,2.2981523137847697,0.0,1.7,2.3
1.3040000000000012,-0.19003297728631913,1.8620498489595694,2.298352255214788,0.0,1.7,2.3
1.3060000000000012,-0.1906321479980076,1.8580679776232978,2.2987477710880544,0.0,1.7,2.3
1.3080000000000012,-0.1911664697702945,1.8538706014877884,2.2988662861420255,0.0,1.7,2.3
1.3100000000000012,-0.19157442322921564,1.8492535798363263,2.2984823177475904,0.0,1.7,2.3
1.3120000000000012,-0.19206710132596544,1.8449525780863647,2.2983686440057265,0.0,1.7,2.3
1.3140000000000012,-0.1925010794870137,1.8404726054531528,2.2980000988384224,0.0,1.7,2.3
1.3160000000000012,-0.19299096416555278,1.8361957383932994,2.2977967493139904,0.0,1.7,2.3
1.3180000000000012,-0.19357949369491184,1.8322498496093034,2.2979156266989924,0.0,1.7,2.3
1.3200000000000012,-0.1941524136059162,1.8282545134535784,2.29793795313657,0.0,1.7,2.3
1.3220000000000012,-0.19458673105797836,1.823823442643091,2.297412335390918,0.0,1.7,2.3
1.3240000000000012,-0.19499682157649367,1.8193410121593574,2.296757978275107,0.0,1.7,2.3
1.3260000000000012,-0.1953487117615589,1.814705176150372,2.295850130332107,0.0,1.7,2.3
1.3280000000000012,-0.19568369980584605,1.8100481068778664,2.2948403663937436,0.0,1.7,2.3
1.3300000000000012,-0.1960015718950341,1.8053711060211068,2.2937279145694345,0.0,1.7,2.3
1.3320000000000012,-0.1962013862261264,1.8003783477199613,2.292141949434072,0.0,1.7,2.3
1.3340000000000012,-0.19623176625779726,1.794940185820091,2.289893443192311,0.0,1.7,2.3
1.3360000000000012,-0.19622332981083448,1.789460248367417,2.2874621307446046,0.0,1.7,2.3
1.3380000000000012,-0.19624164698027513,1.7841182461537908,2.285089205831988,0.0,1.7,2.3
1.3400000000000012,-0.19652477129810683,1.7795458041038932,2.283650108299728,0.0,1.7,2.3
1.3420000000000012,-0.19698426989028878,1.7754531666699478,2.282820098105409,0.0,1.7,2.3
1.3440000000000012,-0.1973660835748923,1.771140173187871,2.281665167193234,0.0,1.7,2.3
1.3460000000000012,-0.19757128815691075,1.766373481391475,2.279821441709848,0.0,1.7,2.3
1.3480000000000012,-0.19778676921767707,1.7616696933430152,2.2779760531514226,0.0,1.7,2.3
1.3500000000000012,-0.19814110708870497,1.7573492868418112,2.276601856965553,0.0,1.7,2.3
1.3520000000000012,-0.19857534566138144,1.7532379149519857,2.2754820800552364,0.0,1.7,2.3
1.3540000000000012,-0.19887669232482633,1.748797579173676,2.2738342850223168,0.0,1.7,2.3
1.3560000000000012,-0.19923953918705578,1.7445236978178857,2.272373296399982,0.0,1.7,2.3
1.3580000000000012,-0.19972427770430343,1.7405551350663282,2.2713210863280295,0.0,1.7,2.3
1.3600000000000012,-0.20045665499786935,1.7371709502493629,2.2711397699904006,0.0,1.7,2.3
1.3620000000000012,-0.20131340591154626,1.7340558200810379,2.2713759116354417,0.0,1.7,2.3
1.3640000000000012,-0.20190958105246978,1.7302836041268075,2.2706139354859123,0.0,1.7,2.3
1.3660000000000012,-0.20241244016560908,1.7262838604802206,2.2694689577030744,0.0,1.7,2.3
1.3680000000000012,-0.20286643196709173,1.7221732551165922,2.268104477609767,0.0,1.7,2.3
1.3700000000000012,-0.2032955304634695,1.7180149539877485,2.2666087210836765,0.0,1.7,2.3
1.3720000000000012,-0.2034580944844154,1.713255043797929,2.264092944492947,0.0,1.7,2.3
1.3740000000000012,-0.2035530042619379,1.708378425547084,2.261288910368635,0.0,1.7,2.3
1.3760000000000012,-0.20367577527987102,1.7036076175390644,2.258548145451546,0.0,1.7,2.3
1.3780000000000012,-0.20394961351672405,1.6992023081748875,2.256323834416392,0.0,1.7,2.3
1.3800000000000012,-0.2042769464236418,1.6949312817119682,2.2542569802961796,0.0,1.7,2.3
1.3820000000000012,-0.204641004779637,1.6907497054270177,2.252285798102728,0.0,1.7,2.3
1.3840000000000012,-0.2049714945851292,1.6865126021791659,2.250151907196641,0.0,1.7,2.3
1.3860000000000012,-0.20509411415324386,1.6818629775925664,2.247214757180963,0.0,1.7,2.3
1.3880000000000012,-0.20519322955210462,1.6772056521516685,2.244152784236119,0.0,1.7,2.3
1.3900000000000012,-0.20521749069250306,1.6724385545820468,2.2407776122981047,0.0,1.7,2.3
1.3920000000000012,-0.20525892966950926,1.6677433495852518,2.2374275137206543,0.0,1.7,2.3
1.3940000000000012,-0.20542685722037823,1.66332705393703,2.23450377011845,0.0,1.7,2.3
1.3960000000000012,-0.20550489309095094,1.6587584917349474,2.2312116639838004,0.0,1.7,2.3
1.3980000000000012,-0.20575606987419895,1.6545358183066383,2.228516145222683,0.0,1.7,2.3
1.4000000000000012,-0.20621308605405364,1.6507026764759347,2.226535971585273,0.0,1.7,2.3
1.4020000000000012,-0.2065547867734892,1.6466494830022087,2.224092794339754,0.0,1.7,2.3
1.4040000000000012,-0.20686631767668712,1.642546345877298,2.2214995831715463,0.0,1.7,2.3
1.4060000000000012,-0.2071610190066165,1.638423820674541,2.218805684154177,0.0,1.7,2.3
1.4080000000000013,-0.2073878088759346,1.6341914636276542,2.215824212410229,0.0,1.7,2.3
1.4100000000000013,-0.20771248324872596,1.6301444052460214,2.213162187594639,0.0,1.7,2.3
1.4120000000000013,-0.2081980754744183,1.626382434275299,2.211049248167782,0.0,1.7,2.3
1.4140000000000013,-0.20888084599379844,1.6229534038980982,2.209616527513692,0.0,1.7,2.3
1.4160000000000013,-0.20983204763727856,1.6199681691418297,2.2091233753067643,0.0,1.7,2.3
1.4180000000000013,-0.21086553108699743,1.6170963204687054,2.2088880096921835,0.0,1.7,2.3
1.4200000000000013,-0.21147887352158376,1.6134753675061069,2.207072137578721,0.0,1.7,2.3
1.4220000000000013,-0.21183721646271064,1.6094123966731964,2.204281031839322,0.0,1.7,2.3
1.4240000000000013,-0.21219759461517468,1.6053651055051987,2.2014562849245287,0.0,1.7,2.3
1.4260000000000013,-0.21236345318341243,1.6010021163377395,2.1978787031156926,0.0,1.7,2.3
1.4280000000000013,-0.21245037768497468,1.5965318951260346,2.193972252584143,0.0,1.7,2.3
1.4300000000000013,-0.21249164268234202,1.5920150098653325,2.189859310602436,0.0,1.7,2.3
1.4320000000000013,-0.21259094739507947,1.5876222580727648,2.185919915917651,0.0,1.7,2.3
1.4340000000000013,-0.21264706145405524,1.583185045158559,2.181783605313823,0.0,1.7,2.3
1.4360000000000013,-0.2128277929873838,1.5789684555614887,2.1780644242864398,0.0,1.7,2.3
1.4380000000000013,-0.21298727112134638,1.5747361859418927,2.1742284260435145,0.0,1.7,2.3
1.4400000000000013,-0.21332373044728564,1.5707886442357322,2.1709998484005157,0.0,1.7,2.3
1.4420000000000013,-0.21364793110939473,1.5668304981726917,2.1676864568620706,0.0,1.7,2.3
1.4440000000000013,-0.21401174127761993,1.562938093223923,2.164477502024019,0.0,1.7,2.3
1.4460000000000013,-0.21423089064285908,1.558844637894493,2.160700957448206,0.0,1.7,2.3
1.4480000000000013,-0.21441202728571773,1.5547109026868997,2.156746705318657,0.0,1.7,2.3
1.4500000000000013,-0.21474028182588328,1.5508083323680488,2.1532905842020784,0.0,1.7,2.3
1.4520000000000013,-0.21505823565010562,1.5468970777659032,2.149756830886573,0.0,1.7,2.3
1.4540000000000013,-0.21559146242420976,1.543296792192411,2.1469672699735205,0.0,1.7,2.3
1.4560000000000013,-0.21588530558958474,1.5393622012136938,2.143265026140081,0.0,1.7,2.3
1.4580000000000013,-0.2162479779740097,1.5355333689570259,2.139773983031017,0.0,1.7,2.3
1.4600000000000013,-0.21652158652221903,1.5315921751717185,2.1359197258047833,0.0,1.7,2.3
1.4620000000000013,-0.2169024565654082,1.5278063513460347,2.1324162238569575,0.0,1.7,2.3
1.4640000000000013,-0.21715930329290922,1.5238618898956342,2.128422987041691,0.0,1.7,2.3
1.4660000000000013,-0.21738326448729806,1.5198831198220648,2.124271685438907,0.0,1.7,2.3
1.4680000000000013,-0.21775542567137074,1.5161120433723616,2.1206198595773875,0.0,1.7,2.3
1.4700000000000013,-0.21826942059132942,1.512530178216967,2.117441817287135,0.0,1.7,2.3
1.4720000000000013,-0.21882923514834543,1.5090082444334787,2.114388466623944,0.0,1.7,2.3
1.4740000000000013,-0.21922455503179358,1.505272266369229,2.1106976976999703,0.0,1.7,2.3
1.4760000000000013,-0.21962750097409878,1.5015522870641578,2.106994819876954,0.0,1.7,2.3
1.4780000000000013,-0.2199717742666622,1.4977628233509857,2.1030398651080557,0.0,1.7,2.3
1.4800000000000013,-0.220318262136455,1.4939833189029856,2.0990537452821507,0.0,1.7,2.3
1.4820000000000013,-0.22052423622254552,1.4900331980330086,2.094520706567543,0.0,1.7,2.3
1.4840000000000013,-0.22077603406710644,1.4861503934228169,2.090115305724873,0.0,1.7,2.3
1.4860000000000013,-0.22111294516511973,1.4823818193388327,2.085978803184272,0.0,1.7,2.3
1.4880000000000013,-0.2215135421012136,1.4786968637683022,2.082032538283892,0.0,1.7,2.3
1.4900000000000013,-0.22189469316288188,1.4749915953036359,2.077976233199611,0.0,1.7,2.3
1.4920000000000013,-0.22226774358784482,1.471280604679818,2.0738509901719007,0.0,1.7,2.3
1.4940000000000013,-0.22262703126629627,1.4675578854885438,2.0696367805571803,0.0,1.7,2.3
1.4960000000000013,-0.2229347381535352,1.4637776718436035,2.065197638512497,0.0,1.7,2.3
1.4980000000000013,-0.22324237408031666,1.4600035633281199,2.060719554684821,0.0,1.7,2.3
1.5000000000000013,-0.22350412285497273,1.4561803580450021,2.056037943091468,0.0,1.7,2.3
1.5020000000000013,-0.22375993421614668,1.4523566057303725,2.0512968905130786,0.0,1.7,2.3
1.5040000000000013,-0.22392975116799044,1.4484376871354387,2.0462096930696543,0.0,1.7,2.3
1.5060000000000013,-0.22404387016933644,1.4444608775526935,2.0408862148146194,0.0,1.7,2.3
1.5080000000000013,-0.2241718437042185,1.4405088922208384,2.035576587835578,0.0,1.7,2.3
1.5100000000000013,-0.2243302332589305,1.4365993898707765,2.0303392252347043,0.0,1.7,2.3
1.5120000000000013,-0.22457057702218716,1.43279106505126,2.0253574898733433,0.0,1.7,2.3
1.5140000000000013,-0.22476616912517228,1.4289354607610159,2.0201780338989788,0.0,1.7,2.3
1.5160000000000013,-0.22503400980361207,1.4251679327260254,2.015218186773994,0.0,1.7,2.3
1.5180000000000013,-0.22527296920873502,1.4213714315971107,2.010117251129312,0.0,1.7,2.3
1.5200000000000014,-0.2256007285277316,1.4176802295147362,2.005292835132786,0.0,1.7,2.3
1.5220000000000014,-0.2259639074414417,1.4140324530111288,2.000554031885228,0.0,1.7,2.3
1.5240000000000014,-0.22648646456813668,1.4105675746673263,1.996337534499999,0.0,1.7,2.3
1.5260000000000014,-0.22718166284735228,1.4072991588270387,1.992687304425357,0.0,1.7,2.3
1.5280000000000014,-0.22785866694136928,1.4040097267291611,1.9889250791692228,0.0,1.7,2.3
1.5300000000000014,-0.22849581790535484,1.4006762685734486,1.9849753090444973,0.0,1.7,2.3
1.5320000000000014,-0.228933348546523,1.3971200603492406,1.9802739544898242,0.0,1.7,2.3
1.5340000000000014,-0.22938072620816008,1.393579115725178,1.9755645903918775,0.0,1.7,2.3
1.5360000000000014,-0.22971968373201426,1.3899212295812668,1.9704295797915252,0.0,1.7,2.3
1.5380000000000014,-0.23001300207649034,1.3862176294141164,1.965092445155778,0.0,1.7,2.3
1.5400000000000014,-0.23019347792056216,1.3823945340952304,1.9593175768183977,0.0,1.7,2.3
1.5420000000000014,-0.2303185458750216,1.3785164613005858,1.9533096820241325,0.0,1.7,2.3
1.5440000000000014,-0.23045462431274868,1.3746572416385354,1.947304619722477,0.0,1.7,2.3
1.5460000000000014,-0.23057666580510447,1.370788343087884,1.9412140516847378,0.0,1.7,2.3
1.5480000000000014,-0.23074732998830352,1.3669782396374544,1.9352585962405895,0.0,1.7,2.3
1.5500000000000014,-0.23092680714761868,1.3631824478149726,1.9292975076855436,0.0,1.7,2.3
1.5520000000000014,-0.23116308533224864,1.359452997924829,1.9234982942687784,0.0,1.7,2.3
1.5540000000000014,-0.23141702539736098,1.35574667320075,1.9177228608457302,0.0,1.7,2.3
1.5560000000000014,-0.23170359341387015,1.3520795357993802,1.9120229107262288,0.0,1.7,2.3
1.5580000000000014,-0.23190706206399833,1.3483256273319557,1.9059965779874932,0.0,1.7,2.3
1.5600000000000014,-0.23212612474398847,1.3445921687851454,1.89998811628719,0.0,1.7,2.3
1.5620000000000014,-0.23243846377229402,1.3409632796188005,1.8942659690340689,0.0,1.7,2.3
1.5640000000000014,-0.2327266358334799,1.3373112620482752,1.8884209213231316,0.0,1.7,2.3
1.5660000000000014,-0.23312528297525417,1.3337821596072708,1.8829168518946806,0.0,1.7,2.3
1.5680000000000014,-0.23353962315219226,1.3302733017224317,1.8774246799523966,0.0,1.7,2.3
1.5700000000000014,-0.2339269256413636,1.3267383774924322,1.8717977743206007,0.0,1.7,2.3
1.5720000000000014,-0.23423184456248014,1.323117258315731,1.8658487450662944,0.0,1.7,2.3
1.5740000000000014,-0.2345832318430685,1.3195494386620352,1.8600203164075304,0.0,1.7,2.3
1.5760000000000014,-0.23486480353778175,1.3159086750112898,1.8539156565977928,0.0,1.7,2.3
1.5780000000000014,-0.23516103444679082,1.3122863801079505,1.8478233806859015,0.0,1.7,2.3
1.5800000000000014,-0.23544425958158371,1.308652236744329,1.8416507353571745,0.0,1.7,2.3
1.5820000000000014,-0.23567845288364425,1.3049669920143239,1.8352752875412566,0.0,1.7,2.3
1.5840000000000014,-0.2360066947825705,1.3013859957396814,1.8291818415476615,0.0,1.7,2.3
1.5860000000000014,-0.23636403100938755,1.2978392343261658,1.823147014261985,0.0,1.7,2.3
1.5880000000000014,-0.2367559093906446,1.2943327199717236,1.8171885586733967,0.0,1.7,2.3
1.5900000000000014,-0.23700516887568038,1.2906726711046856,1.8107135337721172,0.0,1.7,2.3
1.5920000000000014,-0.23725260036162293,1.2870118038107803,1.8041981867690424,0.0,1.7,2.3
1.5940000000000014,-0.23745432651062934,1.2833015650960753,1.7974975042090748,0.0,1.7,2.3
1.5960000000000014,-0.23763458297504733,1.2795679684360208,1.7906936148199295,0.0,1.7,2.3
1.5980000000000014,-0.23770521947737908,1.2757126829926297,1.7834983306366814,0.0,1.7,2.3
1.6000000000000014,-0.23771736256324785,1.271790543036951,1.7760852728298437,0.0,1.7,2.3
1.6020000000000014,-0.23775725967755637,1.2678964068668266,1.768739621982742,0.0,1.7,2.3
1.6040000000000014,-0.23783708695212816,1.2640446258581381,1.7614979057349378,0.0,1.7,2.3
1.6060000000000014,-0.23788771350748342,1.2601579881785265,1.75413418858435,0.0,1.7,2.3
1.6080000000000014,-0.23794726507165329,1.2562789510212817,1.7467726546954678,0.0,1.7,2.3
1.6100000000000014,-0.23801311351180632,1.2524044652500501,1.7394046987806826,0.0,1.7,2.3
1.6120000000000014,-0.23814945855943354,1.2486089070963486,1.732231675204464,0.0,1.7,2.3
1.6140000000000014,-0.2383207787789203,1.2448529248401397,1.7251368786375403,0.0,1.7,2.3
1.6160000000000014,-0.2384729614493437,1.2410749103587573,1.7179472294261675,0.0,1.7,2.3
1.6180000000000014,-0.23866135372829117,1.2373384684002506,1.7108379052623928,0.0,1.7,2.3
1.6200000000000014,-0.2388386539333646,1.2335888137760789,1.7036600967528137,0.0,1.7,2.3
1.6220000000000014,-0.23893124654224152,1.229738160520717,1.6961886942941988,0.0,1.7,2.3
1.6240000000000014,-0.2390156112915948,1.2258744686764056,1.6886653379383374,0.0,1.7,2.3
1.6260000000000014,-0.23904885066698187,1.2219454643431966,1.6809614442677945,0.0,1.7,2.3
1.6280000000000014,-0.2390810156336172,1.2180104553871014,1.6732306400173782,0.0,1.7,2.3
1.6300000000000014,-0.23906106038055225,1.2140059946154573,1.6653228834976623,0.0,1.7,2.3
1.6320000000000014,-0.23894138856827118,1.2098724331886002,1.6570993769058697,0.0,1.7,2.3
1.6340000000000015,-0.23881487212065067,1.2057191081259013,1.6488468596614287,0.0,1.7,2.3
1.6360000000000015,-0.23857053599511902,1.2014077327785702,1.6402400420400693,0.0,1.7,2.3
1.6380000000000015,-0.23834880477475417,1.197110052557203,1.6316973378411586,0.0,1.7,2.3
1.6400000000000015,-0.23806072122360963,1.1927143344769262,1.6229600197914373,0.0,1.7,2.3
1.6420000000000015,-0.23788680102690493,1.188452456981375,1.6145404847888223,0.0,1.7,2.3
1.6440000000000015,-0.23768826538581778,1.184148993436933,1.6060379698128318,0.0,1.7,2.3
1.6460000000000015,-0.23756350323967582,1.1799344267912633,1.5977224211487417,0.0,1.7,2.3
1.6480000000000015,-0.2373226024886426,1.1755555008310177,1.5890754853106475,0.0,1.7,2.3
1.6500000000000015,-0.2370339957258219,1.1710998659885925,1.580291895323999,0.0,1.7,2.3
1.6520000000000015,-0.236741933563949,1.1666227138064806,1.571500853878164,0.0,1.7,2.3
1.6540000000000015,-0.2363658869872099,1.1620147649208439,1.5624867551727177,0.0,1.7,2.3
1.6560000000000015,-0.23597011660892087,1.1573594711299318,1.55342986408688,0.0,1.7,2.3
1.6580000000000015,-0.23544676975671786,1.1525028898799337,1.544058521099944,0.0,1.7,2.3
1.6600000000000015,-0.23491078259573012,1.1476027258420163,1.5346763644809527,0.0,1.7,2.3
1.6620000000000015,-0.23432059245409068,1.1425984398631763,1.5251814657141909,0.0,1.7,2.3
1.6640000000000015,-0.23367524123261055,1.1374857289195721,1.5155780730241148,0.0,1.7,2.3
1.6660000000000015,-0.2329678648852162,1.132251577397705,1.5058562421758261,0.0,1.7,2.3
1.6680000000000015,-0.23225756942531683,1.126983237829897,1.4961584668113443,0.0,1.7,2.3
1.6700000000000015,-0.23149530872992574,1.1216062982323414,1.4863713351257137,0.0,1.7,2.3
1.6720000000000015,-0.23070995038352965,1.116163295264766,1.4765648140139112,0.0,1.7,2.3
1.6740000000000015,-0.22982108762052497,1.1105239463963457,1.4665719951168135,0.0,1.7,2.3
1.6760000000000015,-0.2289008926787894,1.1047988741620052,1.4565579807600233,0.0,1.7,2.3
1.6780000000000015,-0.22787564980708547,1.0988639100709474,1.4463811751346207,0.0,1.7,2.3
1.6800000000000015,-0.22681425843234512,1.0928296518089387,1.436188013490814,0.0,1.7,2.3
1.6820000000000015,-0.22570501113425487,1.0866742014898787,1.4259620007530176,0.0,1.7,2.3
1.6840000000000015,-0.22453596528332062,1.0803763263316695,1.4156839129493195,0.0,1.7,2.3
1.6860000000000015,-0.22328775355306715,1.0738972656167571,1.405332880548922,0.0,1.7,2.3
1.6880000000000015,-0.2219456291203436,1.067205799066167,1.3948982989214704,0.0,1.7,2.3
1.6900000000000015,-0.22048067542257532,1.0602416428346018,1.3843565398777318,0.0,1.7,2.3
1.6920000000000015,-0.21891666675800478,1.0530410882912962,1.3737671743822517,0.0,1.7,2.3
1.6940000000000015,-0.21723003319362538,1.045552758975699,1.3631206724135043,0.0,1.7,2.3
1.6960000000000015,-0.21545529928668336,1.0378373970606458,1.3524836441139951,0.0,1.7,2.3
1.6980000000000015,-0.21356509974786003,1.0298356696677033,1.3418486001327588,0.0,1.7,2.3
1.7000000000000015,-0.21151122296470734,1.0214484585266983,1.3311832758119222,0.0,1.7,2.3
1.7020000000000015,-0.20943746141041406,1.0129546019152424,1.320678465807542,0.0,1.7,2.3
1.7040000000000015,-0.2072339137255808,1.004135596896914,1.3102311089004717,0.0,1.7,2.3
1.7060000000000015,-0.20491294493132564,0.9950121018646008,1.2998904180156308,0.0,1.7,2.3
1.7080000000000015,-0.20238183283841388,0.9853849773700499,1.2896449331054523,0.0,1.7,2.3
1.7100000000000015,-0.19971293508777774,0.9754006123433451,1.2796033559373645,0.0,1.7,2.3
1.7120000000000015,-0.1968844356990253,0.9650111804126098,1.2698176142916975,0.0,1.7,2.3
1.7140000000000015,-0.19382813304327742,0.95407206307198,1.260331782968294,0.0,1.7,2.3
1.7160000000000015,-0.190631549281352,0.94277512315668,1.2512533741544063,0.0,1.7,2.3
1.7180000000000015,-0.18716841201890466,0.9308534053246158,1.2426786630582756,0.0,1.7,2.3
1.7200000000000015,-0.1835252945537379,0.918509492367312,1.2346968812814882,0.0,1.7,2.3
1.7220000000000015,-0.17979311872090462,0.9059622839867888,1.2273551149276791,0.0,1.7,2.3
1.7240000000000015,-0.17582106798653754,0.8929064962965484,1.220825877806796,0.0,1.7,2.3
1.7260000000000015,-0.17169343443804622,0.8795607924897154,1.215181863973492,0.0,1.7,2.3
1.7280000000000015,-0.16741855050809132,0.8659830444916035,1.210532958587906,0.0,1.7,2.3
1.7300000000000015,-0.16311671460742108,0.8524688187893461,1.2067692998815522,0.0,1.7,2.3
1.7320000000000015,-0.15869642326936334,0.8388782981367171,1.204145608867198,0.0,1.7,2.3
1.7340000000000015,-0.15427092968936526,0.8254855105238921,1.2024791357738491,0.0,1.7,2.3
1.7360000000000015,-0.14987589546434626,0.8124128851481814,1.2017512821312841,0.0,1.7,2.3
1.7380000000000015,-0.1454528073579685,0.7996003357494942,1.2021632054049836,0.0,1.7,2.3
1.7400000000000015,-0.141151684719318,0.7873470596972284,1.2032330558029993,0.0,1.7,2.3
1.7420000000000015,-0.13686907533673684,0.7755482356911543,1.2054028337898277,0.0,1.7,2.3
1.7440000000000015,-0.13271645068514387,0.7643667773715437,1.208110125926375,0.0,1.7,2.3
1.7460000000000016,-0.12867190031145007,0.7538031033465747,1.2114335997811416,0.0,1.7,2.3
1.7480000000000016,-0.1247397882802526,0.7438424577374173,1.2152204668310582,0.0,1.7,2.3
1.7500000000000016,-0.12091662286441625,0.7345083662454136,1.2194693250747592,0.0,1.7,2.3
1.7520000000000016,-0.11719330337770999,0.7257986320559293,1.2241740152651526,0.0,1.7,2.3
1.7540000000000016,-0.11358343756306638,0.7176732398930136,1.2290797919636485,0.0,1.7,2.3
1.7560000000000016,-0.11006636312845175,0.7101610845887112,1.234345149462711,0.0,1.7,2.3
1.7580000000000016,-0.10664604641851494,0.7031493608679864,1.2396683145954894,0.0,1.7,2.3
1.7600000000000016,-0.10330848260227511,0.6966459389174362,1.245131907499115,0.0,1.7,2.3
1.7620000000000016,-0.10004390468919641,0.690462579530817,1.2504442296328242,0.0,1.7,2.3
1.7640000000000016,-0.09684055262452819,0.6846269474499022,1.2557257874040302,0.0,1.7,2.3
1.7660000000000016,-0.0936914321895495,0.6791760424804315,1.2610742751222566,0.0,1.7,2.3
1.7680000000000016,-0.09059022399608183,0.6740147422351946,1.2663541406157206,0.0,1.7,2.3
1.7700000000000016,-0.08753583743204019,0.6692324448121815,1.2717026000467635,0.0,1.7,2.3
1.7720000000000016,-0.08451729765874591,0.6646686832783576,1.2769358577680876,0.0,1.7,2.3
1.7740000000000016,-0.08153816466000563,0.6604548272054204,1.282216071997943,0.0,1.7,2.3
1.7760000000000016,-0.07858935874567057,0.6564770985478388,1.2874322325839984,0.0,1.7,2.3
1.7780000000000016,-0.07567616453641672,0.6528519972164725,1.2926958620913682,0.0,1.7,2.3
1.7800000000000016,-0.07278797994757008,0.6494449250248211,1.2978934105170332,0.0,1.7,2.3
1.7820000000000016,-0.06992137285830248,0.646227529306541,1.3030035916389104,0.0,1.7,2.3
1.7840000000000016,-0.06708334134231574,0.6433319797198404,1.308153765384472,0.0,1.7,2.3
1.7860000000000016,-0.06425530290791208,0.6404987877974329,1.313137364665521,0.0,1.7,2.3
1.7880000000000016,-0.06145354241412888,0.6379829481378674,1.3181638011808288,0.0,1.7,2.3
1.7900000000000016,-0.05865118274504218,0.6354091298775317,1.3229704466134156,0.0,1.7,2.3
1.7920000000000016,-0.0558781006207456,0.6332138792400883,1.3278671778525046,0.0,1.7,2.3
1.7940000000000016,-0.05310431741442809,0.6309777768280918,1.3325814959301812,0.0,1.7,2.3
1.7960000000000016,-0.0503601352701414,0.6291326358571346,1.3373860103062505,0.0,1.7,2.3
1.7980000000000016,-0.04761109691483483,0.6271975012308603,1.341998641892803,0.0,1.7,2.3
1.8000000000000016,-0.04488637318776851,0.6255815010847993,1.346656847001332,0.0,1.7,2.3
1.8020000000000016,-0.04216389667325799,0.6239785259864086,1.3512011987586616,0.0,1.7,2.3
1.8040000000000016,-0.03944550063782148,0.6224117053976573,1.3556421102289005,0.0,1.7,2.3
1.8060000000000016,-0.03675274945204785,0.621179933291301,1.3601482950219463,0.0,1.7,2.3
1.8080000000000016,-0.034049442445273595,0.6197786628853972,1.3644567980183002,0.0,1.7,2.3
1.8100000000000016,-0.03138615359517605,0.6188982740104247,1.3689146545951594,0.0,1.7,2.3
1.8120000000000016,-0.02870805250986845,0.6177856174766047,1.373158797095125,0.0,1.7,2.3
1.8140000000000016,-0.026065867419489762,0.6171209170044742,1.377508862060169,0.0,1.7,2.3
1.8160000000000016,-0.023414726154155886,0.6162983814783133,1.3816942255047489,0.0,1.7,2.3
1.8180000000000016,-0.020792725256432908,0.6158145644975402,1.3859331428677952,0.0,1.7,2.3
1.8200000000000016,-0.01816077447927471,0.6151576722824327,1.3900143160838607,0.0,1.7,2.3
1.8220000000000016,-0.015549104528902489,0.6147102891492878,1.3940976502642475,0.0,1.7,2.3
1.8240000000000016,-0.012934999404773325,0.614187022215669,1.398075253160078,0.0,1.7,2.3
1.8260000000000016,-0.010322864947540249,0.6136358489906072,1.4019667054760754,0.0,1.7,2.3
1.8280000000000016,-0.007732350645120368,0.6133024713250478,1.4058729991748593,0.0,1.7,2.3
1.8300000000000016,-0.0051333155257989056,0.6128084092543634,1.4096483521600243,0.0,1.7,2.3
1.8320000000000016,-0.0025628036180231468,0.6125983247681712,1.413462671044227,0.0,1.7,2.3
1.8340000000000016,2.2427666493650475e-05,0.6121582118366513,1.4171283736042606,0.0,1.7,2.3
1.8360000000000016,0.0025779386267731725,0.6119991202822065,1.4208315684604322,0.0,1.7,2.3
1.8380000000000016,0.0051401263763030045,0.6117058769226951,1.4244265917613388,0.0,1.7,2.3
1.8400000000000016,0.007691586088129533,0.611470336441352,1.4279818755543285,0.0,1.7,2.3
1.8420000000000016,0.01024293122530413,0.6111836444775891,1.4314633706928208,0.0,1.7,2.3
1.8440000000000016,0.012797782813373388,0.6108067975094019,1.4348591506682118,0.0,1.7,2.3
1.8460000000000016,0.015337622696295171,0.6105385033609342,1.4382378149148183,0.0,1.7,2.3
1.8480000000000016,0.017897739101653983,0.6100184346587216,1.4414816490436968,0.0,1.7,2.3
1.8500000000000016,0.02044290469055866,0.6096084390128785,1.4447108134832658,0.0,1.7,2.3
1.8520000000000016,0.023013374593879463,0.6089195538383356,1.4478017415107334,0.0,1.7,2.3
1.8540000000000016,0.025583808012490526,0.6082044143364523,1.450836649906216,0.0,1.7,2.3
1.8560000000000016,0.028161057605971415,0.6074075867052352,1.4537997734791621,0.0,1.7,2.3
1.8580000000000017,0.030751088515864635,0.6064719744740169,1.4566731170956024,0.0,1.7,2.3
1.8600000000000017,0.033332177296974144,0.6056065950989998,1.4595231089247904,0.0,1.7,2.3
1.8620000000000017,0.03593297204561909,0.6045467045427595,1.4622673672177324,0.0,1.7,2.3
1.8640000000000017,0.038515985331276564,0.6036348336934997,1.4650118750284469,0.0,1.7,2.3
1.8660000000000017,0.04113944165461165,0.6023577696849176,1.4676005882665641,0.0,1.7,2.3
1.8680000000000017,0.043732348618644196,0.6013396905601929,1.470222783526448,0.0,1.7,2.3
1.8700000000000017,0.04634205936797133,0.6001675295402714,1.472753701681456,0.0,1.7,2.3
1.8720000000000017,0.04892671079642576,0.5991915848495706,1.4752968314316288,0.0,1.7,2.3
1.8740000000000017,0.05151465115225415,0.5981705041957,1.4777803392433795,0.0,1.7,2.3
1.8760000000000017,0.054065568527261354,0.5974256672121008,1.480296727298425,0.0,1.7,2.3
1.8780000000000017,0.05662649910673093,0.5965716530115803,1.482733767410476,0.0,1.7,2.3
1.8800000000000017,0.059173099157033615,0.5957982679374917,1.485145429152724,0.0,1.7,2.3
1.8820000000000017,0.0617104743337951,0.5950697479471182,1.487522383971657,0.0,1.7,2.3
1.8840000000000017,0.06425108347572538,0.5942790380041371,1.489832911436593,0.0,1.7,2.3
1.8860000000000017,0.06675272323466533,0.5937533030921718,1.4921695315132226,0.0,1.7,2.3
1.8880000000000017,0.06927856094276537,0.5930039471136278,1.4943948406361551,0.0,1.7,2.3
1.8900000000000017,0.07176670955882661,0.5924981801006632,1.4966387803880286,0.0,1.7,2.3
1.8920000000000017,0.0742669488767788,0.591862903697959,1.4987984651439201,0.0,1.7,2.3
1.8940000000000017,0.07672327526628035,0.5914998316603904,1.500982385286179,0.0,1.7,2.3
1.8960000000000017,0.0791982944041052,0.5909601421615441,1.5030699511079733,0.0,1.7,2.3
1.8980000000000017,0.08163115757260439,0.5906660081462632,1.5051729403706635,0.0,1.7,2.3
1.9000000000000017,0.08406237511320747,0.5903356754446881,1.5072171637138694,0.0,1.7,2.3
1.9020000000000017,0.08647828786447533,0.5900563905341186,1.509224822458275,0.0,1.7,2.3
1.9040000000000017,0.08887315437376274,0.5898678545623858,1.5112066671489486,0.0,1.7,2.3
1.9060000000000017,0.09127758961846198,0.5895679756475276,1.513111165702522,0.0,1.7,2.3
1.9080000000000017,0.09366284281193724,0.5893455382834395,1.5149867742634724,0.0,1.7,2.3
1.9100000000000017,0.09603176853151069,0.5891786949710466,1.5168277498359863,0.0,1.7,2.3
1.9120000000000017,0.0983962672754199,0.5889912449850486,1.5186151816219018,0.0,1.7,2.3
1.9140000000000017,0.10073204297296792,0.5889299505262907,1.520385031999404,0.0,1.7,2.3
1.9160000000000017,0.10307838718745285,0.588759268313867,1.5220805171634544,0.0,1.7,2.3
1.9180000000000017,0.10540121152155658,0.5886814198478085,1.5237505235712494,0.0,1.7,2.3
1.9200000000000017,0.10773702399956184,0.5884888930327332,1.5253465247287092,0.0,1.7,2.3
1.9220000000000017,0.1100709731773123,0.5882693765145414,1.5268896893596575,0.0,1.7,2.3
1.9240000000000017,0.11241370530632,0.5879709293670964,1.5283690405902022,0.0,1.7,2.3
1.9260000000000017,0.11475598280766168,0.587645024542071,1.5297966144613242,0.0,1.7,2.3
1.9280000000000017,0.11711062757328843,0.5872291030789956,1.531159054784779,0.0,1.7,2.3
1.9300000000000017,0.11946517639721198,0.586789479992997,1.5324714056214843,0.0,1.7,2.3
1.9320000000000017,0.12180781001351515,0.5863926103629805,1.5337491669210719,0.0,1.7,2.3
1.9340000000000017,0.12417108715182484,0.5858652760494621,1.5349532669205634,0.0,1.7,2.3
1.9360000000000017,0.12651092482956178,0.5854408005480697,1.536136238060182,0.0,1.7,2.3
1.9380000000000017,0.12888953492336253,0.5848008969989512,1.5372278222281022,0.0,1.7,2.3
1.9400000000000017,0.1312417101163416,0.5842799448952312,1.538301889103201,0.0,1.7,2.3
1.9420000000000017,0.13363136584627425,0.5835593589840077,1.5392891799368413,0.0,1.7,2.3
1.9440000000000017,0.135998876778897,0.5829363166149427,1.5402542163195823,0.0,1.7,2.3
1.9460000000000017,0.1384003562157809,0.5821384910093642,1.5411387421287424,0.0,1.7,2.3
1.9480000000000017,0.14078477223349872,0.5814139552811695,1.541995765729539,0.0,1.7,2.3
1.9500000000000017,0.1431935542236037,0.5805662266018383,1.542783865141383,0.0,1.7,2.3
1.9520000000000017,0.14558570979086444,0.579788889040234,1.5435436247677963,0.0,1.7,2.3
1.9540000000000017,0.14799414517290235,0.5789288921518483,1.5442432124695473,0.0,1.7,2.3
1.9560000000000017,0.15039104865330863,0.578113893655669,1.54490885495797,0.0,1.7,2.3
1.9580000000000017,0.15277798984798813,0.5773366593379696,1.54553904540013,0.0,1.7,2.3
1.9600000000000017,0.15515042630492795,0.5766129222555083,1.5461363010302198,0.0,1.7,2.3
1.9620000000000017,0.15749732724599397,0.5759912529115402,1.5467103340628738,0.0,1.7,2.3
1.9640000000000017,0.15983992342670444,0.5753715256907559,1.5472402695688565,0.0,1.7,2.3
1.9660000000000017,0.16215095406332805,0.5748742496699516,1.547750221735688,0.0,1.7,2.3
1.9680000000000017,0.16445239828416763,0.5743978050356099,1.5482193530466397,0.0,1.7,2.3
1.9700000000000017,0.16671850447157302,0.5740524176381189,1.548669205801904,0.0,1.7,2.3
1.9720000000000018,0.16895919568608528,0.5737895075179555,1.5490895634394337,0.0,1.7,2.3
1.9740000000000018,0.17115722815635936,0.5736786123985698,1.5494934757864047,0.0,1.7,2.3
1.9760000000000018,0.1733393375139198,0.5736018400271911,1.5498577454358264,0.0,1.7,2.3
1.9780000000000018,0.17549366685699058,0.573607606078209,1.550191634643661,0.0,1.7,2.3
1.9800000000000018,0.17764503759213493,0.573592337949462,1.5504756247714224,0.0,1.7,2.3
1.9820000000000018,0.1797931012921909,0.5735595340061647,1.550710824070707,0.0,1.7,2.3
1.9840000000000018,0.18193073232816478,0.5735388598234603,1.550903022435053,0.0,1.7,2.3
1.9860000000000018,0.18406531973404183,0.5735019517184226,1.5510472899560774,0.0,1.7,2.3
1.9880000000000018,0.18619306951269846,0.5734634896920069,1.5511464159126729,0.0,1.7,2.3
1.9900000000000018,0.18830219806440746,0.5734708829565133,1.551209299623257,0.0,1.7,2.3
1.9920000000000018,0.1904314899000448,0.5733735668526632,1.551208932651204,0.0,1.7,2.3
1.9940000000000018,0.19253136138076635,0.5733646970393395,1.5511803215497098,0.0,1.7,2.3
1.9960000000000018,0.19466409608063587,0.5732081975981765,1.5510817157468366,0.0,1.7,2.3
1.9980000000000018,0.19676929387477932,0.5731337280088209,1.5509539990895647,0.0,1.7,2.3
2.0000000000000018,0.1988983919133792,0.5729504290817333,1.550763895524178,0.0,1.7,2.3
2.0020000000000016,0.2009999881290425,0.5728485106807601,1.5505446885003578,0.0,1.7,2.3
2.0040000000000013,0.20314516298952215,0.5725710226055094,1.5502522205272158,0.0,1.7,2.3
2.006000000000001,0.20526190592002533,0.5723797996223251,1.5499317573942177,0.0,1.7,2.3
2.008000000000001,0.20740701566072486,0.5720732393764534,1.5495490121476356,0.0,1.7,2.3
2.0100000000000007,0.2095301508646754,0.5718292304460948,1.5491342675761062,0.0,1.7,2.3
2.0120000000000005,0.21166919223568834,0.5715168100804617,1.5486655697031801,0.0,1.7,2.3
2.0140000000000002,0.21379875637746576,0.5712227515699265,1.5481574814538608,0.0,1.7,2.3
2.016,0.21592172227921694,0.5709398891537986,1.5476090596992427,0.0,1.7,2.3
2.018,0.21807662791511437,0.5705341903743549,1.546997794984259,0.0,1.7,2.3
2.0199999999999996,0.22019909798147097,0.5702294136039514,1.5463613369168978,0.0,1.7,2.3
2.0219999999999994,0.22237614937564454,0.5697293143517023,1.5456503523446,0.0,1.7,2.3
2.023999999999999,0.22450212961676932,0.5693920975379199,1.544924417718699,0.0,1.7,2.3
2.025999999999999,0.22666656013089537,0.5689165458662345,1.5441336659171798,0.0,1.7,2.3
2.0279999999999987,0.22877958738025134,0.5686010945878193,1.5433273378050023,0.0,1.7,2.3
2.0299999999999985,0.2309186386143303,0.5681890681207827,1.542463238989534,0.0,1.7,2.3
2.0319999999999983,0.23300709035756004,0.5679303731418189,1.5415823636725017,0.0,1.7,2.3
2.033999999999998,0.23511941878988177,0.5675822312934903,1.540645070335695,0.0,1.7,2.3
2.035999999999998,0.23719037390557043,0.5673542469960066,1.5396856047815624,0.0,1.7,2.3
2.0379999999999976,0.2392655952079074,0.567099819320192,1.5386801945878301,0.0,1.7,2.3
2.0399999999999974,0.24132594630642268,0.5668785686555844,1.5376385911241663,0.0,1.7,2.3
2.041999999999997,0.2433742738228778,0.5666821623021226,1.5365595724434638,0.0,1.7,2.3
2.043999999999997,0.24540825253731016,0.5665160025709245,1.535444098474611,0.0,1.7,2.3
2.0459999999999967,0.24742977923356876,0.5663745073271155,1.5342913953602089,0.0,1.7,2.3
2.0479999999999965,0.24942706312462706,0.566292110499209,1.5331071683232682,0.0,1.7,2.3
2.0499999999999963,0.25139700235868784,0.5662777202625886,1.5318930162351239,0.0,1.7,2.3
2.051999999999996,0.2533650338975656,0.5662517681150943,1.5306362649209815,0.0,1.7,2.3
2.053999999999996,0.25529271495987066,0.5663309287937782,1.5293559638269771,0.0,1.7,2.3
2.0559999999999956,0.2572073752584847,0.5664305229393218,1.5280386758471707,0.0,1.7,2.3
2.0579999999999954,0.2590918379550322,0.5666011886387282,1.5266928423073625,0.0,1.7,2.3
2.059999999999995,0.2609421723850446,0.5668525034864278,1.5253203575189807,0.0,1.7,2.3
2.061999999999995,0.2627708554142244,0.567146399072001,1.5239153544337292,0.0,1.7,2.3
2.0639999999999947,0.2645678981395899,0.5675103978104935,1.5224827165769899,0.0,1.7,2.3
2.0659999999999945,0.26633099488412004,0.567950247882082,1.5210237485745064,0.0,1.7,2.3
2.0679999999999943,0.26808157862576415,0.5684024536473861,1.5195284887525486,0.0,1.7,2.3
2.069999999999994,0.26979735310137526,0.5689309825616526,1.518007777154374,0.0,1.7,2.3
2.071999999999994,0.27150349925004097,0.569463040064702,1.5164500239632828,0.0,1.7,2.3
2.0739999999999936,0.2731825839063458,0.5700481100042466,1.5148637450064746,0.0,1.7,2.3
2.0759999999999934,0.2748430082369167,0.570661445419369,1.5132453160456265,0.0,1.7,2.3
2.077999999999993,0.27647505145439333,0.5713300715425902,1.5115996196418564,0.0,1.7,2.3
2.079999999999993,0.2781166426130672,0.5719493907942622,1.50990920388026,0.0,1.7,2.3
2.0819999999999927,0.2797426466416807,0.5725903066364286,1.508186106090404,0.0,1.7,2.3
2.0839999999999925,0.2813913791422348,0.5731496630467601,1.506412589969038,0.0,1.7,2.3
2.0859999999999923,0.2830137647554003,0.5737615204549653,1.504611901365254,0.0,1.7,2.3
2.087999999999992,0.2846699772695691,0.574265186753466,1.502755906332597,0.0,1.7,2.3
2.089999999999992,0.28624738484188494,0.5749593271550827,1.5008981780378416,0.0,1.7,2.3
2.0919999999999916,0.2878961189876765,0.57544842839552,1.4989676859073942,0.0,1.7,2.3
2.0939999999999914,0.2894320786968605,0.576212904742018,1.49705261896506,0.0,1.7,2.3
2.095999999999991,0.2910552831376144,0.576734767952069,1.4950572494434895,0.0,1.7,2.3
2.097999999999991,0.29259355525142855,0.5774562961027836,1.493064992409831,0.0,1.7,2.3
2.0999999999999908,0.2941585136789776,0.5780941734817089,1.4910216819637125,0.0,1.7,2.3
2.1019999999999905,0.29570907568444743,0.5787495886927898,1.4889481861976754,0.0,1.7,2.3
2.1039999999999903,0.2971974506072075,0.5795459650441789,1.4868676741868816,0.0,1.7,2.3
2.10599999999999,0.29873669552818766,0.5801956182631067,1.484725533888445,0.0,1.7,2.3
2.10799999999999,0.3001572391509797,0.5811233705829667,1.4826057978530212,0.0,1.7,2.3
2.1099999999999897,0.3016722556929919,0.5817987655590426,1.4804027621720977,0.0,1.7,2.3
2.1119999999999894,0.30303155809470134,0.5828375512503964,1.4782428555829858,0.0,1.7,2.3
2.113999999999989,0.3044979401713156,0.5835965542350549,1.4759930547913396,0.0,1.7,2.3
2.115999999999989,0.3057958235408941,0.5847425270355224,1.4737957962400106,0.0,1.7,2.3
2.117999999999989,0.30718193772527574,0.5856570921780945,1.4715182840296002,0.0,1.7,2.3
2.1199999999999886,0.30843806832662335,0.5868592337553152,1.4692763183361561,0.0,1.7,2.3
2.1219999999999883,0.30973628656523194,0.5879422483150905,1.4669784278602096,0.0,1.7,2.3
2.123999999999988,0.3109748131699758,0.5891425110017792,1.4646810047751384,0.0,1.7,2.3
2.125999999999988,0.3121575909962351,0.5904528322189359,1.4623815524276353,0.0,1.7,2.3
2.1279999999999877,0.3133606503279359,0.5916919538986758,1.4600407038372942,0.0,1.7,2.3
2.1299999999999875,0.31442624614212006,0.5932255010238826,1.4577460780811766,0.0,1.7,2.3
2.1319999999999872,0.31556042176003934,0.5945773281854975,1.455383897070268,0.0,1.7,2.3
2.133999999999987,0.3165224506529406,0.5962951929587423,1.4530923735040007,0.0,1.7,2.3
2.135999999999987,0.31755809526517,0.5978219081330268,1.450730640055556,0.0,1.7,2.3
2.1379999999999866,0.3184645510556698,0.5996114895411172,1.4484191373986088,0.0,1.7,2.3
2.1399999999999864,0.319404992861606,0.6013012788802049,1.4460606525124693,0.0,1.7,2.3
2.141999999999986,0.320271376435314,0.6031279541973531,1.4437226974180273,0.0,1.7,2.3
2.143999999999986,0.32110046648286933,0.6050119606422509,1.441382577896185,0.0,1.7,2.3
2.1459999999999857,0.3219435523032814,0.6068398578202583,1.4390099493723507,0.0,1.7,2.3
2.1479999999999855,0.3226689015464423,0.6088969888688742,1.4366891378748716,0.0,1.7,2.3
2.1499999999999853,0.3234525043585472,0.6108045390864919,1.4343075024813032,0.0,1.7,2.3
2.151999999999985,0.32412171579333315,0.6129301480714581,1.4319797904462777,0.0,1.7,2.3
2.153999999999985,0.32481336028537017,0.6149845967339319,1.4296147426886598,0.0,1.7,2.3
2.1559999999999846,0.3254482405845077,0.6171329983689684,1.4272681141947816,0.0,1.7,2.3
2.1579999999999844,0.32605623653945615,0.6193145149554616,1.424918634832584,0.0,1.7,2.3
2.159999999999984,0.32667267407038664,0.6214550500333428,1.4225428451706743,0.0,1.7,2.3
2.161999999999984,0.3272064848387895,0.6237430059285651,1.4202059083040164,0.0,1.7,2.3
2.1639999999999837,0.327800633139186,0.625886321358908,1.4178039636579605,0.0,1.7,2.3
2.1659999999999835,0.3282732273472384,0.6282537624008744,1.4154732321131236,0.0,1.7,2.3
2.1679999999999833,0.3288212269366915,0.6304495228094246,1.4130641873445167,0.0,1.7,2.3
2.169999999999983,0.3292697318435065,0.6328227240441402,1.4107130892805155,0.0,1.7,2.3
2.171999999999983,0.3297543674957825,0.6351055918564408,1.4083123310119352,0.0,1.7,2.3
2.1739999999999826,0.3301951256450119,0.6374547541249868,1.4059277113735686,0.0,1.7,2.3
2.1759999999999824,0.3306045875268322,0.639847155172792,1.4035478116944642,0.0,1.7,2.3
2.177999999999982,0.3310280325777891,0.6421931838209659,1.4011373047234814,0.0,1.7,2.3
2.179999999999982,0.33136630890835944,0.6446858501750633,1.3987787208064,0.0,1.7,2.3
2.1819999999999817,0.33174768960735984,0.6470773250530354,1.3963643260527139,0.0,1.7,2.3
2.1839999999999815,0.3320244717386882,0.6496502437676388,1.394022342028806,0.0,1.7,2.3
2.1859999999999813,0.33234189102619294,0.6521282278518025,1.3916257779080439,0.0,1.7,2.3
2.187999999999981,0.33257997477449935,0.6547377617621697,1.3892825038152674,0.0,1.7,2.3
2.189999999999981,0.33282179254299227,0.6573228755044,1.3869174816601044,0.0,1.7,2.3
2.1919999999999806,0.33299476759038693,0.660017907145782,1.3845994051803516,0.0,1.7,2.3
2.1939999999999804,0.33314745823620406,0.6627326543941187,1.3822833187333359,0.0,1.7,2.3
2.19599999999998,0.3332324363866888,0.6655530150772777,1.3800166422465083,0.0,1.7,2.3
2.19799999999998,0.3332854819680302,0.6684133728576072,1.3777652028201242,0.0,1.7,2.3
2.1999999999999797,0.3333145839412558,0.6712984710032586,1.3755223805619397,0.0,1.7,2.3
2.2019999999999795,0.33329035314621447,0.6742619868787421,1.3733170301225457,0.0,1.7,2.3
2.2039999999999793,0.3332592421447498,0.677219767772775,1.3711032471157922,0.0,1.7,2.3
2.205999999999979,0.33318099895421255,0.6802442963724415,1.3689217701640475,0.0,1.7,2.3
2.207999999999979,0.3330701089660387,0.6833091925533159,1.3667585639296105,0.0,1.7,2.3
2.2099999999999786,0.33292597115386957,0.6864155226663883,1.3646143792308099,0.0,1.7,2.3
2.2119999999999784,0.3327461947742626,0.6895671205424653,1.3624923584867723,0.0,1.7,2.3
2.213999999999978,0.33253074175038244,0.6927642053102928,1.360392397167359,0.0,1.7,2.3
2.215999999999978,0.3323055180114636,0.6959616499545129,1.3582863671932652,0.0,1.7,2.3
2.2179999999999778,0.33202747460283716,0.6992342912040452,1.356221284847893,0.0,1.7,2.3
2.2199999999999775,0.3317495401200611,0.7024908903847238,1.3541382788094753,0.0,1.7,2.3
2.2219999999999773,0.33141754005789426,0.7058244427234183,1.3520980787891883,0.0,1.7,2.3
2.223999999999977,0.33108851864901157,0.7091378842420589,1.3500354662833143,0.0,1.7,2.3
2.225999999999977,0.3306992639189786,0.7125382722767337,1.3480232353952413,0.0,1.7,2.3
2.2279999999999767,0.3303291996256403,0.7158922274320009,1.3459681965532102,0.0,1.7,2.3
2.2299999999999764,0.3298972774472655,0.7193355020197728,1.3439657091261512,0.0,1.7,2.3
2.2319999999999762,0.3294591858799961,0.7227755433894497,1.341949091044098,0.0,1.7,2.3
2.233999999999976,0.32898856640449226,0.7262556119076665,1.3399504369583175,0.0,1.7,2.3
2.235999999999976,0.32847202646818446,0.7297982419334623,1.337985254173381,0.0,1.7,2.3
2.2379999999999756,0.3279552721311791,0.7333277102974806,1.3359984558471787,0.0,1.7,2.3
2.2399999999999753,0.3273862157360323,0.7369299158144295,1.3340530459077475,0.0,1.7,2.3
2.241999999999975,0.3268259085222412,0.7405051505995046,1.3320736230610752,0.0,1.7,2.3
2.243999999999975,0.3262101366965958,0.7441579682488013,1.330139645351698,0.0,1.7,2.3
2.2459999999999747,0.3256123194050859,0.7477698497235241,1.3281586988087453,0.0,1.7,2.3
2.2479999999999745,0.32494385441097273,0.7514832189674403,1.326242848512818,0.0,1.7,2.3
2.2499999999999742,0.32429613611102615,0.7551519035193954,1.324275371606758,0.0,1.7,2.3
2.251999999999974,0.32357441260851233,0.7589264911581097,1.3223783521149803,0.0,1.7,2.3
2.253999999999974,0.322857398122516,0.7626822925466451,1.320449757115578,0.0,1.7,2.3
2.2559999999999736,0.322101971780063,0.76648707351224,1.3185461412823827,0.0,1.7,2.3
2.2579999999999734,0.32132565572811433,0.770313709183434,1.3166439974090107,0.0,1.7,2.3
2.259999999999973,0.3205270942898872,0.7741638208717411,1.314745811193816,0.0,1.7,2.3
2.261999999999973,0.31969942520847017,0.7780485167521748,1.3128602225966415,0.0,1.7,2.3
2.2639999999999727,0.3188660711716539,0.7819311405373484,1.3109564154566944,0.0,1.7,2.3
2.2659999999999725,0.3179891627660538,0.7858704613998355,1.3090851638945746,0.0,1.7,2.3
2.2679999999999723,0.3171104292317701,0.7898019248628616,1.307190554157313,0.0,1.7,2.3
2.269999999999972,0.3161855350456184,0.7937934907016909,1.305333225169761,0.0,1.7,2.3
2.271999999999972,0.3152539673815386,0.7977846223631537,1.3034595944848413,0.0,1.7,2.3
2.2739999999999716,0.31428563512873564,0.8018209631272702,1.3016116346931241,0.0,1.7,2.3
2.2759999999999714,0.31329688748852613,0.8058774529295666,1.299767379651415,0.0,1.7,2.3
2.277999999999971,0.3122857839848526,0.8099569875837862,1.2979299054336042,0.0,1.7,2.3
2.279999999999971,0.3112574146729528,0.8140516679837566,1.2960928091079198,0.0,1.7,2.3
2.2819999999999707,0.3101811150144515,0.8182069565729652,1.2943006152302041,0.0,1.7,2.3
2.2839999999999705,0.30911007777983684,0.8223434730576079,1.2924780157046363,0.0,1.7,2.3
2.2859999999999703,0.30797766294567475,0.8265594268337964,1.2907223968399713,0.0,1.7,2.3
2.28799999999997,0.3068566435155171,0.8307474524710313,1.2889285662083065,0.0,1.7,2.3
2.28999999999997,0.3056755006242439,0.8350117649603547,1.2872031574874188,0.0,1.7,2.3
2.2919999999999696,0.30450350246206503,0.8392513474273854,1.2854440089884784,0.0,1.7,2.3
2.2939999999999694,0.3032811879884707,0.8435517146832788,1.283742023198567,0.0,1.7,2.3
2.295999999999969,0.3020516403269478,0.8478506402412093,1.282032746454386,0.0,1.7,2.3
2.297999999999969,0.3007835055203056,0.8521921827618038,1.2803664470030847,0.0,1.7,2.3
2.2999999999999687,0.29950297197888015,0.8565389860110388,1.2787032450041544,0.0,1.7,2.3
2.3019999999999685,0.2981806325223329,0.8609315959274332,1.2770920194623392,0.0,1.7,2.3
2.3039999999999683,0.2968612780898388,0.8653072364055244,1.2754618213852216,0.0,1.7,2.3
2.305999999999968,0.29552099145866717,0.8696985719299626,1.2738532426139186,0.0,1.7,2.3
2.307999999999968,0.2941526240527538,0.8741159371829501,1.2722774972104978,0.0,1.7,2.3
2.3099999999999676,0.2928050380356103,0.8784908070140409,1.2706572726739787,0.0,1.7,2.3
2.3119999999999674,0.29138158942439507,0.8829560207521855,1.2691531062892438,0.0,1.7,2.3
2.313999999999967,0.290002723258991,0.8873461281349044,1.267565831142447,0.0,1.7,2.3
2.315999999999967,0.28854242260150365,0.8918316472227105,1.266110869536062,0.0,1.7,2.3
2.3179999999999668,0.28712618359145087,0.8962432559272536,1.264573482681704,0.0,1.7,2.3
2.3199999999999665,0.28565041559292137,0.9007187488383971,1.2631365047794072,0.0,1.7,2.3
2.3219999999999663,0.2842016250895013,0.9051436317914947,1.2616466505279036,0.0,1.7,2.3
2.323999999999966,0.28271647199168254,0.9096002332707444,1.2602205907070307,0.0,1.7,2.3
2.325999999999966,0.28122966684842365,0.9140434604252928,1.2587949348300878,0.0,1.7,2.3
2.3279999999999657,0.2797339796942022,0.9184815709799337,1.2573861986510397,0.0,1.7,2.3
2.3299999999999654,0.2782130359430631,0.922935558748731,1.2560255212285216,0.0,1.7,2.3
2.331999999999965,0.27669748027022295,0.9273655421640944,1.254657138250172,0.0,1.7,2.3
2.333999999999965,0.275163310853908,0.9318017509420112,1.2533278765541498,0.0,1.7,2.3
2.3359999999999648,0.27361838141462475,0.9362334509313804,1.252025001096126,0.0,1.7,2.3
2.3379999999999646,0.27206748712442597,0.9406544502025658,1.2507398936233598,0.0,1.7,2.3
2.3399999999999643,0.270499432215645,0.9450775190136504,1.2494979889473141,0.0,1.7,2.3
2.341999999999964,0.2689310315966348,0.9494822136480414,1.248265034348954,0.0,1.7,2.3
2.343999999999964,0.2673480554129175,0.9538845838938823,1.247073748518201,0.0,1.7,2.3
2.3459999999999637,0.2657685195764417,0.9582636732936755,1.245884874893234,0.0,1.7,2.3
2.3479999999999634,0.26418409388114605,0.9626283314894752,1.2447190858767652,0.0,1.7,2.3
2.3499999999999632,0.2625858489375784,0.9669888466941908,1.2435963677055422,0.0,1.7,2.3
2.351999999999963,0.26099501409100245,0.9713200874287897,1.2424715609484998,0.0,1.7,2.3
2.353999999999963,0.25938022847773945,0.9756569409934094,1.2414177348243234,0.0,1.7,2.3
2.3559999999999626,0.25777854237394987,0.9799576314385252,1.2403503594281176,0.0,1.7,2.3
2.3579999999999623,0.25615359766559015,0.9842613650206996,1.2393574210568423,0.0,1.7,2.3
2.359999999999962,0.2545485893198472,0.9885215756750221,1.2383345839501656,0.0,1.7,2.3
2.361999999999962,0.25291683462107967,0.9927868154802533,1.2373995670298004,0.0,1.7,2.3
2.3639999999999617,0.2513181768724945,0.9969956681687835,1.2363994233643882,0.0,1.7,2.3
2.3659999999999615,0.2496845008931131,1.0012160770884684,1.2355136632276529,0.0,1.7,2.3
2.3679999999999612,0.24808265508808333,1.0053822073101268,1.2345639405521271,0.0,1.7,2.3
2.369999999999961,0.24645600163645187,1.009547802944993,1.2337069144280728,0.0,1.7,2.3
2.371999999999961,0.24484477377849578,1.0136751535282378,1.232830086538609,0.0,1.7,2.3
2.3739999999999606,0.24322666221825348,1.0177836605213897,1.2319999212281982,0.0,1.7,2.3
2.3759999999999604,0.24161498352276256,1.0218620296429386,1.2311759793495058,0.0,1.7,2.3
2.37799999999996,0.23999858217891534,1.0259185203644057,1.2303953525788751,0.0,1.7,2.3
2.37999999999996,0.23838909923167828,1.029944002907565,1.2296206741580227,0.0,1.7,2.3
2.3819999999999597,0.2367875604269297,1.0339367014058591,1.2288512285630744,0.0,1.7,2.3
2.3839999999999595,0.23517790149315496,1.0379100786680349,1.2281361845248628,0.0,1.7,2.3
2.3859999999999593,0.233587236020999,1.041842116072931,1.2273905423330729,0.0,1.7,2.3
2.387999999999959,0.23198576043623187,1.0457556378798103,1.2267113088316237,0.0,1.7,2.3
2.389999999999959,0.23039810551775253,1.0496319794960869,1.2260176605008781,0.0,1.7,2.3
2.3919999999999586,0.2288122016401451,1.0534800030278502,1.2253498508895184,0.0,1.7,2.3
2.3939999999999584,0.22722939778881926,1.0572980911809384,1.2247049466555286,0.0,1.7,2.3
2.395999999999958,0.22565574989598813,1.0610829913614572,1.2240594506061524,0.0,1.7,2.3
2.397999999999958,0.22409115198958468,1.0648343235198188,1.2234148250302668,0.0,1.7,2.3
2.3999999999999577,0.22252037545986275,1.0685612106399962,1.2228273161681955,0.0,1.7,2.3
2.4019999999999575,0.22097339625597978,1.0722467480866145,1.2221830926901271,0.0,1.7,2.3
2.4039999999999573,0.21940998205432183,1.0759118616872538,1.2216392961995812,0.0,1.7,2.3
2.405999999999957,0.21788222082314193,1.0795319333194544,1.2209856828557462,0.0,1.7,2.3
2.407999999999957,0.2163269676524341,1.0831342551003287,1.2204835115564767,0.0,1.7,2.3
2.4099999999999566,0.21481808428925359,1.0866905187535758,1.2198174326504172,0.0,1.7,2.3
2.4119999999999564,0.2132820929271181,1.0902263437286968,1.2193074848383354,0.0,1.7,2.3
2.413999999999956,0.21177952029975858,1.093724080832053,1.2186807899030867,0.0,1.7,2.3
2.415999999999956,0.21026824312799122,1.097193457602406,1.2181335981113721,0.0,1.7,2.3
2.4179999999999557,0.20875972584756314,1.1006336975630229,1.2176074521107179,0.0,1.7,2.3
2.4199999999999555,0.20727548807568544,1.1040381885556867,1.2170060547968409,0.0,1.7,2.3
2.4219999999999553,0.2057663194580359,1.1074166911426935,1.216562806924091,0.0,1.7,2.3
2.423999999999955,0.20430499080629294,1.1107599159601305,1.2159188837690138,0.0,1.7,2.3
2.425999999999955,0.20280873917580966,1.114074604541925,1.2154917299239083,0.0,1.7,2.3
2.4279999999999546,0.20135969199960596,1.117359456890567,1.2148529728201458,0.0,1.7,2.3
2.4299999999999544,0.1998790003399587,1.1206111194021466,1.2144251297317608,0.0,1.7,2.3
2.431999999999954,0.1984332306661062,1.1238366456624378,1.2138404265907097,0.0,1.7,2.3
2.433999999999954,0.19697440913051592,1.1270273361214664,1.2133725923921042,0.0,1.7,2.3
2.4359999999999538,0.19552299364857018,1.1301895276085632,1.212897970064447,0.0,1.7,2.3
2.4379999999999535,0.19409225606646538,1.1333238841885498,1.2123448396278755,0.0,1.7,2.3
2.4399999999999533,0.19263759054494656,1.1364200806670919,1.21197326919616,0.0,1.7,2.3
2.441999999999953,0.19122719597619156,1.1395000107306579,1.2113697576466804,0.0,1.7,2.3
2.443999999999953,0.18977713862700304,1.14253081734124,1.2110571633986889,0.0,1.7,2.3
2.4459999999999527,0.18837770254340197,1.1455547607666274,1.2104554353772408,0.0,1.7,2.3
2.4479999999999524,0.18694100364108013,1.1485246040404649,1.2101434802284883,0.0,1.7,2.3
2.449999999999952,0.18554344893412872,1.151487941009606,1.209601516687473,0.0,1.7,2.3
2.451999999999952,0.18412942155553058,1.1544058549116243,1.2092176080530872,0.0,1.7,2.3
2.4539999999999518,0.1827259893055062,1.1573016929298854,1.2087917814918085,0.0,1.7,2.3
2.4559999999999516,0.1813340382344754,1.1601723246269413,1.2083264015307502,0.0,1.7,2.3
2.4579999999999513,0.1799244393501025,1.1629970413128967,1.2080253545766,0.0,1.7,2.3
2.459999999999951,0.17854952994894546,1.165820728954135,1.2075029206609222,0.0,1.7,2.3
2.461999999999951,0.17713978028107413,1.1685777314285781,1.207284726512065,0.0,1.7,2.3
2.4639999999999507,0.1757757162680447,1.1713522505383032,1.2067419454026427,0.0,1.7,2.3
2.4659999999999505,0.17437453428305355,1.1740520312322524,1.2065333910130525,0.0,1.7,2.3
2.4679999999999502,0.17301238000937202,1.1767696605633804,1.2060344491391868,0.0,1.7,2.3
2.46999999999995,0.17162503191344808,1.179422594401022,1.2057811149205409,0.0,1.7,2.3
2.47199999999995,0.17025776748475288,1.1820743609942566,1.2053825435101455,0.0,1.7,2.3
2.4739999999999496,0.16888378308877505,1.1846848665589542,1.205074719169131,0.0,1.7,2.3
2.4759999999999494,0.16751221579379935,1.187271291282389,1.2047686391848427,0.0,1.7,2.3
2.477999999999949,0.1661460539866579,1.1898358428821023,1.2044421871852475,0.0,1.7,2.3
2.479999999999949,0.1647727948302542,1.192361686565196,1.2042010487604975,0.0,1.7,2.3
2.4819999999999487,0.16341366941237212,1.1948836023627232,1.2038504955797678,0.0,1.7,2.3
2.4839999999999485,0.16203818531667283,1.1973502227665282,1.2036714006933544,0.0,1.7,2.3
2.4859999999999483,0.16068207236409307,1.199826854054621,1.203322239385536,0.0,1.7,2.3
2.487999999999948,0.15930826829113132,1.2022448595560962,1.2031573913161147,0.0,1.7,2.3
2.489999999999948,0.1579483309021861,1.204666809839126,1.2028651429111397,0.0,1.7,2.3
2.4919999999999476,0.1565785183330661,1.2070457344506442,1.202678099984018,0.0,1.7,2.3
2.4939999999999474,0.15521149968731676,1.2094092714826283,1.2024656135260268,0.0,1.7,2.3
2.495999999999947,0.15384294447799512,1.2117489214378152,1.2022690557612243,0.0,1.7,2.3
2.497999999999947,0.15246995701427513,1.2140598403533758,1.202114123973099,0.0,1.7,2.3
2.4999999999999467,0.1510991208403099,1.2163578227923557,1.2019297715413122,0.0,1.7,2.3
2.5019999999999465,0.14972247939347563,1.2186261054608685,1.2017948444234106,0.0,1.7,2.3
2.5039999999999463,0.14834410295054848,1.2208754489932871,1.2016632398742502,0.0,1.7,2.3
2.505999999999946,0.14696409487058423,1.2231073122423128,1.2015302999057857,0.0,1.7,2.3
2.507999999999946,0.14557563048723063,1.2253069065745101,1.201463959741771,0.0,1.7,2.3
2.5099999999999456,0.14419037880626245,1.2275036827507622,1.2013373589284302,0.0,1.7,2.3
2.5119999999999454,0.14279161192022652,1.2296583995827295,1.2013232530526308,0.0,1.7,2.3
2.513999999999945,0.14139805087430682,1.231818444507422,1.2012199375151398,0.0,1.7,2.3
2.515999999999945,0.13998947235184334,1.2339353952932848,1.201236837289986,0.0,1.7,2.3
2.5179999999999447,0.13858493421478144,1.2360579716844085,1.201169387032429,0.0,1.7,2.3
2.5199999999999445,0.1371631302720542,1.2381348506280196,1.2012366559254488,0.0,1.7,2.3
2.5219999999999443,0.1357451415492805,1.240219783745882,1.2012148995161942,0.0,1.7,2.3
2.523999999999944,0.1343099995347152,1.2422626103142163,1.2013168297220302,0.0,1.7,2.3
2.525999999999944,0.13287481260681477,1.2443068242393407,1.2013629902805611,0.0,1.7,2.3
2.5279999999999436,0.13142654481293134,1.2463224216415876,1.2014810777648048,0.0,1.7,2.3
2.5299999999999434,0.1299741465165996,1.248332124142093,1.2015787770833424,0.0,1.7,2.3
2.531999999999943,0.12851254887585378,1.2503259091411187,1.2017004717743751,0.0,1.7,2.3
2.533999999999943,0.1270385504864123,1.2522968748019134,1.2018772103621667,0.0,1.7,2.3
2.5359999999999427,0.12556197166201094,1.2542706564207795,1.2020047120703445,0.0,1.7,2.3
2.5379999999999425,0.12406197428938716,1.256199462658852,1.2022851459418915,0.0,1.7,2.3
2.5399999999999423,0.12256951170265637,1.2581566263999822,1.2024137250496234,0.0,1.7,2.3
2.541999999999942,0.12104449301901543,1.2600523934904577,1.2027702551653512,0.0,1.7,2.3
2.543999999999942,0.1195316691175211,1.2619880015391403,1.2029298560220043,0.0,1.7,2.3
2.5459999999999416,0.11798615617404838,1.2638665813750365,1.203305510829629,0.0,1.7,2.3
2.5479999999999414,0.11644860214476666,1.2657763722521433,1.2035234553443834,0.0,1.7,2.3
2.549999999999941,0.11487974928852301,1.267636838004323,1.203931640250308,0.0,1.7,2.3
2.551999999999941,0.11331805521825672,1.2695273133738885,1.2041894263771693,0.0,1.7,2.3
2.5539999999999408,0.11172403631801245,1.2713708736297489,1.2046342165058954,0.0,1.7,2.3
2.5559999999999405,0.11013478985494678,1.273240089807685,1.2049494030124217,0.0,1.7,2.3
2.5579999999999403,0.10851835794277566,1.2750763859114067,1.2053971400404515,0.0,1.7,2.3
2.55999999999994,0.10689713124459276,1.2769208741236575,1.2057945020262326,0.0,1.7,2.3
2.56199999999994,0.10525825633659405,1.278753188708788,1.206237873490428,0.0,1.7,2.3
2.5639999999999397,0.10360246766315336,1.280573526609066,1.2067250680332045,0.0,1.7,2.3
2.5659999999999394,0.10194088121085856,1.2824041397516046,1.207160157642185,0.0,1.7,2.3
2.567999999999939,0.10025087666147124,1.2842056607448327,1.2077226076031906,0.0,1.7,2.3
2.569999999999939,0.09856698064932962,1.2860371752014002,1.2081424175258744,0.0,1.7,2.3
2.571999999999939,0.09684248462706944,1.287823374984659,1.20877256354822,0.0,1.7,2.3
2.5739999999999386,0.09513437156837906,1.2896543440474681,1.2091882619563905,0.0,1.7,2.3
2.5759999999999383,0.0933766116620486,1.2914305580508454,1.2098687523865375,0.0,1.7,2.3
2.577999999999938,0.09163581449575525,1.2932506097799659,1.2103362290896635,0.0,1.7,2.3
2.579999999999938,0.08985113554191505,1.2950285519181317,1.21101621589629,0.0,1.7,2.3
2.5819999999999377,0.0880726679905736,1.2968336558707134,1.2115629608172547,0.0,1.7,2.3
2.5839999999999375,0.08626274494513815,1.2986166746966952,1.2122290170697343,0.0,1.7,2.3
2.5859999999999372,0.08444829436455423,1.3004118588097495,1.2128368204543993,0.0,1.7,2.3
2.587999999999937,0.08261360696732482,1.3022008633526014,1.2134857918274322,0.0,1.7,2.3
2.589999999999937,0.08076213094932864,1.303986954984528,1.2141563956372785,0.0,1.7,2.3
2.5919999999999366,0.07890189715681337,1.3057811836879736,1.2147935004595294,0.0,1.7,2.3
2.5939999999999364,0.07701617498907547,1.307563192286825,1.2155051864369184,0.0,1.7,2.3
2.595999999999936,0.07512424701858858,1.3093560358328051,1.2161683003418031,0.0,1.7,2.3
2.597999999999936,0.07320813813545873,1.3111393041951567,1.2168949619797989,0.0,1.7,2.3
2.5999999999999357,0.07128349314175496,1.3129304665925872,1.2175886038906363,0.0,1.7,2.3
2.6019999999999355,0.06933684511352918,1.314715147502533,1.2183307651264232,0.0,1.7,2.3
2.6039999999999353,0.06738135421301067,1.3165070585636036,1.2190428605662686,0.0,1.7,2.3
2.605999999999935,0.06540332290975918,1.3182924563977616,1.2198054485237428,0.0,1.7,2.3
2.607999999999935,0.06341884486293758,1.320086929935055,1.2205255475053884,0.0,1.7,2.3
2.6099999999999346,0.06141064346161031,1.3218741358434165,1.221302079180426,0.0,1.7,2.3
2.6119999999999344,0.05939552096175642,1.3236694445298112,1.222040364838185,0.0,1.7,2.3
2.613999999999934,0.05735695195995582,1.3254581203484372,1.2228326261752411,0.0,1.7,2.3
2.615999999999934,0.05531238304968699,1.327255111292732,1.223583229531122,0.0,1.7,2.3
2.6179999999999337,0.053244964233291586,1.3290461378748335,1.2243842174565527,0.0,1.7,2.3
2.6199999999999335,0.051171703013060406,1.3308449252612835,1.2251445976545507,0.0,1.7,2.3
2.6219999999999333,0.04907581723829161,1.3326379861567699,1.2259540890957532,0.0,1.7,2.3
2.623999999999933,0.0469755107972031,1.3344391900604786,1.2267174565564414,0.0,1.7,2.3
2.625999999999933,0.044849379065518835,1.336232299636301,1.2275465679876776,0.0,1.7,2.3
2.6279999999999326,0.042721873061785764,1.3380350478028513,1.2283158474930072,0.0,1.7,2.3
2.6299999999999324,0.04057116291496039,1.3398315926044724,1.2291374908851516,0.0,1.7,2.3
2.631999999999932,0.03841274186220124,1.3416324155732084,1.229933917008772,0.0,1.7,2.3
2.633999999999932,0.03624374620336822,1.3434355291246811,1.230719627001812,0.0,1.7,2.3
2.6359999999999317,0.03405705700111472,1.345235418666427,1.2315321347061061,0.0,1.7,2.3
2.6379999999999315,0.03186724306198019,1.3470418913770046,1.2322986126399964,0.0,1.7,2.3
2.6399999999999313,0.02965241594011247,1.3488400630936228,1.2331289262406913,0.0,1.7,2.3
2.641999999999931,0.02744130330553682,1.3506483648556284,1.233881817646944,0.0,1.7,2.3
2.643999999999931,0.025198708832389574,1.352444159372268,1.2347305519661553,0.0,1.7,2.3
2.6459999999999306,0.022964337030600523,1.354251905889144,1.235482527613865,0.0,1.7,2.3
2.6479999999999304,0.020703486161604074,1.3560500236398034,1.2363066565133811,0.0,1.7,2.3
2.64999999999993,0.018443937066950446,1.3578548452945445,1.237070209414752,0.0,1.7,2.3
2.65199999999993,0.01617126620942966,1.3596575548621501,1.2378430132838754,0.0,1.7,2.3
2.6539999999999297,0.013883191666656127,1.361456380777159,1.238637113870977,0.0,1.7,2.3
2.6559999999999295,0.01159412549342334,1.3632595155345486,1.239384395520188,0.0,1.7,2.3
2.6579999999999293,0.009284759755071365,1.365055450499275,1.2401775709626606,0.0,1.7,2.3
2.659999999999929,0.006974432463774388,1.3668549186023724,1.2409258968640569,0.0,1.7,2.3
2.661999999999929,0.004647434802810099,1.368648731230546,1.2417043711561007,0.0,1.7,2.3
2.6639999999999286,0.002317315139776282,1.3704441026272343,1.2424502069739776,0.0,1.7,2.3
2.6659999999999284,-2.503055110598948e-05,1.3722356729897858,1.243206986488228,0.0,1.7,2.3
2.667999999999928,-0.0023765445261907064,1.3740247808276302,1.2439613162599363,0.0,1.7,2.3
2.669999999999928,-0.0047333814171008895,1.3758132033444788,1.2446961028899794,0.0,1.7,2.3
2.6719999999999278,-0.007103316605702352,1.377596366292073,1.245448581170391,0.0,1.7,2.3
2.6739999999999275,-0.00947411507587126,1.3793805526966392,1.2461626244028101,0.0,1.7,2.3
2.6759999999999273,-0.011859953854526043,1.381157773191811,1.24690521488953,0.0,1.7,2.3
2.677999999999927,-0.014246299355833084,1.3829355139324426,1.2476095858891103,0.0,1.7,2.3
2.679999999999927,-0.016644946764142618,1.3847070835115516,1.248331628978256,0.0,1.7,2.3
2.6819999999999267,-0.01905245143459743,1.3864739992222612,1.2490562108194292,0.0,1.7,2.3
2.6839999999999264,-0.02146007102214972,1.3882406025778882,1.2497436166956488,0.0,1.7,2.3
2.6859999999999262,-0.02388980215001341,1.3899946912910706,1.250497358978398,0.0,1.7,2.3
2.687999999999926,-0.026302474065210087,1.391757108420622,1.2511354962660257,0.0,1.7,2.3
2.689999999999926,-0.028748855112788622,1.3934999193430289,1.2518964482656874,0.0,1.7,2.3
2.6919999999999256,-0.031173979590726257,1.3952528147821734,1.2525235506247243,0.0,1.7,2.3
2.6939999999999253,-0.033624761907047565,1.3969896308775793,1.2532382185332407,0.0,1.7,2.3
2.695999999999925,-0.03607229739726817,1.3987260824289212,1.2539051223401483,0.0,1.7,2.3
2.697999999999925,-0.03852505380048713,1.4004569303080772,1.2545657294708852,0.0,1.7,2.3
2.6999999999999247,-0.040992326648617614,1.402176787354487,1.2552644691727703,0.0,1.7,2.3
2.7019999999999245,-0.04344994112066349,1.4038987641173282,1.2558882474778479,0.0,1.7,2.3
2.7039999999999242,-0.045933373133241535,1.4056023690086141,1.256606625317884,0.0,1.7,2.3
2.705999999999924,-0.048396378450464184,1.407313862459874,1.2571997941819408,0.0,1.7,2.3
2.707999999999924,-0.05089017525551532,1.4090029635649626,1.257914655014649,0.0,1.7,2.3
2.7099999999999236,-0.053364085696591596,1.4106993402666805,1.2585076995047886,0.0,1.7,2.3
2.7119999999999234,-0.05586053161533116,1.4123770703973642,1.2591859100283054,0.0,1.7,2.3
2.713999999999923,-0.05835001105596895,1.4140538707181345,1.259806205623993,0.0,1.7,2.3
2.715999999999923,-0.060846704315290316,1.4157204083455963,1.2604397248047043,0.0,1.7,2.3
2.7179999999999227,-0.06335007072372204,1.417376815476567,1.2610843893641235,0.0,1.7,2.3
2.7199999999999225,-0.06585056196050787,1.419028587253678,1.2616945841345797,0.0,1.7,2.3
2.7219999999999223,-0.06836118285913483,1.4206670541901774,1.2623358783799097,0.0,1.7,2.3
2.723999999999922,-0.07086901816061825,1.4223002108597227,1.26294493393637,0.0,1.7,2.3
2.725999999999922,-0.07338386483021529,1.4239211240846805,1.26357232857511,0.0,1.7,2.3
2.7279999999999216,-0.07589648984919271,1.425535773323539,1.2641720089560498,0.0,1.7,2.3
2.7299999999999214,-0.07841607542494569,1.427137176833242,1.2647928039252534,0.0,1.7,2.3
2.731999999999921,-0.08093754347863241,1.428728605732923,1.2654094389379646,0.0,1.7,2.3
2.733999999999921,-0.08345395146605027,1.4303146833950258,1.2659869198132545,0.0,1.7,2.3
2.7359999999999207,-0.08598663154834355,1.4318789984317508,1.2666392584737167,0.0,1.7,2.3
2.7379999999999205,-0.08849917448806834,1.433449113829628,1.2671731914489246,0.0,1.7,2.3
2.7399999999999203,-0.09103670310409749,1.4349890080480305,1.2678337238587438,0.0,1.7,2.3
2.74199999999992,-0.09355281266541483,1.4365358735751446,1.2683684773003616,0.0,1.7,2.3
2.74399999999992,-0.09608785993677003,1.4380553760009087,1.2690028141812386,0.0,1.7,2.3
2.7459999999999196,-0.09861396162295849,1.4395713565600532,1.2695807016712302,0.0,1.7,2.3
2.7479999999999194,-0.10114185153538115,1.4410729381725544,1.2701672392744177,0.0,1.7,2.3
2.749999999999919,-0.10367929921396034,1.442553827640187,1.27080489246116,0.0,1.7,2.3
2.751999999999919,-0.10619561501602016,1.4440405180223577,1.2713211992590459,0.0,1.7,2.3
2.7539999999999187,-0.10874164730762646,1.4454857335897486,1.2720119423699228,0.0,1.7,2.3
2.7559999999999185,-0.11124875410717053,1.4469546573908234,1.272473868777327,0.0,1.7,2.3
2.7579999999999183,-0.1137964928304696,1.448367952495478,1.2731856118584128,0.0,1.7,2.3
2.759999999999918,-0.11630426519786591,1.449807614990284,1.2736575444705867,0.0,1.7,2.3
2.761999999999918,-0.1188458423213329,1.4511945464930247,1.2743498642399989,0.0,1.7,2.3
2.7639999999999176,-0.12135914075054101,1.4525967363059218,1.2748711333770948,0.0,1.7,2.3
2.7659999999999174,-0.12388937010533285,1.4539612809639355,1.27551652817441,0.0,1.7,2.3
2.767999999999917,-0.12640721484603026,1.4553234812177172,1.2760917507323815,0.0,1.7,2.3
2.769999999999917,-0.1289231558954057,1.4566682364205341,1.2766736947052317,0.0,1.7,2.3
2.7719999999999168,-0.13144533088992152,1.4579867421903605,1.2773133870241462,0.0,1.7,2.3
2.7739999999999165,-0.1339496485391262,1.4593073199950501,1.2778532315380238,0.0,1.7,2.3
2.7759999999999163,-0.13646985261215658,1.4605861478864384,1.2785264420166933,0.0,1.7,2.3
2.777999999999916,-0.1389658212907674,1.4618764841973326,1.2790524018006073,0.0,1.7,2.3
2.779999999999916,-0.1414796866672732,1.4631182096905813,1.2797383947518943,0.0,1.7,2.3
2.7819999999999157,-0.1439693810610298,1.4643726692442598,1.2802737865129523,0.0,1.7,2.3
2.7839999999999154,-0.14647216417483835,1.4655815407721662,1.2809457296195734,0.0,1.7,2.3
2.785999999999915,-0.1489584925138751,1.4667917721225139,1.28152454262962,0.0,1.7,2.3
2.787999999999915,-0.15144753625336482,1.4679696711404377,1.2821690261002974,0.0,1.7,2.3
2.7899999999999148,-0.15392926839978896,1.4691327817443949,1.282796453105664,0.0,1.7,2.3
2.7919999999999146,-0.15640324633788297,1.4702801445916245,1.2834084360016724,0.0,1.7,2.3
2.7939999999999143,-0.1588764808700905,1.4713985778400884,1.2840656749224573,0.0,1.7,2.3
2.795999999999914,-0.16133665499734165,1.4725110377613086,1.284662332986314,0.0,1.7,2.3
2.797999999999914,-0.1637985972905996,1.4735859453743103,1.2853378299699558,0.0,1.7,2.3
2.7999999999999137,-0.16624577030639337,1.4746587269521694,1.2859362138889254,0.0,1.7,2.3
2.8019999999999134,-0.1686942534251429,1.4756902540533576,1.2866233660748057,0.0,1.7,2.3
2.8039999999999132,-0.17113042706715012,1.4767136704258177,1.28725892580263,0.0,1.7,2.3
2.805999999999913,-0.17355955241765897,1.4777127305430564,1.2879076091446868,0.0,1.7,2.3
2.807999999999913,-0.17598590180792276,1.4786767015742854,1.2886145644160472,0.0,1.7,2.3
2.8099999999999126,-0.1783938205888105,1.4796470594286204,1.2892082825025792,0.0,1.7,2.3
2.8119999999999123,-0.1808068495342364,1.4805531890569965,1.2899717910970399,0.0,1.7,2.3
2.813999999999912,-0.18319539642055543,1.4814880270825055,1.2905369253417374,0.0,1.7,2.3
2.815999999999912,-0.18559079537431353,1.4823424208078149,1.2913262041110327,0.0,1.7,2.3
2.8179999999999117,-0.18796196064394832,1.483230771408117,1.2919021604481458,0.0,1.7,2.3
2.8199999999999115,-0.19033589629857434,1.4840413385725177,1.2926824274493964,0.0,1.7,2.3
2.8219999999999112,-0.1926903897338634,1.4848724156438053,1.2933043383522167,0.0,1.7,2.3
2.823999999999911,-0.19504017759050854,1.4856467639041695,1.2940451337151169,0.0,1.7,2.3
2.825999999999911,-0.19737730515518845,1.4864115650771859,1.2947386791716753,0.0,1.7,2.3
2.8279999999999106,-0.1997014896648848,1.4871559670616001,1.2954171987965326,0.0,1.7,2.3
2.8299999999999104,-0.2020189259723277,1.4878516961822765,1.2961845600543642,0.0,1.7,2.3
2.83199999999991,-0.2043181354313853,1.4885618921103352,1.2968160194072722,0.0,1.7,2.3
2.83399999999991,-0.20661246982208176,1.4891943958595926,1.2976300775621754,0.0,1.7,2.3
2.8359999999999097,-0.20888724852345036,1.4898627420952524,1.298239737197691,0.0,1.7,2.3
2.8379999999999095,-0.21115607027959246,1.4904349067316849,1.2990853203685575,0.0,1.7,2.3
2.8399999999999093,-0.21340603769324862,1.4910557899868662,1.2996896407045375,0.0,1.7,2.3
2.841999999999909,-0.2156472274797257,1.491574438850456,1.3005405056278607,0.0,1.7,2.3
2.843999999999909,-0.21787167901888124,1.492140732292779,1.3011596610682064,0.0,1.7,2.3
2.8459999999999086,-0.22008393348861552,1.4926108131230187,1.301997640122616,0.0,1.7,2.3
2.8479999999999084,-0.22228156091803075,1.493117213246271,1.302644594978154,0.0,1.7,2.3
2.849999999999908,-0.2244640126104386,1.4935397800903252,1.303464638324823,0.0,1.7,2.3
2.851999999999908,-0.22663294573381695,1.4939774529203687,1.3041615783268299,0.0,1.7,2.3
2.8539999999999077,-0.2287852836319132,1.4943643186039823,1.3049274970149487,0.0,1.7,2.3
2.8559999999999075,-0.23092330668698421,1.4947271003132019,1.3056875940246724,0.0,1.7,2.3
2.8579999999999073,-0.2330457507095664,1.4950797170235202,1.3063962104412492,0.0,1.7,2.3
2.859999999999907,-0.2351512116551167,1.4953740058625948,1.3071960705964103,0.0,1.7,2.3
2.861999999999907,-0.23724319022272494,1.495683052324019,1.3078747883095467,0.0,1.7,2.3
2.8639999999999066,-0.2393149381364901,1.4959145236842246,1.3086946737286322,0.0,1.7,2.3
2.8659999999999064,-0.24137486966633764,1.4961697911914236,1.3093708482059265,0.0,1.7,2.3
2.867999999999906,-0.243411661211775,1.4963398910704002,1.3102036919120468,0.0,1.7,2.3
2.869999999999906,-0.245439056233529,1.4965445330540872,1.3108670936410685,0.0,1.7,2.3
2.8719999999999057,-0.24744020044306325,1.4966559653605702,1.3117035618911785,0.0,1.7,2.3
2.8739999999999055,-0.24943413708632703,1.4968075179513571,1.312359884422538,0.0,1.7,2.3
2.8759999999999053,-0.2514008916070474,1.4968726032048187,1.3131667334021389,0.0,1.7,2.3
2.877999999999905,-0.2533581143604313,1.4969563570469038,1.313852614358401,0.0,1.7,2.3
2.879999999999905,-0.2552911249380077,1.4969802897544695,1.3146165932673304,0.0,1.7,2.3
2.8819999999999046,-0.2572098300554334,1.4969943368882448,1.3153338112750472,0.0,1.7,2.3
2.8839999999999044,-0.2591085102095039,1.4969746516006848,1.3160616222453936,0.0,1.7,2.3
2.885999999999904,-0.2609884863638695,1.4969243185967918,1.316794322895055,0.0,1.7,2.3
2.887999999999904,-0.2628529984688377,1.496862107559104,1.317483878496733,0.0,1.7,2.3
2.8899999999999038,-0.26469281666487443,1.4967457451684993,1.3182341754581817,0.0,1.7,2.3
2.8919999999999035,-0.2665220756794672,1.4966371644850591,1.318895076242084,0.0,1.7,2.3
2.8939999999999033,-0.26832321288731925,1.4964646966647257,1.3196377157137589,0.0,1.7,2.3
2.895999999999903,-0.27011427598529947,1.496299644813001,1.3202936894810111,0.0,1.7,2.3
2.897999999999903,-0.2718800676668229,1.4960851510973276,1.3209956545341783,0.0,1.7,2.3
2.8999999999999027,-0.2736304416636358,1.4958570032632015,1.321661168488462,0.0,1.7,2.3
2.9019999999999024,-0.2753612304407452,1.4956016318164391,1.3223207291945378,0.0,1.7,2.3
2.903999999999902,-0.27707089443937977,1.4953132716894875,1.3229879784443845,0.0,1.7,2.3
2.905999999999902,-0.2787652592405007,1.4950125316471767,1.3236159186669407,0.0,1.7,2.3
2.9079999999999018,-0.2804316937976717,1.494658797726404,1.3242950536275524,0.0,1.7,2.3
2.9099999999999016,-0.2820919715768981,1.4943205210830492,1.3248745868793972,0.0,1.7,2.3
2.9119999999999013,-0.2837165190712234,1.4939079995207094,1.3255501901910671,0.0,1.7,2.3
2.913999999999901,-0.2853394993940682,1.493522398428282,1.3261035468543827,0.0,1.7,2.3
2.915999999999901,-0.2869279397086895,1.4930691751762217,1.3267366931256943,0.0,1.7,2.3
2.9179999999999007,-0.2885080814191586,1.492621452137453,1.327295448663016,0.0,1.7,2.3
2.9199999999999005,-0.29006489191174906,1.492139635783984,1.3278617809292117,0.0,1.7,2.3
2.9219999999999002,-0.2915966417764232,1.491617230440385,1.328450971640255,0.0,1.7,2.3
2.9239999999999,-0.2931247490628238,1.4911135374038467,1.3289383640092418,0.0,1.7,2.3
2.9259999999999,-0.2946081426589058,1.4905196455260128,1.3295496812999559,0.0,1.7,2.3
2.9279999999998996,-0.29610447158808284,1.489984926829145,1.3299787841243471,0.0,1.7,2.3
2.9299999999998994,-0.29754555466601096,1.4893370543103668,1.3305757044923834,0.0,1.7,2.3
2.931999999999899,-0.29900340207345144,1.4887544596499502,1.3309815114515344,0.0,1.7,2.3
2.933999999999899,-0.3004104835094982,1.4880734252846641,1.3315228684265754,0.0,1.7,2.3
2.9359999999998987,-0.30182335958022505,1.4874284466924768,1.3319341042879072,0.0,1.7,2.3
2.9379999999998985,-0.30319977630350897,1.4867215319261464,1.3324070072289431,0.0,1.7,2.3
2.9399999999998983,-0.30456685195549027,1.48601407527446,1.332823098521236,0.0,1.7,2.3
2.941999999999898,-0.3059121969964354,1.4852795385123319,1.3332325667658051,0.0,1.7,2.3
2.943999999999898,-0.30723397509986,1.484512445188516,1.3336473871488081,0.0,1.7,2.3
2.9459999999998976,-0.30854660133767287,1.4837461562666616,1.334002651606213,0.0,1.7,2.3
2.9479999999998974,-0.30982795656731715,1.4829312692711745,1.3343934938313622,0.0,1.7,2.3
2.949999999999897,-0.3111032099250989,1.4821230947438708,1.3347146720802654,0.0,1.7,2.3
2.951999999999897,-0.31234717624713176,1.481267428924134,1.335068748748352,0.0,1.7,2.3
2.9539999999998967,-0.3135848270024022,1.4804172894143584,1.3353564871394026,0.0,1.7,2.3
2.9559999999998965,-0.31478980864996636,1.4795178882075743,1.3356798499864633,0.0,1.7,2.3
2.9579999999998963,-0.31598981562897127,1.478626188466088,1.3359338169863064,0.0,1.7,2.3
2.959999999999896,-0.317158779531837,1.4776894150454933,1.336215351013635,0.0,1.7,2.3
2.961999999999896,-0.31832077376838736,1.4767557440602197,1.336436848862808,0.0,1.7,2.3
2.9639999999998956,-0.3194551230871014,1.4757843887242528,1.336672343781232,0.0,1.7,2.3
2.9659999999998954,-0.32057922725713595,1.4748093648128613,1.3368607554887293,0.0,1.7,2.3
2.967999999999895,-0.3216746059136074,1.4737952534253553,1.3370654850256247,0.0,1.7,2.3
2.969999999999895,-0.32276342782975515,1.4727842956309811,1.337211592792065,0.0,1.7,2.3
2.9719999999998947,-0.3238175128740091,1.4717236869716515,1.3373924441581022,0.0,1.7,2.3
2.9739999999998945,-0.32487104066473393,1.4706769975079235,1.337496508491477,0.0,1.7,2.3
2.9759999999998943,-0.3258900501099483,1.4695818672860825,1.3376328967262971,0.0,1.7,2.3
2.977999999999894,-0.326904299644002,1.4684923268316865,1.3377079800240361,0.0,1.7,2.3
2.979999999999894,-0.32789311186590686,1.4673714472552095,1.3377855581983527,0.0,1.7,2.3
2.9819999999998936,-0.32886648499704246,1.4662366545560654,1.3378361852195138,0.0,1.7,2.3
2.9839999999998934,-0.3298222062666228,1.4650847590301819,1.3378649045259592,0.0,1.7,2.3
2.985999999999893,-0.3307509459971503,1.4638989546474068,1.3379009699484596,0.0,1.7,2.3
2.987999999999893,-0.33167780803064967,1.4627234837525354,1.3378688873609919,0.0,1.7,2.3
2.9899999999998927,-0.33256203135650336,1.4614877361773781,1.3378886244708479,0.0,1.7,2.3
2.9919999999998925,-0.33345791921258305,1.4602848622587665,1.3378031255718414,0.0,1.7,2.3
2.9939999999998923,-0.33430531841738415,1.4590128535298046,1.3377838078441897,0.0,1.7,2.3
2.995999999999892,-0.33516210703876026,1.4577689489247865,1.3376683800261242,0.0,1.7,2.3
2.997999999999892,-0.3359788664778924,1.456471190050897,1.337593110098237,0.0,1.7,2.3
2.9999999999998916,-0.3367884689543727,1.4551735496307165,1.3374690001968454,0.0,1.7,2.3
3.0019999999998914,-0.33758290220443704,1.4538634650244262,1.337316522865299,0.0,1.7,2.3
3.003999999999891,-0.3383419159980225,1.4525075277657982,1.3371911804170593,0.0,1.7,2.3
3.005999999999891,-0.3391131875841921,1.45118321942624,1.3369657623194098,0.0,1.7,2.3
3.0079999999998908,-0.3398252104828806,1.4497758143588688,1.3368279318494758,0.0,1.7,2.3
3.0099999999998905,-0.34056279324176075,1.4484203333700834,1.3365580159373152,0.0,1.7,2.3
3.0119999999998903,-0.3412388679349302,1.4469796377300845,1.3363783798341853,0.0,1.7,2.3
3.01399999999989,-0.34193220688706577,1.4455768211633504,1.336090492911883,0.0,1.7,2.3
3.01599999999989,-0.3425831740866314,1.4441197532658354,1.3358424811098462,0.0,1.7,2.3
3.0179999999998897,-0.343227337192005,1.4426627346967786,1.335547780896422,0.0,1.7,2.3
3.0199999999998894,-0.34385628548975844,1.441193621049275,1.3352254716726688,0.0,1.7,2.3
3.021999999999889,-0.3444511211479554,1.4396830689276756,1.3349229382379493,0.0,1.7,2.3
3.023999999999889,-0.3450537724583247,1.4381951005570326,1.3345380878968955,0.0,1.7,2.3
3.025999999999889,-0.34559947316790274,1.4366322766918094,1.3342257464786451,0.0,1.7,2.3
3.0279999999998886,-0.3461703334332416,1.4351172606678602,1.333791981811849,0.0,1.7,2.3
3.0299999999998883,-0.3466784874945476,1.4335200278134594,1.3334419039286611,0.0,1.7,2.3
3.031999999999888,-0.3472048808996963,1.4319595972815442,1.3329885876783996,0.0,1.7,2.3
3.033999999999888,-0.3476862842631538,1.4303438875808168,1.3325763929768353,0.0,1.7,2.3
3.0359999999998877,-0.3481644608165389,1.4287332802533708,1.3321112114121079,0.0,1.7,2.3
3.0379999999998875,-0.3486172416238189,1.4270962435149448,1.3316421341419507,0.0,1.7,2.3
3.0399999999998872,-0.349051784862604,1.4254427529620997,1.3311539760061621,0.0,1.7,2.3
3.041999999999887,-0.34946849154405707,1.4237738454274955,1.3306450324671493,0.0,1.7,2.3
3.043999999999887,-0.3498618116664108,1.422081458311187,1.3301280780407945,0.0,1.7,2.3
3.0459999999998866,-0.3502448956545118,1.4203843717704552,1.3295741099420093,0.0,1.7,2.3
3.0479999999998864,-0.35059096376111476,1.418645219079177,1.329040886918663,0.0,1.7,2.3
3.049999999999886,-0.35094044025363275,1.4169201894765262,1.3284421037725576,0.0,1.7,2.3
3.051999999999886,-0.35124938686274354,1.4151487948922847,1.3278707361116633,0.0,1.7,2.3
3.0539999999998857,-0.3515509608435716,1.4133765313000477,1.327257234514208,0.0,1.7,2.3
3.0559999999998855,-0.3518323699650537,1.4115861656271824,1.326628038225383,0.0,1.7,2.3
3.0579999999998853,-0.352082461575305,1.4097625535566216,1.3260064593126613,0.0,1.7,2.3
3.059999999999885,-0.352333935250586,1.4079499517778156,1.3253251413167364,0.0,1.7,2.3
3.061999999999885,-0.35253486770152404,1.406078916288075,1.3246898875345852,0.0,1.7,2.3
3.0639999999998846,-0.352752344031608,1.404238760272083,1.3239652047132418,0.0,1.7,2.3
3.0659999999998844,-0.3529107643577945,1.4023297289103835,1.323302474762151,0.0,1.7,2.3
3.067999999999884,-0.3530861591239165,1.4004516283896693,1.3225507938095231,0.0,1.7,2.3
3.069999999999884,-0.353211607157955,1.3985174393475968,1.3218418046557265,0.0,1.7,2.3
3.0719999999998837,-0.35333099260461637,1.3965838843298009,1.3210901143772629,0.0,1.7,2.3
3.0739999999998835,-0.3534317563051499,1.3946353683332775,1.3203192627387956,0.0,1.7,2.3
3.0759999999998833,-0.3534893760412625,1.3926399505347251,1.3195776982725267,0.0,1.7,2.3
3.077999999999883,-0.3535641644825955,1.3906753788400477,1.3187483913088236,0.0,1.7,2.3
3.079999999999883,-0.3535696082335457,1.388631260964027,1.3179977095045192,0.0,1.7,2.3
3.0819999999998826,-0.35361153584637794,1.386641854910162,1.3171239454803065,0.0,1.7,2.3
3.0839999999998824,-0.3535709870197557,1.3845574611435616,1.3163521966381868,0.0,1.7,2.3
3.085999999999882,-0.35356965355415904,1.3825304573519173,1.3154538882617641,0.0,1.7,2.3
3.087999999999882,-0.3534906525920481,1.3804156685562783,1.314647032562563,0.0,1.7,2.3
3.0899999999998817,-0.3534342813418971,1.378337108933908,1.3137458557918684,0.0,1.7,2.3
3.0919999999998815,-0.35332235513813004,1.3761990570231224,1.3128940554846777,0.0,1.7,2.3
3.0939999999998813,-0.35320823060832257,1.3740664842075139,1.311994482271328,0.0,1.7,2.3
3.095999999999881,-0.35306915280680595,1.3719122806220203,1.311087980613096,0.0,1.7,2.3
3.097999999999881,-0.3528957117691027,1.3697246482195786,1.3101924580015378,0.0,1.7,2.3
3.0999999999998806,-0.3527288839765527,1.3675535242069023,1.309233322486979,0.0,1.7,2.3
3.1019999999998804,-0.35249855150811815,1.3653146197700812,1.3083371453127748,0.0,1.7,2.3
3.10399999999988,-0.35228988006985296,1.3631099242790756,1.307351284299796,0.0,1.7,2.3
3.10599999999988,-0.35201776438872445,1.3608384277130752,1.3064274888753133,0.0,1.7,2.3
3.1079999999998797,-0.3517539930737576,1.358585036279239,1.305438621899599,0.0,1.7,2.3
3.1099999999998795,-0.35145032420420314,1.3562932753338517,1.3044697658222293,0.0,1.7,2.3
3.1119999999998793,-0.35112546747753315,1.3539850234464237,1.3034883110318083,0.0,1.7,2.3
3.113999999999879,-0.35078900732314855,1.3516716940681157,1.3024774249293025,0.0,1.7,2.3
3.115999999999879,-0.3504063368786644,1.349313301841144,1.3014975679255154,0.0,1.7,2.3
3.1179999999998786,-0.3500300229658869,1.3469705082827899,1.300457673619608,0.0,1.7,2.3
3.1199999999998784,-0.34959749040611504,1.3445718668420683,1.2994658527546674,0.0,1.7,2.3
3.121999999999878,-0.3491768494634077,1.3421948763982599,1.2984053093872983,0.0,1.7,2.3
3.123999999999878,-0.3487031231553332,1.3397663176392944,1.2973872423054258,0.0,1.7,2.3
3.1259999999998778,-0.3482239626640344,1.3373397157500087,1.2963307705895397,0.0,1.7,2.3
3.1279999999998775,-0.34771684638192235,1.3348903624451176,1.295273962420297,0.0,1.7,2.3
3.1299999999998773,-0.34717411209419236,1.332409426250347,1.2942303747945385,0.0,1.7,2.3
3.131999999999877,-0.34663184103388384,1.3299375709772008,1.2931387626088628,0.0,1.7,2.3
3.133999999999877,-0.3460260048239915,1.3274038396757364,1.2921075378906268,0.0,1.7,2.3
3.1359999999998767,-0.3454539720020379,1.3249156072105297,1.2909730933090766,0.0,1.7,2.3
3.1379999999998764,-0.34478316524675584,1.3223279931378995,1.289957827928702,0.0,1.7,2.3
3.1399999999998762,-0.34417925191205495,1.3198211896566103,1.2887852244933489,0.0,1.7,2.3
3.141999999999876,-0.3434529642472827,1.3171908903959555,1.287770713553542,0.0,1.7,2.3
3.143999999999876,-0.3427966829787689,1.314643818709836,1.2865949987772105,0.0,1.7,2.3
3.1459999999998756,-0.34203543783475177,1.3119934669857132,1.2855481163439317,0.0,1.7,2.3
3.1479999999998753,-0.3413083412608287,1.3093873493881945,1.2844005368144238,0.0,1.7,2.3
3.149999999999875,-0.3405251276558798,1.3067308895392764,1.2833011147395883,0.0,1.7,2.3
3.151999999999875,-0.33971963685337675,1.3040590022743421,1.282194787737705,0.0,1.7,2.3
3.1539999999998747,-0.3389157752848739,1.3013977702287456,1.2810420781681926,0.0,1.7,2.3
3.1559999999998745,-0.33803879575418116,1.298668634492611,1.2799664249973255,0.0,1.7,2.3
3.1579999999998742,-0.3372045894306731,1.295992574464073,1.2787777330530883,0.0,1.7,2.3
3.159999999999874,-0.336266011660046,1.2932175308251128,1.27771756552082,0.0,1.7,2.3
3.161999999999874,-0.3353901944273351,1.2905153833282572,1.276512622299222,0.0,1.7,2.3
3.1639999999998736,-0.3344021776035179,1.2877077155030887,1.2754493037657204,0.0,1.7,2.3
3.1659999999998734,-0.3334727527659504,1.2849679106141585,1.274248964581769,0.0,1.7,2.3
3.167999999999873,-0.33244239773557493,1.2821354341289162,1.2731723068054093,0.0,1.7,2.3
3.169999999999873,-0.3314572123675363,1.2793566436054131,1.271981381083016,0.0,1.7,2.3
3.1719999999998727,-0.33038794330273347,1.27650325893536,1.2708872984555692,0.0,1.7,2.3
3.1739999999998725,-0.3293427637726208,1.2736821902412627,1.2697140908831674,0.0,1.7,2.3
3.1759999999998723,-0.3282369934678844,1.2708107356703535,1.2686002005599193,0.0,1.7,2.3
3.177999999999872,-0.3271309106008633,1.2679475068102593,1.267447711510814,0.0,1.7,2.3
3.179999999999872,-0.3259884081279239,1.2650581973356176,1.266315986742983,0.0,1.7,2.3
3.1819999999998716,-0.32482019910356763,1.2621526877262614,1.265187862508256,0.0,1.7,2.3
3.1839999999998714,-0.3236454408168961,1.25925024752915,1.2640326252846585,0.0,1.7,2.3
3.185999999999871,-0.3224156628738607,1.2563040456134646,1.2629297324256474,0.0,1.7,2.3
3.187999999999871,-0.32121002112223823,1.2533900757084484,1.2617503680479114,0.0,1.7,2.3
3.1899999999998707,-0.31991698020958625,1.2504026968166309,1.2606774012353597,0.0,1.7,2.3
3.1919999999998705,-0.318673839419522,1.2474713785995954,1.2594864266178867,0.0,1.7,2.3
3.1939999999998703,-0.3173296073393202,1.244455223543894,1.258425629862442,0.0,1.7,2.3
3.19599999999987,-0.31603066626454096,1.2414902585580145,1.2572549509682862,0.0,1.7,2.3
3.19799999999987,-0.3146540073871854,1.2384634116650097,1.2561774434010262,0.0,1.7,2.3
3.1999999999998696,-0.31329457074181255,1.2354615156590727,1.2550368653231256,0.0,1.7,2.3
3.2019999999998694,-0.31188734015106295,1.2324260205362656,1.253941417169926,0.0,1.7,2.3
3.203999999999869,-0.31046823761166376,1.229389091902362,1.2528318113335921,0.0,1.7,2.3
3.205999999999869,-0.30903235119006395,1.2263470140990544,1.2517170705118477,0.0,1.7,2.3
3.2079999999998687,-0.30754777039045067,1.2232711106466219,1.2506505425639245,0.0,1.7,2.3
3.2099999999998685,-0.3060828971221375,1.220222554782154,1.2495189297831146,0.0,1.7,2.3
3.2119999999998683,-0.3045401256529693,1.2171154476420694,1.248485931665535,0.0,1.7,2.3
3.213999999999868,-0.30303427708577413,1.2140504192202444,1.2473595106301536,0.0,1.7,2.3
3.215999999999868,-0.30145567211153984,1.2109325221913723,1.2463248836648522,0.0,1.7,2.3
3.2179999999998676,-0.29989105893142637,1.2078365378814375,1.2452359858789073,0.0,1.7,2.3
3.2199999999998674,-0.29828588421413027,1.2047163156120586,1.244186143911193,0.0,1.7,2.3
3.221999999999867,-0.29666101635153574,1.201589413834387,1.2431401000473,0.0,1.7,2.3
3.223999999999867,-0.2950286170784711,1.198466679132865,1.2420781058510322,0.0,1.7,2.3
3.2259999999998668,-0.29334639752796926,1.1953126302775652,1.2410728953100616,0.0,1.7,2.3
3.2279999999998665,-0.2916877972585084,1.1921885992787014,1.239998920063365,0.0,1.7,2.3
3.2299999999998663,-0.28995221591354636,1.1890119488172943,1.23903062322333,0.0,1.7,2.3
3.231999999999866,-0.28825581712348197,1.185877658721651,1.237966888989864,0.0,1.7,2.3
3.233999999999866,-0.28648311552041794,1.1826926900114414,1.237010092397242,0.0,1.7,2.3
3.2359999999998657,-0.28473110986859373,1.1795347866647,1.2359904497406533,0.0,1.7,2.3
3.2379999999998654,-0.28293913034209217,1.1763563498480203,1.2350160955632759,0.0,1.7,2.3
3.239999999999865,-0.2811228915854862,1.1731694426703905,1.2340591327521933,0.0,1.7,2.3
3.241999999999865,-0.27932053318416267,1.170004610554662,1.2330530407782965,0.0,1.7,2.3
3.2439999999998648,-0.27744112283021494,1.1667911550313157,1.2321605828585243,0.0,1.7,2.3
3.2459999999998645,-0.2756181205787134,1.1636320909775697,1.2311427406145004,0.0,1.7,2.3
3.2479999999998643,-0.27369381150409894,1.160407539799667,1.2302854467921158,0.0,1.7,2.3
3.249999999999864,-0.2718281159437975,1.1572381469234534,1.2292981617048435,0.0,1.7,2.3
3.251999999999864,-0.2698800309656079,1.1540192659473247,1.228440354128791,0.0,1.7,2.3
3.2539999999998637,-0.26795556205443294,1.150828898100231,1.2275165389559204,0.0,1.7,2.3
3.2559999999998634,-0.26599977137725256,1.1476277593637854,1.2266303835498984,0.0,1.7,2.3
3.2579999999998632,-0.2640119973616587,1.1444148046344464,1.2257825534055407,0.0,1.7,2.3
3.259999999999863,-0.2620467714820284,1.1412301086445764,1.2248726214784207,0.0,1.7,2.3
3.261999999999863,-0.26000511060483383,1.1380030253630111,1.2240873242993253,0.0,1.7,2.3
3.2639999999998626,-0.25801978520895325,1.1348273929312505,1.223175455402076,0.0,1.7,2.3
3.2659999999998623,-0.25593908441842955,1.1315979242780685,1.2224281236467158,0.0,1.7,2.3
3.267999999999862,-0.2539185718550507,1.1284215754991724,1.2215457699309276,0.0,1.7,2.3
3.269999999999862,-0.25181368438944546,1.125200767061894,1.2208106582425133,0.0,1.7,2.3
3.2719999999998617,-0.24975021483939297,1.1220195548181768,1.219976259358837,0.0,1.7,2.3
3.2739999999998615,-0.2476257513243036,1.118811025807446,1.219246697041188,0.0,1.7,2.3
3.2759999999998612,-0.24552149693724803,1.115627635519169,1.2184595842930355,0.0,1.7,2.3
3.277999999999861,-0.24337881915339088,1.1124326997648264,1.2177350232409592,0.0,1.7,2.3
3.279999999999861,-0.24123053729199306,1.109246365040976,1.2170055387154022,0.0,1.7,2.3
3.2819999999998606,-0.23907666294113866,1.106069803515817,1.2162737262419279,0.0,1.7,2.3
3.2839999999998604,-0.23688263845306373,1.1028808977575941,1.2156095229695856,0.0,1.7,2.3
3.28599999999986,-0.23471491347561993,1.099721330014433,1.2148777402091298,0.0,1.7,2.3
3.28799999999986,-0.23248412668332735,1.0965367205994225,1.2142643016120689,0.0,1.7,2.3
3.2899999999998597,-0.23029862113966454,1.0933921363454913,1.2135427589553154,0.0,1.7,2.3
3.2919999999998595,-0.22803615669913116,1.0902159623128487,1.2129730008201556,0.0,1.7,2.3
3.2939999999998593,-0.22582973726950706,1.0870850849888354,1.212270766264806,0.0,1.7,2.3
3.295999999999859,-0.22354006328616813,1.0839209246390715,1.21173854706764,0.0,1.7,2.3
3.297999999999859,-0.2213088226910113,1.0808022940678648,1.2110669188484817,0.0,1.7,2.3
3.2999999999998586,-0.21899693943856594,1.0776538176862973,1.2105645400197569,0.0,1.7,2.3
3.3019999999998584,-0.21673845642498377,1.0745470166253264,1.2099320649044225,0.0,1.7,2.3
3.303999999999858,-0.21441248112172498,1.0714191727749083,1.2094440446422314,0.0,1.7,2.3
3.305999999999858,-0.21212529988266288,1.0683243732845598,1.2088573120019557,0.0,1.7,2.3
3.3079999999998577,-0.20978882147509167,1.0652193670000203,1.2083775711882239,0.0,1.7,2.3
3.3099999999998575,-0.20746758495142195,1.062135062753269,1.2078528499570687,0.0,1.7,2.3
3.3119999999998573,-0.2051285904251182,1.0590570330286575,1.2073645321229713,0.0,1.7,2.3
3.313999999999857,-0.20276608836340837,1.0559813133357208,1.2069236494620552,0.0,1.7,2.3
3.315999999999857,-0.20042895016786122,1.052932266531891,1.206417476568248,0.0,1.7,2.3
3.3179999999998566,-0.19802992729165914,1.0498690566019078,1.2060543965120492,0.0,1.7,2.3
3.3199999999998564,-0.19569127038594145,1.0468472681143228,1.2055392889302607,0.0,1.7,2.3
3.321999999999856,-0.19326544938272391,1.043802280872452,1.205234897055936,0.0,1.7,2.3
3.323999999999856,-0.19091680413010162,1.0408041980884215,1.2047332349465378,0.0,1.7,2.3
3.3259999999998557,-0.18847405396644432,1.037782603141184,1.204466645237056,0.0,1.7,2.3
3.3279999999998555,-0.18610764411341965,1.034805625180123,1.2040006919056911,0.0,1.7,2.3
3.3299999999998553,-0.18365513945355627,1.0318109520879535,1.2037565377645574,0.0,1.7,2.3
3.331999999999855,-0.18126667959544318,1.0288543722065564,1.2033409231901535,0.0,1.7,2.3
3.333999999999855,-0.17881429913075442,1.0258905281500936,1.2030951812866946,0.0,1.7,2.3
3.3359999999998546,-0.1763963113026708,1.0229529179803076,1.2027541371453305,0.0,1.7,2.3
3.3379999999998544,-0.17394954971156867,1.0200216896699859,1.2024930051403475,0.0,1.7,2.3
3.339999999999854,-0.17150091315841037,1.0171043351976634,1.2022350806357502,0.0,1.7,2.3
3.341999999999854,-0.16906136653678613,1.0142058810881067,1.2019544689465083,0.0,1.7,2.3
3.3439999999998538,-0.16658651046797077,1.011311806349507,1.2017729143531326,0.0,1.7,2.3
3.3459999999998535,-0.16414978663608898,1.0084444915347042,1.20148550815436,0.0,1.7,2.3
3.3479999999998533,-0.16166073087039634,1.005578351369449,1.2013506202227762,0.0,1.7,2.3
3.349999999999853,-0.1592134763625115,1.0027387706660624,1.2010966914705152,0.0,1.7,2.3
3.351999999999853,-0.15672309901755857,0.9999044969883847,1.2009737564052523,0.0,1.7,2.3
3.3539999999998527,-0.1542571174710704,0.9970916650522339,1.200781488029407,0.0,1.7,2.3
3.3559999999998524,-0.15176934844243276,0.9942902753887977,1.2006602682867347,0.0,1.7,2.3
3.357999999999852,-0.149288664147038,0.9915063073121225,1.2005220687861364,0.0,1.7,2.3
3.359999999999852,-0.14680075734351758,0.9887372658487941,1.2004122610366317,0.0,1.7,2.3
3.3619999999998518,-0.14431116132475014,0.9859842043099325,1.200313959925428,0.0,1.7,2.3
3.3639999999998516,-0.1418208043309254,0.983247336242441,1.2002246755241208,0.0,1.7,2.3
3.3659999999998513,-0.13932666182946302,0.980526532103201,1.2001553719128095,0.0,1.7,2.3
3.367999999999851,-0.13682867820412847,0.9778217041191053,1.2001062837237777,0.0,1.7,2.3
3.369999999999851,-0.134338013455456,0.9751344752788388,1.2000416350375207,0.0,1.7,2.3
3.3719999999998507,-0.1318267233107652,0.9724621492222096,1.2000559889946012,0.0,1.7,2.3
3.3739999999998505,-0.1293428101561082,0.9698087350301302,1.1999858715670983,0.0,1.7,2.3
3.3759999999998502,-0.12682349003600138,0.9671704873583461,1.2000501468649154,0.0,1.7,2.3
3.37799999999985,-0.12433990575230652,0.9645505371603479,1.1999981382182976,0.0,1.7,2.3
3.37999999999985,-0.1218193916501372,0.9619474892135591,1.2000918031283847,0.0,1.7,2.3
3.3819999999998496,-0.11933486078737031,0.9593613539933485,1.2000647060798952,0.0,1.7,2.3
3.3839999999998494,-0.1168154099431959,0.956793999684769,1.2001821249258797,0.0,1.7,2.3
3.385999999999849,-0.1143275237614635,0.9542423508118459,1.2001918458058338,0.0,1.7,2.3
3.387999999999849,-0.11181473153022273,0.9517107608898383,1.200313887692642,0.0,1.7,2.3
3.3899999999998487,-0.10931855866469571,0.9491948932487208,1.2003834569685026,0.0,1.7,2.3
3.3919999999998485,-0.10681920313801085,0.946698300216469,1.2004840919601583,0.0,1.7,2.3
3.3939999999998482,-0.1043113665618157,0.9442200668320164,1.2006325897558363,0.0,1.7,2.3
3.395999999999848,-0.10182772462718681,0.9417574945480353,1.2007015495375302,0.0,1.7,2.3
3.397999999999848,-0.09931121478225304,0.9393182140021522,1.2009231883925306,0.0,1.7,2.3
3.3999999999998476,-0.09683871287247343,0.9368897616908949,1.2009784873693339,0.0,1.7,2.3
3.4019999999998474,-0.09432058249888405,0.9344895855089527,1.2012490665821332,0.0,1.7,2.3
3.403999999999847,-0.09185300394853996,0.9320964861145458,1.2013182011352554,0.0,1.7,2.3
3.405999999999847,-0.08934119110534053,0.929734344092465,1.2016064800848028,0.0,1.7,2.3
3.4079999999998467,-0.08687315955546647,0.9273785828758293,1.2017162306921145,0.0,1.7,2.3
3.4099999999998465,-0.08437482059010529,0.9250523897095736,1.2019905871773993,0.0,1.7,2.3
3.4119999999998463,-0.08190242261793311,0.9227364066354103,1.2021638606989438,0.0,1.7,2.3
3.413999999999846,-0.07941971717912412,0.9204448573115527,1.2024132591730097,0.0,1.7,2.3
3.415999999999846,-0.07694364708578691,0.9181701010952444,1.2026530975671526,0.0,1.7,2.3
3.4179999999998456,-0.07447452294584803,0.915913425118652,1.2028866317026756,0.0,1.7,2.3
3.4199999999998454,-0.07199927186336243,0.9136796106499118,1.2031767785618868,0.0,1.7,2.3
3.421999999999845,-0.06953971646338335,0.9114594258379356,1.2034150623937923,0.0,1.7,2.3
3.423999999999845,-0.06707321725502877,0.9092635389757766,1.2037179992754548,0.0,1.7,2.3
3.4259999999998447,-0.0646179316169967,0.9070829995116385,1.2039912470953353,0.0,1.7,2.3
3.4279999999998445,-0.0621635814379612,0.9049232470425151,1.2042897509065715,0.0,1.7,2.3
3.4299999999998443,-0.0597131547810854,0.9027830264603448,1.2045988773467073,0.0,1.7,2.3
3.431999999999844,-0.057269174724423236,0.9006604615758041,1.204903608686855,0.0,1.7,2.3
3.433999999999844,-0.05482600953298611,0.8985600067203423,1.2052389913186554,0.0,1.7,2.3
3.4359999999998436,-0.05239103988604133,0.8964759016423354,1.2055597983827542,0.0,1.7,2.3
3.4379999999998434,-0.04995857304890733,0.8944132656684846,1.2059035004725818,0.0,1.7,2.3
3.439999999999843,-0.04753065698710532,0.8923697951011665,1.2062553304808779,0.0,1.7,2.3
3.441999999999843,-0.045111608264395246,0.8903428087511638,1.206591206416577,0.0,1.7,2.3
3.4439999999998427,-0.042689585350573364,0.888342128563315,1.2069860998090638,0.0,1.7,2.3
3.4459999999998425,-0.04028475909045349,0.8863497927074195,1.2073086716693338,0.0,1.7,2.3
3.4479999999998423,-0.03787009836743089,0.884391885514375,1.2077420812609263,0.0,1.7,2.3
3.449999999999842,-0.03547806425273643,0.8824353854640945,1.2080610556044449,0.0,1.7,2.3
3.451999999999842,-0.03307400520875141,0.880517888306008,1.208514304410959,0.0,1.7,2.3
3.4539999999998416,-0.030693000899001854,0.8785992831211448,1.2088434630809384,0.0,1.7,2.3
3.4559999999998414,-0.02830081314726468,0.8767214137875737,1.2093101175604655,0.0,1.7,2.3
3.457999999999841,-0.025929655743424394,0.874842879556626,1.209661580210233,0.0,1.7,2.3
3.459999999999841,-0.023552208201793337,0.8730012486564432,1.2101207668208807,0.0,1.7,2.3
3.4619999999998408,-0.02118887567173826,0.8711667833230659,1.2105157469873966,0.0,1.7,2.3
3.4639999999998405,-0.018828669630675504,0.8693573397534095,1.2109456013428614,0.0,1.7,2.3
3.4659999999998403,-0.016473172823453182,0.8675687779331785,1.2113908811749665,0.0,1.7,2.3
3.46799999999984,-0.014129827238533578,0.8657910509640198,1.2117916988502138,0.0,1.7,2.3
3.46999999999984,-0.011784070933998293,0.8640472555213905,1.2122773715295563,0.0,1.7,2.3
3.4719999999998397,-0.00945508373513181,0.8623049659499697,1.2126710500248148,0.0,1.7,2.3
3.4739999999998394,-0.0071222849330567365,0.8606015865247494,1.2131717020037591,0.0,1.7,2.3
3.475999999999839,-0.004805608357735919,0.8588989872760407,1.2135803670795657,0.0,1.7,2.3
3.477999999999839,-0.002487671034782786,0.857232760131657,1.2140788125277207,0.0,1.7,2.3
3.4799999999998388,-0.00018303348155249662,0.8555715256249049,1.2145096439599483,0.0,1.7,2.3
3.4819999999998386,0.0021194562952364746,0.8539410770053661,1.2149996767449591,0.0,1.7,2.3
3.4839999999998383,0.004411495354215504,0.8523212020646144,1.2154512407040612,0.0,1.7,2.3
3.485999999999838,0.006699101570926286,0.8507278991199492,1.2159399791376682,0.0,1.7,2.3
3.487999999999838,0.008977209780731094,0.849147033100909,1.2164001363343013,0.0,1.7,2.3
3.4899999999998377,0.011250586983477369,0.8475931631893115,1.2168981609915912,0.0,1.7,2.3
3.4919999999998375,0.01351428179844763,0.8460506552841511,1.2173635027347403,0.0,1.7,2.3
3.4939999999998372,0.01577259999294473,0.8445344032843394,1.2178622154515673,0.0,1.7,2.3
3.495999999999837,0.018022657572562908,0.8430338029724107,1.2183480720416704,0.0,1.7,2.3
3.497999999999837,0.020264758475936177,0.8415512866498781,1.2188306187087954,0.0,1.7,2.3
3.4999999999998366,0.022501234781315695,0.8400946999663276,1.2193449127688307,0.0,1.7,2.3
3.5019999999998364,0.024727123343525458,0.8386452638761389,1.2198094835449338,0.0,1.7,2.3
3.503999999999836,0.026949164759538947,0.8372314459968349,1.220345504854401,0.0,1.7,2.3
3.505999999999836,0.029159644276383446,0.8358183433705675,1.2208064769140845,0.0,1.7,2.3
3.5079999999998357,0.03136597424337308,0.8344429543208971,1.2213453856748557,0.0,1.7,2.3
3.5099999999998355,0.03356169617807314,0.8330704062974953,1.2218199849058131,0.0,1.7,2.3
3.5119999999998353,0.03575138844069967,0.8317285577548403,1.2223421940221928,0.0,1.7,2.3
3.513999999999835,0.03793268041349022,0.8304011193058943,1.2228477434001483,0.0,1.7,2.3
3.515999999999835,0.04010531921174608,0.8290886552709513,1.2233378772994397,0.0,1.7,2.3
3.5179999999998346,0.04227176977598739,0.8278075643242014,1.2238777638192968,0.0,1.7,2.3
3.5199999999998344,0.04442797143009026,0.8265273048830162,1.2243480621088616,0.0,1.7,2.3
3.521999999999834,0.04657859912312566,0.8252889221647369,1.224906868695709,0.0,1.7,2.3
3.523999999999834,0.04871874996427301,0.8240437921034631,1.2253691812163499,0.0,1.7,2.3
3.5259999999998337,0.0508529378174264,0.8228449289099787,1.2259342528037038,0.0,1.7,2.3
3.5279999999998335,0.05297723154972096,0.8216383106421341,1.226401401640649,0.0,1.7,2.3
3.5299999999998333,0.0550944003633238,0.8204712941635615,1.2269445918060629,0.0,1.7,2.3
3.531999999999833,0.057203059519048215,0.8193125977797012,1.2274505021132533,0.0,1.7,2.3
3.533999999999833,0.059303097854565945,0.8181696085530115,1.2279446418452806,0.0,1.7,2.3
3.5359999999998326,0.06139560693502358,0.817063342847118,1.2285038329638234,0.0,1.7,2.3
3.5379999999998324,0.06347898834556501,0.8159462604336488,1.2289574060919037,0.0,1.7,2.3
3.539999999999832,0.06555453174556758,0.8148853869109363,1.2295432226473901,0.0,1.7,2.3
3.541999999999832,0.06762156978174774,0.8138027769464954,1.2299875143473058,0.0,1.7,2.3
3.5439999999998317,0.06967985721743135,0.8127771307918173,1.2305640681674985,0.0,1.7,2.3
3.5459999999998315,0.07173034673424353,0.8117374345450045,1.2310283171856353,0.0,1.7,2.3
3.5479999999998313,0.07377158033711559,0.8107399967132263,1.2315722273923084,0.0,1.7,2.3
3.549999999999831,0.07580494263876666,0.8097488133187226,1.2320746280495432,0.0,1.7,2.3
3.551999999999831,0.07782955056201915,0.8087753233059574,1.2325728241191836,0.0,1.7,2.3
3.5539999999998306,0.07984505308058432,0.8078358572976773,1.2331227846517525,0.0,1.7,2.3
3.5559999999998304,0.08185346028027496,0.8068851181034169,1.233572855476766,0.0,1.7,2.3
3.55799999999983,0.08385078837136375,0.8059930232267336,1.2341547706824283,0.0,1.7,2.3
3.55999999999983,0.0858426939386036,0.8050735829794657,1.2345860671394084,0.0,1.7,2.3
3.5619999999998297,0.0878221761992929,0.8042194123374204,1.2351685241230383,0.0,1.7,2.3
3.5639999999998295,0.08979684320927787,0.8033397844643262,1.2356089789105709,0.0,1.7,2.3
3.5659999999998293,0.09175911643637719,0.8025156856289968,1.2361670488980405,0.0,1.7,2.3
3.567999999999829,0.09371563633927718,0.801682272650451,1.2366367629685644,0.0,1.7,2.3
3.569999999999829,0.09566162872415909,0.8008809886902861,1.237148444552428,0.0,1.7,2.3
3.5719999999998286,0.09759903569568673,0.8000985099330556,1.237661533370989,0.0,1.7,2.3
3.5739999999998284,0.09952926827504804,0.7993182394771926,1.2381225963649183,0.0,1.7,2.3
3.575999999999828,0.10144688695179455,0.7985876035692562,1.2386808191309275,0.0,1.7,2.3
3.577999999999828,0.10336155365237712,0.7978291922495773,1.2390952733527925,0.0,1.7,2.3
3.5799999999998278,0.10525937996653044,0.7971465725073547,1.2396859149082056,0.0,1.7,2.3
3.5819999999998275,0.10715768761429105,0.7964170567775284,1.24007643906583,0.0,1.7,2.3
3.5839999999998273,0.10903709931496731,0.7957708944886128,1.2406639047205263,0.0,1.7,2.3
3.585999999999827,0.11091720573372842,0.795082074551922,1.2410667565271856,0.0,1.7,2.3
3.587999999999827,0.11278005816383416,0.794460641164259,1.2416161936826557,0.0,1.7,2.3
3.5899999999998267,0.1146400414210117,0.7938221041524185,1.2420597968592377,0.0,1.7,2.3
3.5919999999998264,0.11648748055528046,0.7932199392306462,1.2425560529204625,0.0,1.7,2.3
3.5939999999998262,0.11832671888999521,0.7926323403261932,1.2430415811688431,0.0,1.7,2.3
3.595999999999826,0.1201585456878621,0.7920519936583736,1.243493485892057,0.0,1.7,2.3
3.597999999999826,0.12197726648588995,0.7915115607227461,1.2440091756719291,0.0,1.7,2.3
3.5999999999998256,0.12379308407310126,0.7909560040119036,1.2444264786329127,0.0,1.7,2.3
3.6019999999998253,0.12559185534798473,0.7904580663134003,1.24495840398372,0.0,1.7,2.3
3.603999999999825,0.1273904661000006,0.7899334761307628,1.2453597768328906,0.0,1.7,2.3
3.605999999999825,0.12917058760896502,0.7894706796922351,1.245886716763604,0.0,1.7,2.3
3.6079999999998247,0.13095074643472826,0.7889824942922361,1.2462882001705076,0.0,1.7,2.3
3.6099999999998245,0.13271279328809488,0.7885517349092948,1.2468016354509852,0.0,1.7,2.3
3.6119999999998242,0.134474077488922,0.7881009996611827,1.2472063575540973,0.0,1.7,2.3
3.613999999999824,0.13621810039465568,0.7877017792276683,1.2477053565944416,0.0,1.7,2.3
3.615999999999824,0.13796030775806678,0.7872884901932797,1.2481134364967845,0.0,1.7,2.3
3.6179999999998236,0.13968660225948823,0.7869193261731627,1.2485943209756674,0.0,1.7,2.3
3.6199999999998234,0.14140913444994885,0.7865450825042095,1.2490103853369052,0.0,1.7,2.3
3.621999999999823,0.14311817306041866,0.7862039077880733,1.24946791751595,0.0,1.7,2.3
3.623999999999823,0.14482026386469288,0.7858707377884242,1.249897676138462,0.0,1.7,2.3
3.6259999999998227,0.14651229504056584,0.7855565039539899,1.2503295320047705,0.0,1.7,2.3
3.6279999999998225,0.14819381081157154,0.7852638283865169,1.2507713914271417,0.0,1.7,2.3
3.6299999999998223,0.1498687093049873,0.7849769608407284,1.2511793494922288,0.0,1.7,2.3
3.631999999999822,0.15152975835690902,0.7847233834183117,1.2516295376835225,0.0,1.7,2.3
3.633999999999822,0.15318743141968216,0.7844641314251265,1.2520148553439148,0.0,1.7,2.3
3.6359999999998216,0.15482841631358857,0.784247364284532,1.2524672775105563,0.0,1.7,2.3
3.6379999999998214,0.15646739439741886,0.7840206549271123,1.2528438448668653,0.0,1.7,2.3
3.639999999999821,0.15808951796709816,0.7838358083420621,1.253285459744239,0.0,1.7,2.3
3.641999999999821,0.1597084594964963,0.783645639038099,1.2536643724282113,0.0,1.7,2.3
3.6439999999998207,0.16131238950056742,0.7834900319845209,1.2540883363832318,0.0,1.7,2.3
3.6459999999998205,0.1629111368214505,0.7833361603229445,1.2544691221334636,0.0,1.7,2.3
3.6479999999998203,0.16449678770369677,0.7832097866462107,1.2548758818374819,0.0,1.7,2.3
3.64999999999982,0.16607560320024956,0.7830906563242253,1.2552545908421466,0.0,1.7,2.3
3.65199999999982,0.1676426720607828,0.7829941581784928,1.2556462927425027,0.0,1.7,2.3
3.6539999999998196,0.16920089475228492,0.7829111632577044,1.2560268569215742,0.0,1.7,2.3
3.6559999999998194,0.17074978157360707,0.7828429025966531,1.2563995410034483,0.0,1.7,2.3
3.657999999999819,0.17228713547204333,0.7827961402613369,1.2567824052455197,0.0,1.7,2.3
3.659999999999819,0.173817264934899,0.782757521804206,1.2571401875945627,0.0,1.7,2.3
3.6619999999998187,0.17533463500397198,0.7827436091621246,1.2575166395091506,0.0,1.7,2.3
3.6639999999998185,0.17684497644859798,0.7827372693682075,1.2578668044846542,0.0,1.7,2.3
3.6659999999998183,0.17834328764722474,0.7827529415396783,1.2582285719486535,0.0,1.7,2.3
3.667999999999818,0.17983199245695733,0.7827836230348469,1.2585837727840303,0.0,1.7,2.3
3.669999999999818,0.18131340390731882,0.782822322410581,1.258914112832784,0.0,1.7,2.3
3.6719999999998176,0.18277818605905433,0.7828956482826406,1.2592891155903845,0.0,1.7,2.3
3.6739999999998174,0.18424383273890158,0.7829541018432302,1.2595800242380173,0.0,1.7,2.3
3.675999999999817,0.18568539408835155,0.7830670878794417,1.2599671158553907,0.0,1.7,2.3
3.677999999999817,0.1871325399280754,0.7831527658411412,1.260238444164086,0.0,1.7,2.3
3.6799999999998168,0.18855359405514274,0.7832971441465737,1.2606163622900783,0.0,1.7,2.3
3.6819999999998165,0.18997903843717898,0.7834182218451863,1.2608894965051256,0.0,1.7,2.3
3.6839999999998163,0.1913825243010866,0.7835856675683849,1.2612371001434197,0.0,1.7,2.3
3.685999999999816,0.19278315680263058,0.7837495432525261,1.261531169077331,0.0,1.7,2.3
3.687999999999816,0.1941720372547659,0.7839321984787552,1.2618287547618814,0.0,1.7,2.3
3.6899999999998156,0.19554569599139854,0.7841433796793493,1.2621552888752243,0.0,1.7,2.3
3.6919999999998154,0.19692062290891824,0.7843397214775786,1.2623995186240116,0.0,1.7,2.3
3.693999999999815,0.19826730612306673,0.7845969640635639,1.2627552606389008,0.0,1.7,2.3
3.695999999999815,0.19962659797394866,0.7848113433428062,1.2629577405110304,0.0,1.7,2.3
3.6979999999998148,0.20094863519398193,0.785107700688448,1.2633249876666117,0.0,1.7,2.3
3.6999999999998145,0.20228903699568934,0.7853480479582178,1.2635062605650351,0.0,1.7,2.3
3.7019999999998143,0.20358936814705722,0.7856754795158155,1.2638647181300016,0.0,1.7,2.3
3.703999999999814,0.2049078999523321,0.7859486002557879,1.2640422668202447,0.0,1.7,2.3
3.705999999999814,0.20619024049834755,0.7862976906356458,1.2643683667913406,0.0,1.7,2.3
3.7079999999998137,0.20748127181167925,0.7866162309692263,1.2645742275000083,0.0,1.7,2.3
3.7099999999998134,0.2087514681292343,0.7869730819383789,1.2648333040335016,0.0,1.7,2.3
3.7119999999998132,0.2100103398715467,0.7873467229177834,1.2650917747964636,0.0,1.7,2.3
3.713999999999813,0.21126952661077913,0.7877090327249562,1.2652785714262007,0.0,1.7,2.3
3.715999999999813,0.21249783352022839,0.7881326168964634,1.265576514098097,0.0,1.7,2.3
3.7179999999998126,0.2137417239429398,0.7885104744926852,1.2657168416417122,0.0,1.7,2.3
3.7199999999998123,0.2149450540908495,0.7889701629827274,1.2660195145321418,0.0,1.7,2.3
3.721999999999812,0.21616703205524673,0.7893782731910054,1.2661504857489585,0.0,1.7,2.3
3.723999999999812,0.21735142493442855,0.78985996814758,1.2664227797152243,0.0,1.7,2.3
3.7259999999998117,0.21854612113374008,0.7903095092735647,1.2665724117167383,0.0,1.7,2.3
3.7279999999998115,0.21971535880449813,0.7908047525686829,1.2667935252450433,0.0,1.7,2.3
3.7299999999998112,0.22087953139235642,0.7913017101300663,1.2669767006460735,0.0,1.7,2.3
3.731999999999811,0.22203487984267956,0.7918078381660071,1.2671403651421431,0.0,1.7,2.3
3.733999999999811,0.22316913963291876,0.7923497313507369,1.2673508489599687,0.0,1.7,2.3
3.7359999999998106,0.22430794567114506,0.7928724534557006,1.2674715928035498,0.0,1.7,2.3
3.7379999999998104,0.22541599354821604,0.7934504784338235,1.2676875303064903,0.0,1.7,2.3
3.73999999999981,0.22653335644959963,0.7939998467755021,1.2677905177794724,0.0,1.7,2.3
3.74199999999981,0.22761996707611432,0.7946034329802846,1.2679858290425976,0.0,1.7,2.3
3.7439999999998097,0.22871042859694987,0.7951901006317581,1.2680975338301255,0.0,1.7,2.3
3.7459999999998095,0.2297793723345932,0.7958112158693122,1.268252560165491,0.0,1.7,2.3
3.7479999999998093,0.2308407412578999,0.7964387531356668,1.2683818248185028,0.0,1.7,2.3
3.749999999999809,0.23189214163795493,0.7970770252891471,1.2684958974831533,0.0,1.7,2.3
3.751999999999809,0.23292568808763045,0.7977419951101881,1.2686342657315692,0.0,1.7,2.3
3.7539999999998086,0.23395767838304668,0.7984009749562645,1.268716362825136,0.0,1.7,2.3
3.7559999999998084,0.23496477902294527,0.7990998906588308,1.2688553081120613,0.0,1.7,2.3
3.757999999999808,0.2359746436704648,0.7997845584687583,1.2689178527692955,0.0,1.7,2.3
3.759999999999808,0.2369579507704873,0.8005116437493921,1.2690432749626162,0.0,1.7,2.3
3.7619999999998077,0.2379423679384209,0.8012278860340999,1.2691008440926654,0.0,1.7,2.3
3.7639999999998075,0.2389040798953856,0.8019784898984266,1.269201472791886,0.0,1.7,2.3
3.7659999999998073,0.2398621195526734,0.8027274370981874,1.2692569269059968,0.0,1.7,2.3
3.767999999999807,0.2408016754204097,0.8035022676893772,1.2693346625500392,0.0,1.7,2.3
3.769999999999807,0.2417345320591566,0.8042810713979364,1.2693811224286813,0.0,1.7,2.3
3.7719999999998066,0.24264962478635854,0.8050839844781547,1.2694455436813405,0.0,1.7,2.3
3.7739999999998064,0.24355842317975926,0.8058900445109316,1.2694767693471978,0.0,1.7,2.3
3.775999999999806,0.2444490713080913,0.8067205086034993,1.2695267055881936,0.0,1.7,2.3
3.777999999999806,0.24533187471629694,0.8075568392400954,1.2695501830965463,0.0,1.7,2.3
3.7799999999998057,0.24620018948119046,0.8084106090566866,1.2695754170270697,0.0,1.7,2.3
3.7819999999998055,0.24705500274138997,0.8092801877181541,1.2695985170665558,0.0,1.7,2.3
3.7839999999998053,0.24790153343471436,0.8101559543664463,1.2695960247374134,0.0,1.7,2.3
3.785999999999805,0.24872765305306782,0.8110593450268618,1.2696202198121767,0.0,1.7,2.3
3.787999999999805,0.24955184851003315,0.811957758687532,1.2695917546624154,0.0,1.7,2.3
3.7899999999998046,0.25035055819028196,0.8128920854803664,1.269610160864192,0.0,1.7,2.3
3.7919999999998044,0.25115034610088394,0.8138163748302923,1.2695637406935143,0.0,1.7,2.3
3.793999999999804,0.25192405613953317,0.8147769821137354,1.269565185459299,0.0,1.7,2.3
3.795999999999804,0.25269619841573127,0.8157321858414883,1.2695132001056508,0.0,1.7,2.3
3.7979999999998038,0.2534471650194228,0.8167148684636935,1.2694876448489516,0.0,1.7,2.3
3.7999999999998035,0.2541892313763152,0.8177044420186486,1.269438614145535,0.0,1.7,2.3
3.8019999999998033,0.2549179836790554,0.818708020354933,1.2693833894408162,0.0,1.7,2.3
3.803999999999803,0.25563070535080107,0.8197300868821276,1.269332901035033,0.0,1.7,2.3
3.805999999999803,0.25633506505927756,0.8207578455628515,1.269256166504386,0.0,1.7,2.3
3.8079999999998027,0.2570206393889423,0.8218082373532015,1.2691942859323704,0.0,1.7,2.3
3.8099999999998024,0.2576987073702617,0.8228628729464479,1.269102766130774,0.0,1.7,2.3
3.811999999999802,0.2583580229490398,0.8239396873897548,1.2690250767926172,0.0,1.7,2.3
3.813999999999802,0.25900777209378517,0.8250239628670794,1.268925651501753,0.0,1.7,2.3
3.8159999999998018,0.2596432524713358,0.8261229599349659,1.2688221031970601,0.0,1.7,2.3
3.8179999999998016,0.26026159837665114,0.8272411721832743,1.2687253638271323,0.0,1.7,2.3
3.8199999999998013,0.2608743162900413,0.8283603765825409,1.2685914086481274,0.0,1.7,2.3
3.821999999999801,0.26146181842936506,0.8295110136412983,1.2684939058404834,0.0,1.7,2.3
3.823999999999801,0.26204985460204827,0.8306531329069289,1.268336330956798,0.0,1.7,2.3
3.8259999999998007,0.2626078777555298,0.8318335065438455,1.2682317964704295,0.0,1.7,2.3
3.8279999999998005,0.2631693744838008,0.8330010325165288,1.2680568702420347,0.0,1.7,2.3
3.8299999999998002,0.2637002211928936,0.8342071625335467,1.267935939853384,0.0,1.7,2.3
3.8319999999998,0.26423134970200846,0.8354054203357905,1.2677567844452469,0.0,1.7,2.3
3.8339999999998,0.2647383550153128,0.8366319455980896,1.267606780254815,0.0,1.7,2.3
3.8359999999997996,0.2652358426383721,0.837865214033127,1.2674340026254043,0.0,1.7,2.3
3.8379999999997993,0.2657211643470793,0.8391087252483709,1.2672469792732788,0.0,1.7,2.3
3.839999999999799,0.26618366694630957,0.8403782927645703,1.2670839850732607,0.0,1.7,2.3
3.841999999999799,0.2666464130737205,0.8416399281843463,1.2668629935271052,0.0,1.7,2.3
3.8439999999997987,0.26707636509627025,0.842941593749929,1.2666999532402303,0.0,1.7,2.3
3.8459999999997985,0.26751239552604605,0.8442270839833832,1.2664591529233022,0.0,1.7,2.3
3.8479999999997982,0.26791326599333076,0.8455553312377799,1.266283080072945,0.0,1.7,2.3
3.849999999999798,0.2683179666535906,0.8468708253081014,1.2660376682512275,0.0,1.7,2.3
3.851999999999798,0.268695169406884,0.8482176473846741,1.2658295639412598,0.0,1.7,2.3
3.8539999999997976,0.26906294593459745,0.8495704113350294,1.2655974794703038,0.0,1.7,2.3
3.8559999999997974,0.26941967141277834,0.8509311965479127,1.2653465469626255,0.0,1.7,2.3
3.857999999999797,0.2697509167662593,0.8523199667151683,1.265125147946149,0.0,1.7,2.3
3.859999999999797,0.2700825541920184,0.8537009526412228,1.2648468411143547,0.0,1.7,2.3
3.8619999999997967,0.270383139322674,0.8551170505904092,1.2646155629620826,0.0,1.7,2.3
3.8639999999997965,0.2706821184261901,0.8565282058342899,1.264334421763948,0.0,1.7,2.3
3.8659999999997963,0.2709587005723329,0.8579622409178834,1.2640709524807785,0.0,1.7,2.3
3.867999999999796,0.2712193405297836,0.8594106127082273,1.2638045230337338,0.0,1.7,2.3
3.869999999999796,0.27147614548752463,0.8608568007306537,1.2634952496621563,0.0,1.7,2.3
3.8719999999997956,0.2716956706680731,0.8623453234704511,1.263251186085986,0.0,1.7,2.3
3.8739999999997954,0.2719330182601277,0.8638032211253895,1.2628954284772962,0.0,1.7,2.3
3.875999999999795,0.27211319180700544,0.8653287946801558,1.262666791604743,0.0,1.7,2.3
3.877999999999795,0.27232542824972705,0.8668056893079507,1.2622826742931583,0.0,1.7,2.3
3.8799999999997947,0.2724737126292406,0.8683579943378057,1.2620449726246208,0.0,1.7,2.3
3.8819999999997945,0.27265241598437906,0.8698644272787323,1.261658634830529,0.0,1.7,2.3
3.8839999999997943,0.27277577803566067,0.8714341677554457,1.2613897914304035,0.0,1.7,2.3
3.885999999999794,0.2729154470324855,0.8729765785266258,1.2610175202848872,0.0,1.7,2.3
3.887999999999794,0.2730179748162775,0.8745584313308298,1.2607050619472524,0.0,1.7,2.3
3.8899999999997936,0.2731138116393702,0.8761421155403474,1.2603604804598605,0.0,1.7,2.3
3.8919999999997934,0.27319978144530815,0.8777307200108714,1.2599917821629159,0.0,1.7,2.3
3.893999999999793,0.2732482258329872,0.8793592395678296,1.259684397619116,0.0,1.7,2.3
3.895999999999793,0.273319251740523,0.8809527055912131,1.2592552607205554,0.0,1.7,2.3
3.8979999999997927,0.27332073070791696,0.8826246144429534,1.2589824133154512,0.0,1.7,2.3
3.8999999999997925,0.27337325969242837,0.8842273811631485,1.2585041537033703,0.0,1.7,2.3
3.9019999999997923,0.27333407044323177,0.8859342089880179,1.258245947800049,0.0,1.7,2.3
3.903999999999792,0.2733576619042746,0.8875587698687808,1.2577498096075417,0.0,1.7,2.3
3.905999999999792,0.27328912305498987,0.8892863793643255,1.25747227246018,0.0,1.7,2.3
3.9079999999997916,0.27327321851045505,0.8909448913921599,1.2569889392926996,0.0,1.7,2.3
3.9099999999997914,0.2731836457468884,0.8926832141912796,1.256667895294586,0.0,1.7,2.3
3.911999999999791,0.27312258067585193,0.8943816470306664,1.2562130384459436,0.0,1.7,2.3
3.913999999999791,0.2730146750604409,0.8961275104336047,1.2558412035490245,0.0,1.7,2.3
3.9159999999997908,0.2729074163543908,0.8978662483406745,1.2554168238047083,0.0,1.7,2.3
3.9179999999997905,0.2727802268966411,0.8996207774416741,1.2549975428291704,0.0,1.7,2.3
3.9199999999997903,0.27262785250115984,0.9013977660404583,1.2545996452389718,0.0,1.7,2.3
3.92199999999979,0.27247913728959405,0.9031634967138843,1.254139826722743,0.0,1.7,2.3
3.92399999999979,0.27228496134378755,0.904974232397873,1.2537582986342386,0.0,1.7,2.3
3.9259999999997897,0.2721097839638778,0.9067566173931111,1.2532722477560279,0.0,1.7,2.3
3.9279999999997894,0.27187927578004784,0.9085943535109102,1.25289127577953,0.0,1.7,2.3
3.929999999999789,0.2716724364120489,0.9103989277932738,1.2523936913995815,0.0,1.7,2.3
3.931999999999789,0.2714092430338171,0.9122591637482054,1.2520029699103168,0.0,1.7,2.3
3.9339999999997888,0.2711678262227751,0.9140887409777784,1.2515018952550037,0.0,1.7,2.3
3.9359999999997886,0.2708739958721346,0.915968874168522,1.2510958186723038,0.0,1.7,2.3
3.9379999999997883,0.27059582685667805,0.9178253492050346,1.250597112231658,0.0,1.7,2.3
3.939999999999788,0.27027265349748225,0.9197236706671489,1.2501722993129616,0.0,1.7,2.3
3.941999999999788,0.26995744235685715,0.9216068462264665,1.249676604485459,0.0,1.7,2.3
3.9439999999997877,0.2696036747241823,0.9235244024002331,1.2492366933194305,0.0,1.7,2.3
3.9459999999997875,0.26925354944043717,0.9254315256174764,1.2487381508780788,0.0,1.7,2.3
3.9479999999997872,0.26886628274575397,0.9273710431172798,1.248291186448568,0.0,1.7,2.3
3.949999999999787,0.26848384067630027,0.9292989677495801,1.247782857727078,0.0,1.7,2.3
3.951999999999787,0.2680610533591762,0.9312621348650094,1.2473343782321147,0.0,1.7,2.3
3.9539999999997866,0.26764567059777433,0.9332111367705594,1.2468181091560302,0.0,1.7,2.3
3.9559999999997864,0.2671904392567521,0.9351943449076426,1.2463600153580245,0.0,1.7,2.3
3.957999999999786,0.26673824446866484,0.9371679908831198,1.245846287405938,0.0,1.7,2.3
3.959999999999786,0.26625338533131526,0.9391680176607464,1.2453713709297045,0.0,1.7,2.3
3.9619999999997857,0.2657629640029934,0.9411672490755875,1.2448640221033327,0.0,1.7,2.3
3.9639999999997855,0.26524952461739926,0.9431827605260447,1.2443699132581931,0.0,1.7,2.3
3.9659999999997853,0.26471846128349086,0.9452094471467467,1.2438753764296522,0.0,1.7,2.3
3.967999999999785,0.2641780153229512,0.9472386180449459,1.2433583887418953,0.0,1.7,2.3
3.969999999999785,0.2636065492885864,0.9492919401873668,1.2428761212287476,0.0,1.7,2.3
3.9719999999997846,0.2630371552486615,0.9513364389458574,1.2423418219044515,0.0,1.7,2.3
3.9739999999997844,0.2624279980228637,0.9534131913763179,1.241864927464821,0.0,1.7,2.3
3.975999999999784,0.261827637099263,0.9554746885149592,1.2413190299895873,0.0,1.7,2.3
3.977999999999784,0.2611825354121913,0.9575727028919468,1.240843279144893,0.0,1.7,2.3
3.9799999999997837,0.2605493328311246,0.9596526441338905,1.2402910663620366,0.0,1.7,2.3
3.9819999999997835,0.2598689282390365,0.9617708533593584,1.2398151775016002,0.0,1.7,2.3
3.9839999999997833,0.2592027195996221,0.9638690012894395,1.2392575018339544,0.0,1.7,2.3
3.985999999999783,0.2584870592037536,0.9660069203697494,1.2387817874511362,0.0,1.7,2.3
3.987999999999783,0.25778830829818816,0.9681224531427237,1.2382179320206494,0.0,1.7,2.3
3.9899999999997826,0.2570360556116147,0.9702808667749998,1.2377462783219837,0.0,1.7,2.3
3.9919999999997824,0.2563074302965365,0.9724109688054852,1.2371699647015637,0.0,1.7,2.3
3.993999999999782,0.2555161520793253,0.9745916032326128,1.2367090529873892,0.0,1.7,2.3
3.995999999999782,0.25475748566348655,0.9767361169347648,1.2361213106874462,0.0,1.7,2.3
3.9979999999997817,0.2539308773740749,0.9789350920520388,1.235662253198111,0.0,1.7,2.3
3.9999999999997815,0.25313570410986896,0.9810994810459275,1.2350800991793753,0.0,1.7,2.3
4.001999999999781,0.2522822821819439,0.9833087767185513,1.2346019536539163,0.0,1.7,2.3
4.003999999999781,0.25144131295559025,0.9855005890138236,1.2340493405162916,0.0,1.7,2.3
4.005999999999781,0.25057042842103844,0.9877114607707916,1.233529132289716,0.0,1.7,2.3
4.007999999999781,0.24967469391922514,0.9899376382767798,1.2330291307152792,0.0,1.7,2.3
4.00999999999978,0.2487930667391245,0.9921444115238984,1.2324509750418553,0.0,1.7,2.3
4.01199999999978,0.24784023043586767,0.9944061128790858,1.2320100237698395,0.0,1.7,2.3
4.01399999999978,0.24694555588950157,0.9966109751870922,1.2313807436359843,0.0,1.7,2.3
4.01599999999978,0.24594402597578616,0.9989000760527986,1.2309782982318915,0.0,1.7,2.3
4.0179999999997795,0.24502374578438,1.001113701036738,1.2303303581221523,0.0,1.7,2.3
4.019999999999779,0.24398869725099132,1.0034167214118008,1.2299290997325232,0.0,1.7,2.3
4.021999999999779,0.24302728022816789,1.005651757375205,1.2293022598986476,0.0,1.7,2.3
4.023999999999779,0.24197251256661348,1.0079569044448136,1.2288685291623391,0.0,1.7,2.3
4.025999999999779,0.24095876899762367,1.010221853737825,1.228291579472713,0.0,1.7,2.3
4.027999999999778,0.23989374854794393,1.012521369682537,1.2278026849359889,0.0,1.7,2.3
4.029999999999778,0.23882168333748616,1.0148201227340385,1.227291431444369,0.0,1.7,2.3
4.031999999999778,0.23774803926717505,1.0171128579995656,1.2267443167222365,0.0,1.7,2.3
4.033999999999778,0.2366223228227303,1.0194406078427314,1.2262879704116147,0.0,1.7,2.3
4.0359999999997775,0.2355309497512957,1.0217339257257507,1.2257064083393412,0.0,1.7,2.3
4.037999999999777,0.2343630920656737,1.0240806734404448,1.2252771813250232,0.0,1.7,2.3
4.039999999999777,0.23324267411123567,1.0263832965353554,1.2246904641177825,0.0,1.7,2.3
4.041999999999777,0.2320435728409011,1.0287399468008906,1.2242621656122443,0.0,1.7,2.3
4.043999999999777,0.23088485002980455,1.0310585820868328,1.2236944927662,0.0,1.7,2.3
4.045999999999776,0.22966261594941492,1.0334185581183992,1.2232479136292846,0.0,1.7,2.3
4.047999999999776,0.22845996977279215,1.0357568101833896,1.2227144647613484,0.0,1.7,2.3
4.049999999999776,0.22721871741743055,1.0381168188116472,1.2222403813495961,0.0,1.7,2.3
4.051999999999776,0.22597062380871633,1.04047503174608,1.2217461847234248,0.0,1.7,2.3
4.053999999999776,0.22470993077795184,1.0428352576006779,1.2212467357534686,0.0,1.7,2.3
4.055999999999775,0.22341967918558134,1.045210195109748,1.220784820926416,0.0,1.7,2.3
4.057999999999775,0.2221348372826631,1.0475738930744438,1.22027294312536,0.0,1.7,2.3
4.059999999999775,0.2208086749738339,1.049960310523453,1.2198289223743486,0.0,1.7,2.3
4.061999999999775,0.2194939922443181,1.0523312408284267,1.2193201264910314,0.0,1.7,2.3
4.0639999999997745,0.21813805689226753,1.0547242048780583,1.2188798446010798,0.0,1.7,2.3
4.065999999999774,0.21678864254997196,1.0571053304599503,1.2183877612655305,0.0,1.7,2.3
4.067999999999774,0.21540746601498512,1.0595012466849945,1.2179410525879828,0.0,1.7,2.3
4.069999999999774,0.21402037978585936,1.061893979595975,1.2174745314051088,0.0,1.7,2.3
4.071999999999774,0.21261584839928097,1.0642912161934723,1.217017880821934,0.0,1.7,2.3
4.073999999999773,0.2111914528007764,1.066694606387844,1.2165775108122756,0.0,1.7,2.3
4.075999999999773,0.20976250991820117,1.0690935631384317,1.2161148810919293,0.0,1.7,2.3
4.077999999999773,0.20830468677131925,1.071504335745071,1.2156923194819549,0.0,1.7,2.3
4.079999999999773,0.20684670330785482,1.0739076963209853,1.215236880983564,0.0,1.7,2.3
4.0819999999997725,0.20536158175782565,1.07632126003512,1.2148179613097136,0.0,1.7,2.3
4.083999999999772,0.20387019064233403,1.0787313326973833,1.214382410331985,0.0,1.7,2.3
4.085999999999772,0.20235961143218886,1.0811460513267859,1.2139638630153498,0.0,1.7,2.3
4.087999999999772,0.20083628528352587,1.083561259427057,1.2135460384832433,0.0,1.7,2.3
4.089999999999772,0.1992987142417427,1.0859776681025843,1.213133299388462,0.0,1.7,2.3
4.091999999999771,0.19774534739518257,1.088396220653692,1.212729951157741,0.0,1.7,2.3
4.093999999999771,0.19618124414503238,1.090813553098239,1.2123233770705393,0.0,1.7,2.3
4.095999999999771,0.19459728904526533,1.0932352025000434,1.2119376026551414,0.0,1.7,2.3
4.097999999999771,0.19300921248530709,1.095651442678846,1.2115320798885865,0.0,1.7,2.3
4.0999999999997705,0.1913921685371378,1.0980770395053345,1.2111722095554491,0.0,1.7,2.3
4.10199999999977,0.18978198473319718,1.100490663750842,1.2107643743557805,0.0,1.7,2.3
4.10399999999977,0.18813427746134107,1.1029180878964144,1.2104259212152733,0.0,1.7,2.3
4.10599999999977,0.18649757938547773,1.105331221330671,1.210028973315209,0.0,1.7,2.3
4.10799999999977,0.1848256439045328,1.1077561675108945,1.2096967439962223,0.0,1.7,2.3
4.109999999999769,0.18315747827785772,1.1101710261914528,1.2093256363487659,0.0,1.7,2.3
4.111999999999769,0.18146690995038353,1.1125899270822828,1.208986361843155,0.0,1.7,2.3
4.113999999999769,0.1797624541025214,1.1150083943702367,1.2086560895933163,0.0,1.7,2.3
4.115999999999769,0.17805835380105065,1.117418184700313,1.2082975244363257,0.0,1.7,2.3
4.1179999999997685,0.17631604987006017,1.119840175371413,1.208014642137204,0.0,1.7,2.3
4.119999999999768,0.1745981583408552,1.122240807648055,1.2076387941085989,0.0,1.7,2.3
4.121999999999768,0.1728224764659783,1.1246630342507224,1.207393621583205,0.0,1.7,2.3
4.123999999999768,0.17108496662803757,1.1270572509275105,1.2070178025365783,0.0,1.7,2.3
4.125999999999768,0.16928400243614286,1.1294747953624182,1.2067904697592124,0.0,1.7,2.3
4.127999999999767,0.16751945320731032,1.131865817730964,1.206436880734723,0.0,1.7,2.3
4.129999999999767,0.16570090467700221,1.1342743159937758,1.2062080938211475,0.0,1.7,2.3
4.131999999999767,0.16390406747609235,1.1366639450212979,1.2058935266904387,0.0,1.7,2.3
4.133999999999767,0.16207402069864668,1.1390601565639977,1.205647924561637,0.0,1.7,2.3
4.1359999999997665,0.1602407099005976,1.1414494103394104,1.2053867214231695,0.0,1.7,2.3
4.137999999999766,0.1584032392013295,1.143831291053911,1.2051141493330586,0.0,1.7,2.3
4.139999999999766,0.15653296727661256,1.146219294663621,1.2049106281864372,0.0,1.7,2.3
4.141999999999766,0.15468652080615947,1.148587443549283,1.2046166812867491,0.0,1.7,2.3
4.143999999999766,0.15278464654628157,1.1509707479310138,1.2044585485157293,0.0,1.7,2.3
4.145999999999765,0.1509236283614032,1.1533273699021727,1.204160668140145,0.0,1.7,2.3
4.147999999999765,0.14899796600944365,1.155701763304218,1.2040281012139264,0.0,1.7,2.3
4.149999999999765,0.14711522938052507,1.1580493623397485,1.2037488742371008,0.0,1.7,2.3
4.151999999999765,0.14517462566433623,1.1604106224241026,1.2036183046549704,0.0,1.7,2.3
4.1539999999997645,0.14326351640335647,1.1627510931222502,1.2033796951409483,0.0,1.7,2.3
4.155999999999764,0.14131390040835085,1.1650965579665176,1.2032353536139417,0.0,1.7,2.3
4.157999999999764,0.13937252562829858,1.167429630593392,1.2030459370118367,0.0,1.7,2.3
4.159999999999764,0.1374141794554629,1.1697589779105704,1.2028884355744915,0.0,1.7,2.3
4.161999999999764,0.1354462800921981,1.1720822652956613,1.2027400684536538,0.0,1.7,2.3
4.1639999999997634,0.1334751993195837,1.1743966244480655,1.2025831078235867,0.0,1.7,2.3
4.165999999999763,0.1314864342814576,1.1767072838066714,1.2024614391994584,0.0,1.7,2.3
4.167999999999763,0.12949922510501308,1.1790073239024448,1.2023173929415736,0.0,1.7,2.3
4.169999999999763,0.1274938351110431,1.1813032686695308,1.2022118580597434,0.0,1.7,2.3
4.171999999999763,0.12548777548253348,1.1835892057215107,1.2020915545239537,0.0,1.7,2.3
4.173999999999762,0.12346937382213208,1.18586876091736,1.2019930964610381,0.0,1.7,2.3
4.175999999999762,0.12144380455396839,1.1881400261262736,1.2019012855026716,0.0,1.7,2.3
4.177999999999762,0.11941220863570318,1.1904027420554988,1.2018125910305968,0.0,1.7,2.3
4.179999999999762,0.1173706130777507,1.1926575992601154,1.2017408819331272,0.0,1.7,2.3
4.1819999999997615,0.11532344228296393,1.19490354347261,1.2016718789829623,0.0,1.7,2.3
4.183999999999761,0.11326969892465621,1.1971403606856945,1.2016101601434963,0.0,1.7,2.3
4.185999999999761,0.11120466622192123,1.1993693719610943,1.2015709743511918,0.0,1.7,2.3
4.187999999999761,0.10914247088205863,1.2015867938848739,1.2015092059697858,0.0,1.7,2.3
4.189999999999761,0.10705733972498388,1.2037984858228892,1.2015103402450324,0.0,1.7,2.3
4.19199999999976,0.10498942472072219,1.205995576332162,1.201441199409083,0.0,1.7,2.3
4.19399999999976,0.10288468677590026,1.2081888443829545,1.2014844157043432,0.0,1.7,2.3
4.19599999999976,0.10081012854235855,1.2103654824571028,1.2014127126708998,0.0,1.7,2.3
4.19799999999976,0.09869045855963009,1.2125385303350187,1.2014853511148451,0.0,1.7,2.3
4.1999999999997595,0.0966049589825831,1.2146950100141303,1.201427930903291,0.0,1.7,2.3
4.201999999999759,0.09447648236889711,1.2168461445181917,1.201511493478533,0.0,1.7,2.3
4.203999999999759,0.09237577118084828,1.218982380346278,1.201486069160436,0.0,1.7,2.3
4.205999999999759,0.09024321181484932,1.221110502374003,1.2015660075451406,0.0,1.7,2.3
4.207999999999759,0.08812488952986267,1.2232258235038942,1.2015845654388908,0.0,1.7,2.3
4.209999999999758,0.0859916678227463,1.2253303066583507,1.2016501800466153,0.0,1.7,2.3
4.211999999999758,0.08385459445080373,1.2274236908778675,1.2017207762425646,0.0,1.7,2.3
4.213999999999758,0.08172236356493835,1.2295042800323461,1.2017672620291657,0.0,1.7,2.3
4.215999999999758,0.07956807701611118,1.2315744154951398,1.2018883540023284,0.0,1.7,2.3
4.2179999999997575,0.07743513711727319,1.2336310880716166,1.2019233329485892,0.0,1.7,2.3
4.219999999999757,0.07526792603610054,1.2356766648881512,1.2020827159456584,0.0,1.7,2.3
4.221999999999757,0.07313083342419968,1.2377092293471517,1.2021210573200674,0.0,1.7,2.3
4.223999999999757,0.07095649832105304,1.2397292901768695,1.2022997211708513,0.0,1.7,2.3
4.225999999999757,0.06881065258985258,1.2417371626568365,1.2023618902971736,0.0,1.7,2.3
4.227999999999756,0.0666346938080546,1.2437312291565779,1.202540699927416,0.0,1.7,2.3
4.229999999999756,0.0644774866032613,1.2457134399794787,1.202640500584187,0.0,1.7,2.3
4.231999999999756,0.062302528605280426,1.2476813298911935,1.2028107108331063,0.0,1.7,2.3
4.233999999999756,0.06013372655537118,1.2496367722040125,1.2029531249428074,0.0,1.7,2.3
4.2359999999997555,0.05796038967022796,1.251578329020069,1.203113724097439,0.0,1.7,2.3
4.237999999999755,0.05578304265851836,1.2535062184839976,1.2032900765416066,0.0,1.7,2.3
4.239999999999755,0.05360790793078845,1.255420748943015,1.2034573212180413,0.0,1.7,2.3
4.241999999999755,0.0514278473342347,1.2573209972869108,1.2036461425164318,0.0,1.7,2.3
4.243999999999755,0.049246820841226904,1.2592072545853954,1.203840538468781,0.0,1.7,2.3
4.245999999999754,0.04706845014048139,1.261080109747297,1.204024949283104,0.0,1.7,2.3
4.247999999999754,0.04487991125055429,1.2629368068280313,1.204257548021571,0.0,1.7,2.3
4.249999999999754,0.04270439367314924,1.2647822479441604,1.2044340477378581,0.0,1.7,2.3
4.251999999999754,0.040511061660909,1.2666089220521037,1.204696660302466,0.0,1.7,2.3
4.2539999999997535,0.038335346982019444,1.2684258882477633,1.2048811918630238,0.0,1.7,2.3
4.255999999999753,0.03614250970486656,1.27022309148669,1.2051526697539268,0.0,1.7,2.3
4.257999999999753,0.03396289514307723,1.2720098587651925,1.2053657219633114,0.0,1.7,2.3
4.259999999999753,0.03177516429052298,1.2737785706923026,1.2056262481995903,0.0,1.7,2.3
4.261999999999753,0.029588961708734547,1.2755331677011776,1.2058851887707172,0.0,1.7,2.3
4.263999999999752,0.027409540727796312,1.2772744459155843,1.2061201312638294,0.0,1.7,2.3
4.265999999999752,0.02521638980513921,1.2789953421125084,1.2064320622372373,0.0,1.7,2.3
4.267999999999752,0.023045003804098806,1.280709200311325,1.2066433848684772,0.0,1.7,2.3
4.269999999999752,0.02084870697290147,1.2823965744462003,1.2069941574678742,0.0,1.7,2.3
4.2719999999997516,0.018681319174502217,1.2840811562413792,1.207204093580596,0.0,1.7,2.3
4.273999999999751,0.01648795495501294,1.2857368293339355,1.2075657216818996,0.0,1.7,2.3
4.275999999999751,0.01432030330648339,1.287389439408412,1.2078000311672188,0.0,1.7,2.3
4.277999999999751,0.012133875412662918,1.2890150023268596,1.208153191662364,0.0,1.7,2.3
4.279999999999751,0.009965223713821827,1.2906341886829085,1.2084202767323784,0.0,1.7,2.3
4.2819999999997505,0.007786218043288147,1.2922297159727572,1.2087638772686533,0.0,1.7,2.3
4.28399999999975,0.005618010946066609,1.2938151791001382,1.2090602012067997,0.0,1.7,2.3
4.28599999999975,0.0034462757757152455,1.2953803512867468,1.2093968352442837,0.0,1.7,2.3
4.28799999999975,0.0012799700167196242,1.2969319757167486,1.209718257678158,0.0,1.7,2.3
4.28999999999975,-0.0008848099766868306,1.2984662480812246,1.2100518732019763,0.0,1.7,2.3
4.291999999999749,-0.0030477719497726736,1.2999840784600774,1.2103938166086154,0.0,1.7,2.3
4.293999999999749,-0.005205574335595692,1.301487047625102,1.2107266375186427,0.0,1.7,2.3
4.295999999999749,-0.007364420767506738,1.3029707397253305,1.2110883482479033,0.0,1.7,2.3
4.297999999999749,-0.009514666937907233,1.3044424237662386,1.2114191347369472,0.0,1.7,2.3
4.2999999999997485,-0.011668675805907504,1.305891639450615,1.2118000529676995,0.0,1.7,2.3
4.301999999999748,-0.013810981938554921,1.3073319448287433,1.2121286690036686,0.0,1.7,2.3
4.303999999999748,-0.015959113465998005,1.3087467111109181,1.21252586187866,0.0,1.7,2.3
4.305999999999748,-0.018093623010957332,1.3101550029139855,1.2128559483527888,0.0,1.7,2.3
4.307999999999748,-0.020234682853113323,1.3115356382332455,1.2132649544441796,0.0,1.7,2.3
4.309999999999747,-0.02236132715562928,1.3129113916435788,1.213599012774193,0.0,1.7,2.3
4.311999999999747,-0.02449450739674427,1.3142579427463106,1.2140177296192352,0.0,1.7,2.3
4.313999999999747,-0.026613221656024984,1.3156005291937949,1.2143586440583367,0.0,1.7,2.3
4.315999999999747,-0.028736873033946092,1.3169142701257885,1.214777725594375,0.0,1.7,2.3
4.3179999999997465,-0.03084869785762783,1.3182214498429452,1.2151379394364956,0.0,1.7,2.3
4.319999999999746,-0.03296066270789211,1.3195048160048983,1.215542205562845,0.0,1.7,2.3
4.321999999999746,-0.035066432118572785,1.3207740818530664,1.2159343798156321,0.0,1.7,2.3
4.323999999999746,-0.03716539264842547,1.3220289570981747,1.2163135579516824,0.0,1.7,2.3
4.325999999999746,-0.03926496057664022,1.3232587568545524,1.2167435844416892,0.0,1.7,2.3
4.327999999999745,-0.04135066812249042,1.324485753208587,1.217095616323069,0.0,1.7,2.3
4.329999999999745,-0.043442469719198046,1.3256767713278834,1.2175565895114355,0.0,1.7,2.3
4.331999999999745,-0.045516478165317883,1.3268732754000514,1.2178970716422837,0.0,1.7,2.3
4.333999999999745,-0.04759725435856159,1.328029876670588,1.2183632226187582,0.0,1.7,2.3
4.3359999999997445,-0.04966219626334191,1.3291902193313205,1.2187223125434088,0.0,1.7,2.3
4.337999999999744,-0.05172876116334219,1.3303181166215998,1.2191633556855592,0.0,1.7,2.3
4.339999999999744,-0.05378612837271781,1.3314373658825216,1.2195646930385562,0.0,1.7,2.3
4.341999999999744,-0.055837021271121515,1.3325401591246149,1.2199637665339331,0.0,1.7,2.3
4.343999999999744,-0.05788643333670499,1.3336164710143237,1.2204136291067185,0.0,1.7,2.3
4.345999999999743,-0.05992199878436036,1.3346942454714088,1.2207725452897489,0.0,1.7,2.3
4.347999999999743,-0.06196164910519077,1.3357292162513452,1.2212601111178447,0.0,1.7,2.3
4.349999999999743,-0.06398331734326004,1.336778836509305,1.2215958786940748,0.0,1.7,2.3
4.351999999999743,-0.06601074222496162,1.337776835723474,1.2220981830728748,0.0,1.7,2.3
4.3539999999997425,-0.06802026697752778,1.3387928446405528,1.2224372584561494,0.0,1.7,2.3
4.355999999999742,-0.07003301116130903,1.3397600540043992,1.2229248267929378,0.0,1.7,2.3
